{
"type": "FeatureCollection",
"name": "historico_combinado",
"crs": { "type": "name", "properties": { "name": "urn:ogc:def:crs:OGC:1.3:CRS84" } },
"features": [
{ "type": "Feature", "properties": { "sensor_index": 278863, "name": "Rio Balsas", "timestamp": "2026-09-08T16:06:05.322148+00:00", "pm1_0": 20.1, "pm2_5": 26.2, "latitude": 25.662691, "longitude": -100.37312 }, "geometry": { "type": "Point", "coordinates": [ -100.37312, 25.662691 ] } },
{ "type": "Feature", "properties": { "sensor_index": 278869, "name": "Veredalta", "timestamp": "2026-09-08T16:06:05.322148+00:00", "pm1_0": 18.7, "pm2_5": 23.5, "latitude": 25.638226, "longitude": -100.3525 }, "geometry": { "type": "Point", "coordinates": [ -100.3525, 25.638226 ] } },
{ "type": "Feature", "properties": { "sensor_index": 278871, "name": "Parroquia Reina de Los Ángeles", "timestamp": "2026-09-08T16:06:05.322148+00:00", "pm1_0": 13.3, "pm2_5": 21.0, "latitude": 25.636341, "longitude": -100.36872 }, "geometry": { "type": "Point", "coordinates": [ -100.36872, 25.636341 ] } },
{ "type": "Feature", "properties": { "sensor_index": 278875, "name": "Secretaría de Relaciones Exteriores", "timestamp": "2026-09-08T16:06:05.322148+00:00", "pm1_0": 19.9, "pm2_5": 27.2, "latitude": 25.667723, "longitude": -100.38136 }, "geometry": { "type": "Point", "coordinates": [ -100.38136, 25.667723 ] } },
{ "type": "Feature", "properties": { "sensor_index": 278883, "name": "Mater International Institute", "timestamp": "2026-09-08T16:06:05.322148+00:00", "pm1_0": 19.4, "pm2_5": 25.5, "latitude": 25.641127, "longitude": -100.362755 }, "geometry": { "type": "Point", "coordinates": [ -100.362755, 25.641127 ] } },
{ "type": "Feature", "properties": { "sensor_index": 278889, "name": "Chipinque Meseta", "timestamp": "2026-09-08T16:06:05.322148+00:00", "pm1_0": 19.9, "pm2_5": 29.5, "latitude": 25.607624, "longitude": -100.355156 }, "geometry": { "type": "Point", "coordinates": [ -100.355156, 25.607624 ] } },
{ "type": "Feature", "properties": { "sensor_index": 278901, "name": "OFICINAS SAN PEDRO PARQUES", "timestamp": "2026-09-08T16:06:05.322148+00:00", "pm1_0": 19.4, "pm2_5": 24.8, "latitude": 25.644024, "longitude": -100.376305 }, "geometry": { "type": "Point", "coordinates": [ -100.376305, 25.644024 ] } },
{ "type": "Feature", "properties": { "sensor_index": 278919, "name": "Residencia Tabachín", "timestamp": "2026-09-08T16:06:05.322148+00:00", "pm1_0": 15.3, "pm2_5": 20.7, "latitude": 25.630367, "longitude": -100.34808 }, "geometry": { "type": "Point", "coordinates": [ -100.34808, 25.630367 ] } },
{ "type": "Feature", "properties": { "sensor_index": 278929, "name": "Rio Caura", "timestamp": "2026-09-08T16:06:05.322148+00:00", "pm1_0": 20.7, "pm2_5": 29.0, "latitude": 25.659946, "longitude": -100.38283 }, "geometry": { "type": "Point", "coordinates": [ -100.38283, 25.659946 ] } },
{ "type": "Feature", "properties": { "sensor_index": 278931, "name": "Residencia Platon", "timestamp": "2026-09-08T16:06:05.322148+00:00", "pm1_0": 18.8, "pm2_5": 24.3, "latitude": 25.630522, "longitude": -100.36023 }, "geometry": { "type": "Point", "coordinates": [ -100.36023, 25.630522 ] } },
{ "type": "Feature", "properties": { "sensor_index": 278937, "name": "Residencia Saqqara", "timestamp": "2026-09-08T16:06:05.322148+00:00", "pm1_0": 21.6, "pm2_5": 28.8, "latitude": 25.652473, "longitude": -100.349236 }, "geometry": { "type": "Point", "coordinates": [ -100.349236, 25.652473 ] } },
{ "type": "Feature", "properties": { "sensor_index": 278939, "name": "Residencia Rio Rosas", "timestamp": "2026-09-08T16:06:05.322148+00:00", "pm1_0": 19.9, "pm2_5": 26.6, "latitude": 25.656303, "longitude": -100.36027 }, "geometry": { "type": "Point", "coordinates": [ -100.36027, 25.656303 ] } },
{ "type": "Feature", "properties": { "sensor_index": 278951, "name": "Parque El Capitán", "timestamp": "2026-09-08T16:06:05.322148+00:00", "pm1_0": 20.8, "pm2_5": 27.1, "latitude": 25.663504, "longitude": -100.35734 }, "geometry": { "type": "Point", "coordinates": [ -100.35734, 25.663504 ] } },
{ "type": "Feature", "properties": { "sensor_index": 278957, "name": "Los Pinos", "timestamp": "2026-09-08T16:06:05.322148+00:00", "pm1_0": 16.7, "pm2_5": 23.6, "latitude": 25.672205, "longitude": -100.397354 }, "geometry": { "type": "Point", "coordinates": [ -100.397354, 25.672205 ] } },
{ "type": "Feature", "properties": { "sensor_index": 278959, "name": "Colegio Nobel", "timestamp": "2026-09-08T16:06:05.322148+00:00", "pm1_0": 18.4, "pm2_5": 26.4, "latitude": 25.657562, "longitude": -100.39641 }, "geometry": { "type": "Point", "coordinates": [ -100.39641, 25.657562 ] } },
{ "type": "Feature", "properties": { "sensor_index": 278955, "name": "Residencia San Mateo", "timestamp": "2026-09-08T16:06:05.322148+00:00", "pm1_0": 19.3, "pm2_5": 26.2, "latitude": 25.643766, "longitude": -100.31643 }, "geometry": { "type": "Point", "coordinates": [ -100.31643, 25.643766 ] } },
{ "type": "Feature", "properties": { "sensor_index": 279836, "name": "San Roberto International School San Agustin", "timestamp": "2026-09-08T16:06:05.322148+00:00", "pm1_0": 20.1, "pm2_5": 27.3, "latitude": 25.646032, "longitude": -100.338165 }, "geometry": { "type": "Point", "coordinates": [ -100.338165, 25.646032 ] } },
{ "type": "Feature", "properties": { "sensor_index": 279834, "name": "Colegio Ingles Campus Encino", "timestamp": "2026-09-08T16:06:05.322148+00:00", "pm1_0": 21.0, "pm2_5": 28.7, "latitude": 25.637669, "longitude": -100.33746 }, "geometry": { "type": "Point", "coordinates": [ -100.33746, 25.637669 ] } },
{ "type": "Feature", "properties": { "sensor_index": 279854, "name": "Pinos", "timestamp": "2026-09-08T16:06:05.322148+00:00", "pm1_0": 17.0, "pm2_5": 19.6, "latitude": 25.65975, "longitude": -100.349976 }, "geometry": { "type": "Point", "coordinates": [ -100.349976, 25.65975 ] } },
{ "type": "Feature", "properties": { "sensor_index": 279866, "name": "Lomas del Campestre", "timestamp": "2026-09-08T16:06:05.322148+00:00", "pm1_0": 20.4, "pm2_5": 26.8, "latitude": 25.638052, "longitude": -100.33173 }, "geometry": { "type": "Point", "coordinates": [ -100.33173, 25.638052 ] } },
{ "type": "Feature", "properties": { "sensor_index": 279890, "name": "María Desatadora de Nudos", "timestamp": "2026-09-08T16:06:05.322148+00:00", "pm1_0": 19.8, "pm2_5": 27.0, "latitude": 25.624146, "longitude": -100.37315 }, "geometry": { "type": "Point", "coordinates": [ -100.37315, 25.624146 ] } },
{ "type": "Feature", "properties": { "sensor_index": 279926, "name": "Parque Mississippi", "timestamp": "2026-09-08T16:06:05.322148+00:00", "pm1_0": 20.1, "pm2_5": 24.7, "latitude": 25.657495, "longitude": -100.36317 }, "geometry": { "type": "Point", "coordinates": [ -100.36317, 25.657495 ] } },
{ "type": "Feature", "properties": { "sensor_index": 280524, "name": "Privada Paso de la Sierra", "timestamp": "2026-09-08T16:06:05.322148+00:00", "pm1_0": 18.0, "pm2_5": 22.0, "latitude": 25.648457, "longitude": -100.36256 }, "geometry": { "type": "Point", "coordinates": [ -100.36256, 25.648457 ] } },
{ "type": "Feature", "properties": { "sensor_index": 280520, "name": "Irish International School Campus First School", "timestamp": "2026-09-08T16:06:05.322148+00:00", "pm1_0": 21.2, "pm2_5": 28.5, "latitude": 25.639212, "longitude": -100.34154 }, "geometry": { "type": "Point", "coordinates": [ -100.34154, 25.639212 ] } },
{ "type": "Feature", "properties": { "sensor_index": 280532, "name": "Museo La Milarca", "timestamp": "2026-09-08T16:06:05.322148+00:00", "pm1_0": 17.8, "pm2_5": 22.0, "latitude": 25.64443, "longitude": -100.32734 }, "geometry": { "type": "Point", "coordinates": [ -100.32734, 25.64443 ] } },
{ "type": "Feature", "properties": { "sensor_index": 280534, "name": "Residencia Savotino", "timestamp": "2026-09-08T16:06:05.322148+00:00", "pm1_0": 21.5, "pm2_5": 28.7, "latitude": 25.662497, "longitude": -100.36313 }, "geometry": { "type": "Point", "coordinates": [ -100.36313, 25.662497 ] } },
{ "type": "Feature", "properties": { "sensor_index": 280644, "name": "Residencia nogal", "timestamp": "2026-09-08T16:06:05.322148+00:00", "pm1_0": 20.0, "pm2_5": 28.2, "latitude": 25.61478, "longitude": -100.368286 }, "geometry": { "type": "Point", "coordinates": [ -100.368286, 25.61478 ] } },
{ "type": "Feature", "properties": { "sensor_index": 280900, "name": "Rio Necaxa", "timestamp": "2026-09-08T16:06:05.322148+00:00", "pm1_0": 20.6, "pm2_5": 28.3, "latitude": 25.65677, "longitude": -100.344666 }, "geometry": { "type": "Point", "coordinates": [ -100.344666, 25.65677 ] } },
{ "type": "Feature", "properties": { "sensor_index": 280902, "name": "Residencia Rio Pesqueria", "timestamp": "2026-09-08T16:06:05.322148+00:00", "pm1_0": 20.8, "pm2_5": 26.9, "latitude": 25.658936, "longitude": -100.37394 }, "geometry": { "type": "Point", "coordinates": [ -100.37394, 25.658936 ] } },
{ "type": "Feature", "properties": { "sensor_index": 284960, "name": "Esquina Barranquilla y Patagonia (Altavista)", "timestamp": "2026-09-08T16:06:05.322148+00:00", "pm1_0": 24.7, "pm2_5": 33.2, "latitude": 25.644045, "longitude": -100.29044 }, "geometry": { "type": "Point", "coordinates": [ -100.29044, 25.644045 ] } },
{ "type": "Feature", "properties": { "sensor_index": 286238, "name": "Oasis", "timestamp": "2026-09-08T16:06:05.322148+00:00", "pm1_0": 18.9, "pm2_5": 23.5, "latitude": 25.640884, "longitude": -100.30304 }, "geometry": { "type": "Point", "coordinates": [ -100.30304, 25.640884 ] } },
{ "type": "Feature", "properties": { "sensor_index": 286240, "name": "Casa Naranjos", "timestamp": "2026-09-08T16:06:05.322148+00:00", "pm1_0": 25.2, "pm2_5": 33.6, "latitude": 25.654285, "longitude": -100.28977 }, "geometry": { "type": "Point", "coordinates": [ -100.28977, 25.654285 ] } },
{ "type": "Feature", "properties": { "sensor_index": 288064, "name": "Terminal", "timestamp": "2026-09-08T16:06:05.322148+00:00", "pm1_0": 28.0, "pm2_5": 37.8, "latitude": 25.686438, "longitude": -100.29351 }, "geometry": { "type": "Point", "coordinates": [ -100.29351, 25.686438 ] } },
{ "type": "Feature", "properties": { "sensor_index": 288066, "name": "Hospital de San Vicente", "timestamp": "2026-09-08T16:06:05.322148+00:00", "pm1_0": 24.5, "pm2_5": 32.4, "latitude": 25.67851, "longitude": -100.324974 }, "geometry": { "type": "Point", "coordinates": [ -100.324974, 25.67851 ] } },
{ "type": "Feature", "properties": { "sensor_index": 288332, "name": "Facultad de Salud Pública y Nutrición", "timestamp": "2026-09-08T16:06:05.322148+00:00", "pm1_0": 22.2, "pm2_5": 29.4, "latitude": 25.688875, "longitude": -100.34783 }, "geometry": { "type": "Point", "coordinates": [ -100.34783, 25.688875 ] } },
{ "type": "Feature", "properties": { "sensor_index": 292893, "name": "TEC-AMM-RB-005", "timestamp": "2026-09-08T16:06:05.322148+00:00", "pm1_0": 27.8, "pm2_5": 38.2, "latitude": 25.658117, "longitude": -100.26312 }, "geometry": { "type": "Point", "coordinates": [ -100.26312, 25.658117 ] } },
{ "type": "Feature", "properties": { "sensor_index": 292895, "name": "TEC-AMM-RD-004", "timestamp": "2026-09-08T16:06:05.322148+00:00", "pm1_0": 26.9, "pm2_5": 36.7, "latitude": 25.774128, "longitude": -100.26622 }, "geometry": { "type": "Point", "coordinates": [ -100.26622, 25.774128 ] } },
{ "type": "Feature", "properties": { "sensor_index": 292889, "name": "TEC-AMM-RB-003", "timestamp": "2026-09-08T16:06:05.322148+00:00", "pm1_0": 27.7, "pm2_5": 38.1, "latitude": 25.654068, "longitude": -100.22748 }, "geometry": { "type": "Point", "coordinates": [ -100.22748, 25.654068 ] } },
{ "type": "Feature", "properties": { "sensor_index": 292891, "name": "TEC-AMM-RC-004", "timestamp": "2026-09-08T16:06:05.322148+00:00", "pm1_0": 27.3, "pm2_5": 36.5, "latitude": 25.639277, "longitude": -100.17398 }, "geometry": { "type": "Point", "coordinates": [ -100.17398, 25.639277 ] } },
{ "type": "Feature", "properties": { "sensor_index": 292901, "name": "TEC-AMM-RF-004", "timestamp": "2026-09-08T16:06:05.322148+00:00", "pm1_0": 22.4, "pm2_5": 28.0, "latitude": 25.738094, "longitude": -100.30651 }, "geometry": { "type": "Point", "coordinates": [ -100.30651, 25.738094 ] } },
{ "type": "Feature", "properties": { "sensor_index": 292901, "name": "TEC-AMM-RF-004", "timestamp": "2026-09-08T16:06:05.322148+00:00", "pm1_0": 22.4, "pm2_5": 28.0, "latitude": 25.73373, "longitude": -100.31656 }, "geometry": { "type": "Point", "coordinates": [ -100.31656, 25.73373 ] } },
{ "type": "Feature", "properties": { "sensor_index": 292897, "name": "TEC-AMM-RF-005", "timestamp": "2026-09-08T16:06:05.322148+00:00", "pm1_0": 24.8, "pm2_5": 33.3, "latitude": 25.770947, "longitude": -100.36825 }, "geometry": { "type": "Point", "coordinates": [ -100.36825, 25.770947 ] } },
{ "type": "Feature", "properties": { "sensor_index": 292905, "name": "TEC-AMM-RC-006", "timestamp": "2026-09-08T16:06:05.322148+00:00", "pm1_0": 27.9, "pm2_5": 35.8, "latitude": 25.608519, "longitude": -100.1551 }, "geometry": { "type": "Point", "coordinates": [ -100.1551, 25.608519 ] } },
{ "type": "Feature", "properties": { "sensor_index": 292941, "name": "TEC-AMM-RD-005", "timestamp": "2026-09-08T16:06:05.322148+00:00", "pm1_0": 8.8, "pm2_5": 11.6, "latitude": 25.760899, "longitude": -100.16765 }, "geometry": { "type": "Point", "coordinates": [ -100.16765, 25.760899 ] } },
{ "type": "Feature", "properties": { "sensor_index": 292943, "name": "TEC-AMM-RC-005", "timestamp": "2026-09-08T16:06:05.322148+00:00", "pm1_0": 25.6, "pm2_5": 33.1, "latitude": 25.646128, "longitude": -100.14929 }, "geometry": { "type": "Point", "coordinates": [ -100.14929, 25.646128 ] } },
{ "type": "Feature", "properties": { "sensor_index": 292939, "name": "TEC-AMM-RA-001", "timestamp": "2026-09-08T16:06:05.322148+00:00", "pm1_0": 20.3, "pm2_5": 28.7, "latitude": 25.658657, "longitude": -100.399 }, "geometry": { "type": "Point", "coordinates": [ -100.399, 25.658657 ] } },
{ "type": "Feature", "properties": { "sensor_index": 292949, "name": "TEC-AMM-RA-003", "timestamp": "2026-09-08T16:06:05.322148+00:00", "pm1_0": 19.9, "pm2_5": 25.3, "latitude": 25.661757, "longitude": -100.36972 }, "geometry": { "type": "Point", "coordinates": [ -100.36972, 25.661757 ] } },
{ "type": "Feature", "properties": { "sensor_index": 292951, "name": "TEC-AMM-RB-004", "timestamp": "2026-09-08T16:06:05.322148+00:00", "pm1_0": 20.4, "pm2_5": 28.1, "latitude": 25.66194, "longitude": -100.3313 }, "geometry": { "type": "Point", "coordinates": [ -100.3313, 25.66194 ] } },
{ "type": "Feature", "properties": { "sensor_index": 292947, "name": "TEC-AMM-RA-004", "timestamp": "2026-09-08T16:06:05.322148+00:00", "pm1_0": 24.7, "pm2_5": 32.9, "latitude": 25.684696, "longitude": -100.36298 }, "geometry": { "type": "Point", "coordinates": [ -100.36298, 25.684696 ] } },
{ "type": "Feature", "properties": { "sensor_index": 292957, "name": "TEC-AMM-RC-008", "timestamp": "2026-09-08T16:06:05.322148+00:00", "pm1_0": 22.2, "pm2_5": 29.7, "latitude": 25.731503, "longitude": -100.13724 }, "geometry": { "type": "Point", "coordinates": [ -100.13724, 25.731503 ] } },
{ "type": "Feature", "properties": { "sensor_index": 292973, "name": "TEC-AMM-RC-003", "timestamp": "2026-09-08T16:06:05.322148+00:00", "pm1_0": 27.2, "pm2_5": 36.7, "latitude": 25.684975, "longitude": -100.17443 }, "geometry": { "type": "Point", "coordinates": [ -100.17443, 25.684975 ] } },
{ "type": "Feature", "properties": { "sensor_index": 292983, "name": "TEC-AMM-RC-007", "timestamp": "2026-09-08T16:06:05.322148+00:00", "pm1_0": 17.7, "pm2_5": 24.9, "latitude": 25.650148, "longitude": -100.11657 }, "geometry": { "type": "Point", "coordinates": [ -100.11657, 25.650148 ] } },
{ "type": "Feature", "properties": { "sensor_index": 292997, "name": "TEC-AMM-RF-004", "timestamp": "2026-09-08T16:06:05.322148+00:00", "pm1_0": 26.3, "pm2_5": 34.8, "latitude": 25.738094, "longitude": -100.30651 }, "geometry": { "type": "Point", "coordinates": [ -100.30651, 25.738094 ] } },
{ "type": "Feature", "properties": { "sensor_index": 292997, "name": "TEC-AMM-RF-004", "timestamp": "2026-09-08T16:06:05.322148+00:00", "pm1_0": 26.3, "pm2_5": 34.8, "latitude": 25.73373, "longitude": -100.31656 }, "geometry": { "type": "Point", "coordinates": [ -100.31656, 25.73373 ] } },
{ "type": "Feature", "properties": { "sensor_index": 292999, "name": "TEC-AMM-RE-002", "timestamp": "2026-09-08T16:06:05.322148+00:00", "pm1_0": 25.8, "pm2_5": 33.7, "latitude": 25.772509, "longitude": -100.31119 }, "geometry": { "type": "Point", "coordinates": [ -100.31119, 25.772509 ] } },
{ "type": "Feature", "properties": { "sensor_index": 293001, "name": "TEC-AMM-RF-006", "timestamp": "2026-09-08T16:06:05.322148+00:00", "pm1_0": 20.1, "pm2_5": 24.3, "latitude": 25.71829, "longitude": -100.37077 }, "geometry": { "type": "Point", "coordinates": [ -100.37077, 25.71829 ] } },
{ "type": "Feature", "properties": { "sensor_index": 293003, "name": "TEC-AMM-RB-006", "timestamp": "2026-09-08T16:06:05.322148+00:00", "pm1_0": 26.4, "pm2_5": 35.5, "latitude": 25.676483, "longitude": -100.29272 }, "geometry": { "type": "Point", "coordinates": [ -100.29272, 25.676483 ] } },
{ "type": "Feature", "properties": { "sensor_index": 293469, "name": "Leon Ortigosa ABP", "timestamp": "2026-09-08T16:06:05.322148+00:00", "pm1_0": 20.3, "pm2_5": 27.6, "latitude": 25.67212, "longitude": -100.33521 }, "geometry": { "type": "Point", "coordinates": [ -100.33521, 25.67212 ] } },
{ "type": "Feature", "properties": { "sensor_index": 293465, "name": "Loma Larga", "timestamp": "2026-09-08T16:06:05.322148+00:00", "pm1_0": 22.1, "pm2_5": 31.3, "latitude": 25.665812, "longitude": -100.34373 }, "geometry": { "type": "Point", "coordinates": [ -100.34373, 25.665812 ] } },
{ "type": "Feature", "properties": { "sensor_index": 293467, "name": "UMF37", "timestamp": "2026-09-08T16:06:05.322148+00:00", "pm1_0": 22.1, "pm2_5": 31.1, "latitude": 25.687622, "longitude": -100.342964 }, "geometry": { "type": "Point", "coordinates": [ -100.342964, 25.687622 ] } },
{ "type": "Feature", "properties": { "sensor_index": 33027, "name": "Lagos del Bosque", "timestamp": "2026-09-08T16:06:05.322148+00:00", "pm1_0": 11.9, "pm2_5": 19.5, "latitude": 25.600061, "longitude": -100.26256 }, "geometry": { "type": "Point", "coordinates": [ -100.26256, 25.600061 ] } },
{ "type": "Feature", "properties": { "sensor_index": 33117, "name": "Liceo de Monterrey", "timestamp": "2026-09-08T16:06:05.322148+00:00", "pm1_0": 23.6, "pm2_5": 36.5, "latitude": 25.650322, "longitude": -100.32849 }, "geometry": { "type": "Point", "coordinates": [ -100.32849, 25.650322 ] } },
{ "type": "Feature", "properties": { "sensor_index": 34441, "name": "Callejon de los Ayala", "timestamp": "2026-09-08T16:06:05.322148+00:00", "pm1_0": 4.1, "pm2_5": 7.0, "latitude": 25.6665, "longitude": -100.3976 }, "geometry": { "type": "Point", "coordinates": [ -100.3976, 25.6665 ] } },
{ "type": "Feature", "properties": { "sensor_index": 34499, "name": "San Patricio #106", "timestamp": "2026-09-08T16:06:05.322148+00:00", "pm1_0": 0.0, "pm2_5": 0.0, "latitude": 25.641743, "longitude": -100.3472 }, "geometry": { "type": "Point", "coordinates": [ -100.3472, 25.641743 ] } },
{ "type": "Feature", "properties": { "sensor_index": 34511, "name": "Rosario", "timestamp": "2026-09-08T16:06:05.322148+00:00", "pm1_0": 13.1, "pm2_5": 21.5, "latitude": 25.640432, "longitude": -100.392265 }, "geometry": { "type": "Point", "coordinates": [ -100.392265, 25.640432 ] } },
{ "type": "Feature", "properties": { "sensor_index": 38663, "name": "Rayon Norte", "timestamp": "2026-09-08T16:06:05.322148+00:00", "pm1_0": 14.2, "pm2_5": 19.1, "latitude": 25.678823, "longitude": -100.319695 }, "geometry": { "type": "Point", "coordinates": [ -100.319695, 25.678823 ] } },
{ "type": "Feature", "properties": { "sensor_index": 42211, "name": "RF", "timestamp": "2026-09-08T16:06:05.322148+00:00", "pm1_0": 11.3, "pm2_5": 15.8, "latitude": 25.61638, "longitude": -100.316124 }, "geometry": { "type": "Point", "coordinates": [ -100.316124, 25.61638 ] } },
{ "type": "Feature", "properties": { "sensor_index": 305140, "name": "Bicla", "timestamp": "2026-09-08T16:06:05.322148+00:00", "pm1_0": 24.4, "pm2_5": 34.4, "latitude": 25.700935, "longitude": -100.33541 }, "geometry": { "type": "Point", "coordinates": [ -100.33541, 25.700935 ] } },
{ "type": "Feature", "properties": { "sensor_index": 305164, "name": "NuevaMaderoDave", "timestamp": "2026-09-08T16:06:05.322148+00:00", "pm1_0": 26.3, "pm2_5": 35.6, "latitude": 25.688787, "longitude": -100.27929 }, "geometry": { "type": "Point", "coordinates": [ -100.27929, 25.688787 ] } },
{ "type": "Feature", "properties": { "sensor_index": 305192, "name": "11a avenida cumbres 1 sector", "timestamp": "2026-09-08T16:06:05.322148+00:00", "pm1_0": 22.4, "pm2_5": 29.8, "latitude": 25.69958, "longitude": -100.35898 }, "geometry": { "type": "Point", "coordinates": [ -100.35898, 25.69958 ] } },
{ "type": "Feature", "properties": { "sensor_index": 305232, "name": "PurpleAir Ancira Mty", "timestamp": "2026-09-08T16:06:05.322148+00:00", "pm1_0": 23.7, "pm2_5": 32.6, "latitude": 25.651157, "longitude": -100.3062 }, "geometry": { "type": "Point", "coordinates": [ -100.3062, 25.651157 ] } },
{ "type": "Feature", "properties": { "sensor_index": 43627, "name": "Liceo de Monterrey Rosemont", "timestamp": "2026-09-08T16:06:05.322148+00:00", "pm1_0": 23.6, "pm2_5": 24.7, "latitude": 25.67425, "longitude": -100.35398 }, "geometry": { "type": "Point", "coordinates": [ -100.35398, 25.67425 ] } },
{ "type": "Feature", "properties": { "sensor_index": 45769, "name": "Huascaran", "timestamp": "2026-09-08T16:06:05.322148+00:00", "pm1_0": 14.8, "pm2_5": 22.3, "latitude": 25.637255, "longitude": -100.399216 }, "geometry": { "type": "Point", "coordinates": [ -100.399216, 25.637255 ] } },
{ "type": "Feature", "properties": { "sensor_index": 308956, "name": "Jardín de las carreras", "timestamp": "2026-09-08T16:06:05.322148+00:00", "pm1_0": 26.5, "pm2_5": 37.5, "latitude": 25.650595, "longitude": -100.289 }, "geometry": { "type": "Point", "coordinates": [ -100.289, 25.650595 ] } },
{ "type": "Feature", "properties": { "sensor_index": 49949, "name": "El Horizonte", "timestamp": "2026-09-08T16:06:05.322148+00:00", "pm1_0": 21.7, "pm2_5": 33.5, "latitude": 25.677492, "longitude": -100.29761 }, "geometry": { "type": "Point", "coordinates": [ -100.29761, 25.677492 ] } },
{ "type": "Feature", "properties": { "sensor_index": 50555, "name": "Treviño", "timestamp": "2026-09-08T16:06:05.322148+00:00", "pm1_0": 0.0, "pm2_5": 0.0, "latitude": 25.638243, "longitude": -100.36743 }, "geometry": { "type": "Point", "coordinates": [ -100.36743, 25.638243 ] } },
{ "type": "Feature", "properties": { "sensor_index": 50871, "name": "TEC Garza Laguera", "timestamp": "2026-09-08T16:06:05.322148+00:00", "pm1_0": 11.8, "pm2_5": 17.2, "latitude": 25.61827, "longitude": -100.27293 }, "geometry": { "type": "Point", "coordinates": [ -100.27293, 25.61827 ] } },
{ "type": "Feature", "properties": { "sensor_index": 321194, "name": "Ramsesgs", "timestamp": "2026-09-08T16:06:05.322148+00:00", "pm1_0": 24.3, "pm2_5": 34.5, "latitude": 25.61975, "longitude": -100.29781 }, "geometry": { "type": "Point", "coordinates": [ -100.29781, 25.61975 ] } },
{ "type": "Feature", "properties": { "sensor_index": 119937, "name": "Grupo Reforma Cumbres", "timestamp": "2026-09-08T16:06:05.322148+00:00", "pm1_0": 7.4, "pm2_5": 17.6, "latitude": 25.71012, "longitude": -100.37474 }, "geometry": { "type": "Point", "coordinates": [ -100.37474, 25.71012 ] } },
{ "type": "Feature", "properties": { "sensor_index": 119965, "name": "Grupo Reforma El Norte", "timestamp": "2026-09-08T16:06:05.322148+00:00", "pm1_0": 17.0, "pm2_5": 24.2, "latitude": 25.674164, "longitude": -100.30816 }, "geometry": { "type": "Point", "coordinates": [ -100.30816, 25.674164 ] } },
{ "type": "Feature", "properties": { "sensor_index": 121825, "name": "Grupo Reforma Sierra Madre", "timestamp": "2026-09-08T16:06:05.322148+00:00", "pm1_0": 3326.0, "pm2_5": 3326.0, "latitude": 25.663378, "longitude": -100.36808 }, "geometry": { "type": "Point", "coordinates": [ -100.36808, 25.663378 ] } },
{ "type": "Feature", "properties": { "sensor_index": 136522, "name": "Bosques de La Pastora", "timestamp": "2026-09-08T16:06:05.322148+00:00", "pm1_0": 20.0, "pm2_5": 30.2, "latitude": 25.65773, "longitude": -100.251625 }, "geometry": { "type": "Point", "coordinates": [ -100.251625, 25.65773 ] } },
{ "type": "Feature", "properties": { "sensor_index": 147010, "name": "Santa Barbara", "timestamp": "2026-09-08T16:06:05.322148+00:00", "pm1_0": 13.1, "pm2_5": 18.3, "latitude": 25.661701, "longitude": -100.38932 }, "geometry": { "type": "Point", "coordinates": [ -100.38932, 25.661701 ] } },
{ "type": "Feature", "properties": { "sensor_index": 174781, "name": "Colegio Cambridge de Monterrey Campus Mitras", "timestamp": "2026-09-08T16:06:05.322148+00:00", "pm1_0": 20.7, "pm2_5": 25.5, "latitude": 25.696613, "longitude": -100.348114 }, "geometry": { "type": "Point", "coordinates": [ -100.348114, 25.696613 ] } },
{ "type": "Feature", "properties": { "sensor_index": 174787, "name": "Colegio Cambridge de Monterrey Campus Norte", "timestamp": "2026-09-08T16:06:05.322148+00:00", "pm1_0": 24.7, "pm2_5": 30.4, "latitude": 25.779613, "longitude": -100.28022 }, "geometry": { "type": "Point", "coordinates": [ -100.28022, 25.779613 ] } },
{ "type": "Feature", "properties": { "sensor_index": 189431, "name": "BEA", "timestamp": "2026-09-08T16:06:05.322148+00:00", "pm1_0": 19.1, "pm2_5": 28.2, "latitude": 25.65725, "longitude": -100.35996 }, "geometry": { "type": "Point", "coordinates": [ -100.35996, 25.65725 ] } },
{ "type": "Feature", "properties": { "sensor_index": 189435, "name": "Olinalá", "timestamp": "2026-09-08T16:06:05.322148+00:00", "pm1_0": 19.2, "pm2_5": 30.3, "latitude": 25.618986, "longitude": -100.37645 }, "geometry": { "type": "Point", "coordinates": [ -100.37645, 25.618986 ] } },
{ "type": "Feature", "properties": { "sensor_index": 189447, "name": "Río Amazonas NO", "timestamp": "2026-09-08T16:06:05.322148+00:00", "pm1_0": 20.2, "pm2_5": 29.5, "latitude": 25.662104, "longitude": -100.37172 }, "geometry": { "type": "Point", "coordinates": [ -100.37172, 25.662104 ] } },
{ "type": "Feature", "properties": { "sensor_index": 189455, "name": "CHIPINQUE CAV", "timestamp": "2026-09-08T16:06:05.322148+00:00", "pm1_0": 17.5, "pm2_5": 28.4, "latitude": 25.618307, "longitude": -100.359955 }, "geometry": { "type": "Point", "coordinates": [ -100.359955, 25.618307 ] } },
{ "type": "Feature", "properties": { "sensor_index": 189469, "name": "Hospital Zambran Hellion TecSalud", "timestamp": "2026-09-08T16:06:05.322148+00:00", "pm1_0": 19.3, "pm2_5": 30.2, "latitude": 25.64684, "longitude": -100.33364 }, "geometry": { "type": "Point", "coordinates": [ -100.33364, 25.64684 ] } },
{ "type": "Feature", "properties": { "sensor_index": 208785, "name": "Colegio Cambridge de Monterrey Campus Anáhuac", "timestamp": "2026-09-08T16:06:05.322148+00:00", "pm1_0": 26.4, "pm2_5": 34.3, "latitude": 25.77144, "longitude": -100.26785 }, "geometry": { "type": "Point", "coordinates": [ -100.26785, 25.77144 ] } },
{ "type": "Feature", "properties": { "sensor_index": 209147, "name": "Rincon de San Jeronimo", "timestamp": "2026-09-08T16:06:05.322148+00:00", "pm1_0": 19.2, "pm2_5": 29.5, "latitude": 25.691032, "longitude": -100.375786 }, "geometry": { "type": "Point", "coordinates": [ -100.375786, 25.691032 ] } },
{ "type": "Feature", "properties": { "sensor_index": 227879, "name": "Rectoria", "timestamp": "2026-09-08T16:06:05.322148+00:00", "pm1_0": 24.8, "pm2_5": 33.7, "latitude": 25.651268, "longitude": -100.291214 }, "geometry": { "type": "Point", "coordinates": [ -100.291214, 25.651268 ] } },
{ "type": "Feature", "properties": { "sensor_index": 227887, "name": "Sensor_Purple_Air-Explanada_EGP-Entrada_Prin", "timestamp": "2026-09-08T16:06:05.322148+00:00", "pm1_0": 13.7, "pm2_5": 16.9, "latitude": 25.64419, "longitude": -100.3255 }, "geometry": { "type": "Point", "coordinates": [ -100.3255, 25.64419 ] } },
{ "type": "Feature", "properties": { "sensor_index": 227889, "name": "Parque central", "timestamp": "2026-09-08T16:06:05.322148+00:00", "pm1_0": 21.4, "pm2_5": 28.2, "latitude": 25.652395, "longitude": -100.28713 }, "geometry": { "type": "Point", "coordinates": [ -100.28713, 25.652395 ] } },
{ "type": "Feature", "properties": { "sensor_index": 227907, "name": "Estacionamiento Alumnos", "timestamp": "2026-09-08T16:06:05.322148+00:00", "pm1_0": 23.7, "pm2_5": 31.3, "latitude": 25.744081, "longitude": -100.28277 }, "geometry": { "type": "Point", "coordinates": [ -100.28277, 25.744081 ] } },
{ "type": "Feature", "properties": { "sensor_index": 227913, "name": "EGADE-Sombrillas", "timestamp": "2026-09-08T16:06:05.322148+00:00", "pm1_0": 20.9, "pm2_5": 29.9, "latitude": 25.643106, "longitude": -100.32573 }, "geometry": { "type": "Point", "coordinates": [ -100.32573, 25.643106 ] } },
{ "type": "Feature", "properties": { "sensor_index": 228003, "name": "EGL-Jardín Robótica", "timestamp": "2026-09-08T16:06:05.322148+00:00", "pm1_0": 26.1, "pm2_5": 36.8, "latitude": 25.61803, "longitude": -100.27554 }, "geometry": { "type": "Point", "coordinates": [ -100.27554, 25.61803 ] } },
{ "type": "Feature", "properties": { "sensor_index": 228001, "name": "C-MTY Explanada 2", "timestamp": "2026-09-08T16:06:05.322148+00:00", "pm1_0": 29.0, "pm2_5": 41.0, "latitude": 25.656332, "longitude": -100.20696 }, "geometry": { "type": "Point", "coordinates": [ -100.20696, 25.656332 ] } },
{ "type": "Feature", "properties": { "sensor_index": 228383, "name": "Estadio Banorte", "timestamp": "2026-09-08T16:06:05.322148+00:00", "pm1_0": 27.3, "pm2_5": 37.1, "latitude": 25.654228, "longitude": -100.28651 }, "geometry": { "type": "Point", "coordinates": [ -100.28651, 25.654228 ] } },
{ "type": "Feature", "properties": { "sensor_index": 228381, "name": "C-MTY RAMPA CAFETERÍA", "timestamp": "2026-09-08T16:06:05.322148+00:00", "pm1_0": 21.4, "pm2_5": 29.6, "latitude": 25.628263, "longitude": -100.30376 }, "geometry": { "type": "Point", "coordinates": [ -100.30376, 25.628263 ] } },
{ "type": "Feature", "properties": { "sensor_index": 228389, "name": "PEGS-Sensor-Canchas", "timestamp": "2026-09-08T16:06:05.322148+00:00", "pm1_0": 23.2, "pm2_5": 31.4, "latitude": 25.670425, "longitude": -100.35683 }, "geometry": { "type": "Point", "coordinates": [ -100.35683, 25.670425 ] } },
{ "type": "Feature", "properties": { "sensor_index": 228407, "name": "CEDES", "timestamp": "2026-09-08T16:06:05.322148+00:00", "pm1_0": 22.1, "pm2_5": 28.3, "latitude": 25.653677, "longitude": -100.29242 }, "geometry": { "type": "Point", "coordinates": [ -100.29242, 25.653677 ] } },
{ "type": "Feature", "properties": { "sensor_index": 278863, "name": "Rio Balsas", "timestamp": "2026-09-08T16:12:31.491389+00:00", "pm1_0": 20.5, "pm2_5": 27.7, "latitude": 25.662691, "longitude": -100.37312 }, "geometry": { "type": "Point", "coordinates": [ -100.37312, 25.662691 ] } },
{ "type": "Feature", "properties": { "sensor_index": 278869, "name": "Veredalta", "timestamp": "2026-09-08T16:12:31.491389+00:00", "pm1_0": 19.2, "pm2_5": 25.0, "latitude": 25.638226, "longitude": -100.3525 }, "geometry": { "type": "Point", "coordinates": [ -100.3525, 25.638226 ] } },
{ "type": "Feature", "properties": { "sensor_index": 278871, "name": "Parroquia Reina de Los Ángeles", "timestamp": "2026-09-08T16:12:31.491389+00:00", "pm1_0": 13.3, "pm2_5": 21.0, "latitude": 25.636341, "longitude": -100.36872 }, "geometry": { "type": "Point", "coordinates": [ -100.36872, 25.636341 ] } },
{ "type": "Feature", "properties": { "sensor_index": 278875, "name": "Secretaría de Relaciones Exteriores", "timestamp": "2026-09-08T16:12:31.491389+00:00", "pm1_0": 21.8, "pm2_5": 31.0, "latitude": 25.667723, "longitude": -100.38136 }, "geometry": { "type": "Point", "coordinates": [ -100.38136, 25.667723 ] } },
{ "type": "Feature", "properties": { "sensor_index": 278883, "name": "Mater International Institute", "timestamp": "2026-09-08T16:12:31.491389+00:00", "pm1_0": 17.9, "pm2_5": 22.8, "latitude": 25.641127, "longitude": -100.362755 }, "geometry": { "type": "Point", "coordinates": [ -100.362755, 25.641127 ] } },
{ "type": "Feature", "properties": { "sensor_index": 278889, "name": "Chipinque Meseta", "timestamp": "2026-09-08T16:12:31.491389+00:00", "pm1_0": 20.4, "pm2_5": 30.6, "latitude": 25.607624, "longitude": -100.355156 }, "geometry": { "type": "Point", "coordinates": [ -100.355156, 25.607624 ] } },
{ "type": "Feature", "properties": { "sensor_index": 278901, "name": "OFICINAS SAN PEDRO PARQUES", "timestamp": "2026-09-08T16:12:31.491389+00:00", "pm1_0": 19.4, "pm2_5": 24.5, "latitude": 25.644024, "longitude": -100.376305 }, "geometry": { "type": "Point", "coordinates": [ -100.376305, 25.644024 ] } },
{ "type": "Feature", "properties": { "sensor_index": 278919, "name": "Residencia Tabachín", "timestamp": "2026-09-08T16:12:31.491389+00:00", "pm1_0": 16.9, "pm2_5": 24.3, "latitude": 25.630367, "longitude": -100.34808 }, "geometry": { "type": "Point", "coordinates": [ -100.34808, 25.630367 ] } },
{ "type": "Feature", "properties": { "sensor_index": 278929, "name": "Rio Caura", "timestamp": "2026-09-08T16:12:31.491389+00:00", "pm1_0": 20.5, "pm2_5": 28.1, "latitude": 25.659946, "longitude": -100.38283 }, "geometry": { "type": "Point", "coordinates": [ -100.38283, 25.659946 ] } },
{ "type": "Feature", "properties": { "sensor_index": 278931, "name": "Residencia Platon", "timestamp": "2026-09-08T16:12:31.491389+00:00", "pm1_0": 18.8, "pm2_5": 24.3, "latitude": 25.630522, "longitude": -100.36023 }, "geometry": { "type": "Point", "coordinates": [ -100.36023, 25.630522 ] } },
{ "type": "Feature", "properties": { "sensor_index": 278937, "name": "Residencia Saqqara", "timestamp": "2026-09-08T16:12:31.491389+00:00", "pm1_0": 22.3, "pm2_5": 29.8, "latitude": 25.652473, "longitude": -100.349236 }, "geometry": { "type": "Point", "coordinates": [ -100.349236, 25.652473 ] } },
{ "type": "Feature", "properties": { "sensor_index": 278939, "name": "Residencia Rio Rosas", "timestamp": "2026-09-08T16:12:31.491389+00:00", "pm1_0": 20.4, "pm2_5": 26.9, "latitude": 25.656303, "longitude": -100.36027 }, "geometry": { "type": "Point", "coordinates": [ -100.36027, 25.656303 ] } },
{ "type": "Feature", "properties": { "sensor_index": 278951, "name": "Parque El Capitán", "timestamp": "2026-09-08T16:12:31.491389+00:00", "pm1_0": 20.8, "pm2_5": 27.7, "latitude": 25.663504, "longitude": -100.35734 }, "geometry": { "type": "Point", "coordinates": [ -100.35734, 25.663504 ] } },
{ "type": "Feature", "properties": { "sensor_index": 278957, "name": "Los Pinos", "timestamp": "2026-09-08T16:12:31.491389+00:00", "pm1_0": 16.2, "pm2_5": 22.9, "latitude": 25.672205, "longitude": -100.397354 }, "geometry": { "type": "Point", "coordinates": [ -100.397354, 25.672205 ] } },
{ "type": "Feature", "properties": { "sensor_index": 278959, "name": "Colegio Nobel", "timestamp": "2026-09-08T16:12:31.491389+00:00", "pm1_0": 19.3, "pm2_5": 28.7, "latitude": 25.657562, "longitude": -100.39641 }, "geometry": { "type": "Point", "coordinates": [ -100.39641, 25.657562 ] } },
{ "type": "Feature", "properties": { "sensor_index": 278955, "name": "Residencia San Mateo", "timestamp": "2026-09-08T16:12:31.491389+00:00", "pm1_0": 19.8, "pm2_5": 26.5, "latitude": 25.643766, "longitude": -100.31643 }, "geometry": { "type": "Point", "coordinates": [ -100.31643, 25.643766 ] } },
{ "type": "Feature", "properties": { "sensor_index": 279836, "name": "San Roberto International School San Agustin", "timestamp": "2026-09-08T16:12:31.491389+00:00", "pm1_0": 20.3, "pm2_5": 27.5, "latitude": 25.646032, "longitude": -100.338165 }, "geometry": { "type": "Point", "coordinates": [ -100.338165, 25.646032 ] } },
{ "type": "Feature", "properties": { "sensor_index": 279834, "name": "Colegio Ingles Campus Encino", "timestamp": "2026-09-08T16:12:31.491389+00:00", "pm1_0": 21.0, "pm2_5": 28.7, "latitude": 25.637669, "longitude": -100.33746 }, "geometry": { "type": "Point", "coordinates": [ -100.33746, 25.637669 ] } },
{ "type": "Feature", "properties": { "sensor_index": 279854, "name": "Pinos", "timestamp": "2026-09-08T16:12:31.491389+00:00", "pm1_0": 17.3, "pm2_5": 19.7, "latitude": 25.65975, "longitude": -100.349976 }, "geometry": { "type": "Point", "coordinates": [ -100.349976, 25.65975 ] } },
{ "type": "Feature", "properties": { "sensor_index": 279866, "name": "Lomas del Campestre", "timestamp": "2026-09-08T16:12:31.491389+00:00", "pm1_0": 19.7, "pm2_5": 25.6, "latitude": 25.638052, "longitude": -100.33173 }, "geometry": { "type": "Point", "coordinates": [ -100.33173, 25.638052 ] } },
{ "type": "Feature", "properties": { "sensor_index": 279890, "name": "María Desatadora de Nudos", "timestamp": "2026-09-08T16:12:31.491389+00:00", "pm1_0": 20.7, "pm2_5": 28.2, "latitude": 25.624146, "longitude": -100.37315 }, "geometry": { "type": "Point", "coordinates": [ -100.37315, 25.624146 ] } },
{ "type": "Feature", "properties": { "sensor_index": 279926, "name": "Parque Mississippi", "timestamp": "2026-09-08T16:12:31.491389+00:00", "pm1_0": 19.8, "pm2_5": 24.5, "latitude": 25.657495, "longitude": -100.36317 }, "geometry": { "type": "Point", "coordinates": [ -100.36317, 25.657495 ] } },
{ "type": "Feature", "properties": { "sensor_index": 280524, "name": "Privada Paso de la Sierra", "timestamp": "2026-09-08T16:12:31.491389+00:00", "pm1_0": 17.5, "pm2_5": 21.1, "latitude": 25.648457, "longitude": -100.36256 }, "geometry": { "type": "Point", "coordinates": [ -100.36256, 25.648457 ] } },
{ "type": "Feature", "properties": { "sensor_index": 280520, "name": "Irish International School Campus First School", "timestamp": "2026-09-08T16:12:31.491389+00:00", "pm1_0": 21.3, "pm2_5": 28.0, "latitude": 25.639212, "longitude": -100.34154 }, "geometry": { "type": "Point", "coordinates": [ -100.34154, 25.639212 ] } },
{ "type": "Feature", "properties": { "sensor_index": 280532, "name": "Museo La Milarca", "timestamp": "2026-09-08T16:12:31.491389+00:00", "pm1_0": 20.6, "pm2_5": 26.5, "latitude": 25.64443, "longitude": -100.32734 }, "geometry": { "type": "Point", "coordinates": [ -100.32734, 25.64443 ] } },
{ "type": "Feature", "properties": { "sensor_index": 280534, "name": "Residencia Savotino", "timestamp": "2026-09-08T16:12:31.491389+00:00", "pm1_0": 21.8, "pm2_5": 28.7, "latitude": 25.662497, "longitude": -100.36313 }, "geometry": { "type": "Point", "coordinates": [ -100.36313, 25.662497 ] } },
{ "type": "Feature", "properties": { "sensor_index": 280644, "name": "Residencia nogal", "timestamp": "2026-09-08T16:12:31.491389+00:00", "pm1_0": 20.2, "pm2_5": 27.9, "latitude": 25.61478, "longitude": -100.368286 }, "geometry": { "type": "Point", "coordinates": [ -100.368286, 25.61478 ] } },
{ "type": "Feature", "properties": { "sensor_index": 280900, "name": "Rio Necaxa", "timestamp": "2026-09-08T16:12:31.491389+00:00", "pm1_0": 20.5, "pm2_5": 27.8, "latitude": 25.65677, "longitude": -100.344666 }, "geometry": { "type": "Point", "coordinates": [ -100.344666, 25.65677 ] } },
{ "type": "Feature", "properties": { "sensor_index": 280902, "name": "Residencia Rio Pesqueria", "timestamp": "2026-09-08T16:12:31.491389+00:00", "pm1_0": 21.2, "pm2_5": 27.8, "latitude": 25.658936, "longitude": -100.37394 }, "geometry": { "type": "Point", "coordinates": [ -100.37394, 25.658936 ] } },
{ "type": "Feature", "properties": { "sensor_index": 284960, "name": "Esquina Barranquilla y Patagonia (Altavista)", "timestamp": "2026-09-08T16:12:31.491389+00:00", "pm1_0": 24.4, "pm2_5": 32.7, "latitude": 25.644045, "longitude": -100.29044 }, "geometry": { "type": "Point", "coordinates": [ -100.29044, 25.644045 ] } },
{ "type": "Feature", "properties": { "sensor_index": 286238, "name": "Oasis", "timestamp": "2026-09-08T16:12:31.491389+00:00", "pm1_0": 18.8, "pm2_5": 22.6, "latitude": 25.640884, "longitude": -100.30304 }, "geometry": { "type": "Point", "coordinates": [ -100.30304, 25.640884 ] } },
{ "type": "Feature", "properties": { "sensor_index": 286240, "name": "Casa Naranjos", "timestamp": "2026-09-08T16:12:31.491389+00:00", "pm1_0": 22.2, "pm2_5": 28.8, "latitude": 25.654285, "longitude": -100.28977 }, "geometry": { "type": "Point", "coordinates": [ -100.28977, 25.654285 ] } },
{ "type": "Feature", "properties": { "sensor_index": 288064, "name": "Terminal", "timestamp": "2026-09-08T16:12:31.491389+00:00", "pm1_0": 28.7, "pm2_5": 38.4, "latitude": 25.686438, "longitude": -100.29351 }, "geometry": { "type": "Point", "coordinates": [ -100.29351, 25.686438 ] } },
{ "type": "Feature", "properties": { "sensor_index": 288066, "name": "Hospital de San Vicente", "timestamp": "2026-09-08T16:12:31.491389+00:00", "pm1_0": 25.8, "pm2_5": 34.0, "latitude": 25.67851, "longitude": -100.324974 }, "geometry": { "type": "Point", "coordinates": [ -100.324974, 25.67851 ] } },
{ "type": "Feature", "properties": { "sensor_index": 288332, "name": "Facultad de Salud Pública y Nutrición", "timestamp": "2026-09-08T16:12:31.491389+00:00", "pm1_0": 22.6, "pm2_5": 30.4, "latitude": 25.688875, "longitude": -100.34783 }, "geometry": { "type": "Point", "coordinates": [ -100.34783, 25.688875 ] } },
{ "type": "Feature", "properties": { "sensor_index": 292893, "name": "TEC-AMM-RB-005", "timestamp": "2026-09-08T16:12:31.491389+00:00", "pm1_0": 28.5, "pm2_5": 39.1, "latitude": 25.658117, "longitude": -100.26312 }, "geometry": { "type": "Point", "coordinates": [ -100.26312, 25.658117 ] } },
{ "type": "Feature", "properties": { "sensor_index": 292895, "name": "TEC-AMM-RD-004", "timestamp": "2026-09-08T16:12:31.491389+00:00", "pm1_0": 26.9, "pm2_5": 36.7, "latitude": 25.774128, "longitude": -100.26622 }, "geometry": { "type": "Point", "coordinates": [ -100.26622, 25.774128 ] } },
{ "type": "Feature", "properties": { "sensor_index": 292889, "name": "TEC-AMM-RB-003", "timestamp": "2026-09-08T16:12:31.491389+00:00", "pm1_0": 28.0, "pm2_5": 38.4, "latitude": 25.654068, "longitude": -100.22748 }, "geometry": { "type": "Point", "coordinates": [ -100.22748, 25.654068 ] } },
{ "type": "Feature", "properties": { "sensor_index": 292891, "name": "TEC-AMM-RC-004", "timestamp": "2026-09-08T16:12:31.491389+00:00", "pm1_0": 27.4, "pm2_5": 36.3, "latitude": 25.639277, "longitude": -100.17398 }, "geometry": { "type": "Point", "coordinates": [ -100.17398, 25.639277 ] } },
{ "type": "Feature", "properties": { "sensor_index": 292901, "name": "TEC-AMM-RF-004", "timestamp": "2026-09-08T16:12:31.491389+00:00", "pm1_0": 23.0, "pm2_5": 28.9, "latitude": 25.738094, "longitude": -100.30651 }, "geometry": { "type": "Point", "coordinates": [ -100.30651, 25.738094 ] } },
{ "type": "Feature", "properties": { "sensor_index": 292901, "name": "TEC-AMM-RF-004", "timestamp": "2026-09-08T16:12:31.491389+00:00", "pm1_0": 23.0, "pm2_5": 28.9, "latitude": 25.73373, "longitude": -100.31656 }, "geometry": { "type": "Point", "coordinates": [ -100.31656, 25.73373 ] } },
{ "type": "Feature", "properties": { "sensor_index": 292897, "name": "TEC-AMM-RF-005", "timestamp": "2026-09-08T16:12:31.491389+00:00", "pm1_0": 24.5, "pm2_5": 32.7, "latitude": 25.770947, "longitude": -100.36825 }, "geometry": { "type": "Point", "coordinates": [ -100.36825, 25.770947 ] } },
{ "type": "Feature", "properties": { "sensor_index": 292905, "name": "TEC-AMM-RC-006", "timestamp": "2026-09-08T16:12:31.491389+00:00", "pm1_0": 27.4, "pm2_5": 35.0, "latitude": 25.608519, "longitude": -100.1551 }, "geometry": { "type": "Point", "coordinates": [ -100.1551, 25.608519 ] } },
{ "type": "Feature", "properties": { "sensor_index": 292941, "name": "TEC-AMM-RD-005", "timestamp": "2026-09-08T16:12:31.491389+00:00", "pm1_0": 8.8, "pm2_5": 11.6, "latitude": 25.760899, "longitude": -100.16765 }, "geometry": { "type": "Point", "coordinates": [ -100.16765, 25.760899 ] } },
{ "type": "Feature", "properties": { "sensor_index": 292943, "name": "TEC-AMM-RC-005", "timestamp": "2026-09-08T16:12:31.491389+00:00", "pm1_0": 25.9, "pm2_5": 33.5, "latitude": 25.646128, "longitude": -100.14929 }, "geometry": { "type": "Point", "coordinates": [ -100.14929, 25.646128 ] } },
{ "type": "Feature", "properties": { "sensor_index": 292939, "name": "TEC-AMM-RA-001", "timestamp": "2026-09-08T16:12:31.491389+00:00", "pm1_0": 19.8, "pm2_5": 27.4, "latitude": 25.658657, "longitude": -100.399 }, "geometry": { "type": "Point", "coordinates": [ -100.399, 25.658657 ] } },
{ "type": "Feature", "properties": { "sensor_index": 292949, "name": "TEC-AMM-RA-003", "timestamp": "2026-09-08T16:12:31.491389+00:00", "pm1_0": 19.9, "pm2_5": 25.2, "latitude": 25.661757, "longitude": -100.36972 }, "geometry": { "type": "Point", "coordinates": [ -100.36972, 25.661757 ] } },
{ "type": "Feature", "properties": { "sensor_index": 292951, "name": "TEC-AMM-RB-004", "timestamp": "2026-09-08T16:12:31.491389+00:00", "pm1_0": 21.3, "pm2_5": 29.5, "latitude": 25.66194, "longitude": -100.3313 }, "geometry": { "type": "Point", "coordinates": [ -100.3313, 25.66194 ] } },
{ "type": "Feature", "properties": { "sensor_index": 292947, "name": "TEC-AMM-RA-004", "timestamp": "2026-09-08T16:12:31.491389+00:00", "pm1_0": 24.8, "pm2_5": 33.2, "latitude": 25.684696, "longitude": -100.36298 }, "geometry": { "type": "Point", "coordinates": [ -100.36298, 25.684696 ] } },
{ "type": "Feature", "properties": { "sensor_index": 292957, "name": "TEC-AMM-RC-008", "timestamp": "2026-09-08T16:12:31.491389+00:00", "pm1_0": 22.2, "pm2_5": 29.7, "latitude": 25.731503, "longitude": -100.13724 }, "geometry": { "type": "Point", "coordinates": [ -100.13724, 25.731503 ] } },
{ "type": "Feature", "properties": { "sensor_index": 292973, "name": "TEC-AMM-RC-003", "timestamp": "2026-09-08T16:12:31.491389+00:00", "pm1_0": 27.5, "pm2_5": 37.6, "latitude": 25.684975, "longitude": -100.17443 }, "geometry": { "type": "Point", "coordinates": [ -100.17443, 25.684975 ] } },
{ "type": "Feature", "properties": { "sensor_index": 292983, "name": "TEC-AMM-RC-007", "timestamp": "2026-09-08T16:12:31.491389+00:00", "pm1_0": 17.7, "pm2_5": 24.9, "latitude": 25.650148, "longitude": -100.11657 }, "geometry": { "type": "Point", "coordinates": [ -100.11657, 25.650148 ] } },
{ "type": "Feature", "properties": { "sensor_index": 292997, "name": "TEC-AMM-RF-004", "timestamp": "2026-09-08T16:12:31.491389+00:00", "pm1_0": 25.9, "pm2_5": 34.5, "latitude": 25.738094, "longitude": -100.30651 }, "geometry": { "type": "Point", "coordinates": [ -100.30651, 25.738094 ] } },
{ "type": "Feature", "properties": { "sensor_index": 292997, "name": "TEC-AMM-RF-004", "timestamp": "2026-09-08T16:12:31.491389+00:00", "pm1_0": 25.9, "pm2_5": 34.5, "latitude": 25.73373, "longitude": -100.31656 }, "geometry": { "type": "Point", "coordinates": [ -100.31656, 25.73373 ] } },
{ "type": "Feature", "properties": { "sensor_index": 292999, "name": "TEC-AMM-RE-002", "timestamp": "2026-09-08T16:12:31.491389+00:00", "pm1_0": 24.9, "pm2_5": 32.5, "latitude": 25.772509, "longitude": -100.31119 }, "geometry": { "type": "Point", "coordinates": [ -100.31119, 25.772509 ] } },
{ "type": "Feature", "properties": { "sensor_index": 293001, "name": "TEC-AMM-RF-006", "timestamp": "2026-09-08T16:12:31.491389+00:00", "pm1_0": 19.1, "pm2_5": 23.7, "latitude": 25.71829, "longitude": -100.37077 }, "geometry": { "type": "Point", "coordinates": [ -100.37077, 25.71829 ] } },
{ "type": "Feature", "properties": { "sensor_index": 293003, "name": "TEC-AMM-RB-006", "timestamp": "2026-09-08T16:12:31.491389+00:00", "pm1_0": 26.6, "pm2_5": 35.6, "latitude": 25.676483, "longitude": -100.29272 }, "geometry": { "type": "Point", "coordinates": [ -100.29272, 25.676483 ] } },
{ "type": "Feature", "properties": { "sensor_index": 293469, "name": "Leon Ortigosa ABP", "timestamp": "2026-09-08T16:12:31.491389+00:00", "pm1_0": 21.7, "pm2_5": 29.5, "latitude": 25.67212, "longitude": -100.33521 }, "geometry": { "type": "Point", "coordinates": [ -100.33521, 25.67212 ] } },
{ "type": "Feature", "properties": { "sensor_index": 293465, "name": "Loma Larga", "timestamp": "2026-09-08T16:12:31.491389+00:00", "pm1_0": 22.1, "pm2_5": 31.3, "latitude": 25.665812, "longitude": -100.34373 }, "geometry": { "type": "Point", "coordinates": [ -100.34373, 25.665812 ] } },
{ "type": "Feature", "properties": { "sensor_index": 293467, "name": "UMF37", "timestamp": "2026-09-08T16:12:31.491389+00:00", "pm1_0": 22.2, "pm2_5": 30.3, "latitude": 25.687622, "longitude": -100.342964 }, "geometry": { "type": "Point", "coordinates": [ -100.342964, 25.687622 ] } },
{ "type": "Feature", "properties": { "sensor_index": 33027, "name": "Lagos del Bosque", "timestamp": "2026-09-08T16:12:31.491389+00:00", "pm1_0": 12.3, "pm2_5": 19.5, "latitude": 25.600061, "longitude": -100.26256 }, "geometry": { "type": "Point", "coordinates": [ -100.26256, 25.600061 ] } },
{ "type": "Feature", "properties": { "sensor_index": 33117, "name": "Liceo de Monterrey", "timestamp": "2026-09-08T16:12:31.491389+00:00", "pm1_0": 22.6, "pm2_5": 35.0, "latitude": 25.650322, "longitude": -100.32849 }, "geometry": { "type": "Point", "coordinates": [ -100.32849, 25.650322 ] } },
{ "type": "Feature", "properties": { "sensor_index": 34441, "name": "Callejon de los Ayala", "timestamp": "2026-09-08T16:12:31.491389+00:00", "pm1_0": 3.6, "pm2_5": 6.4, "latitude": 25.6665, "longitude": -100.3976 }, "geometry": { "type": "Point", "coordinates": [ -100.3976, 25.6665 ] } },
{ "type": "Feature", "properties": { "sensor_index": 34499, "name": "San Patricio #106", "timestamp": "2026-09-08T16:12:31.491389+00:00", "pm1_0": 0.0, "pm2_5": 0.0, "latitude": 25.641743, "longitude": -100.3472 }, "geometry": { "type": "Point", "coordinates": [ -100.3472, 25.641743 ] } },
{ "type": "Feature", "properties": { "sensor_index": 34511, "name": "Rosario", "timestamp": "2026-09-08T16:12:31.491389+00:00", "pm1_0": 13.7, "pm2_5": 21.7, "latitude": 25.640432, "longitude": -100.392265 }, "geometry": { "type": "Point", "coordinates": [ -100.392265, 25.640432 ] } },
{ "type": "Feature", "properties": { "sensor_index": 38663, "name": "Rayon Norte", "timestamp": "2026-09-08T16:12:31.491389+00:00", "pm1_0": 14.2, "pm2_5": 19.1, "latitude": 25.678823, "longitude": -100.319695 }, "geometry": { "type": "Point", "coordinates": [ -100.319695, 25.678823 ] } },
{ "type": "Feature", "properties": { "sensor_index": 42211, "name": "RF", "timestamp": "2026-09-08T16:12:31.491389+00:00", "pm1_0": 11.3, "pm2_5": 15.2, "latitude": 25.61638, "longitude": -100.316124 }, "geometry": { "type": "Point", "coordinates": [ -100.316124, 25.61638 ] } },
{ "type": "Feature", "properties": { "sensor_index": 305140, "name": "Bicla", "timestamp": "2026-09-08T16:12:31.491389+00:00", "pm1_0": 23.6, "pm2_5": 33.3, "latitude": 25.700935, "longitude": -100.33541 }, "geometry": { "type": "Point", "coordinates": [ -100.33541, 25.700935 ] } },
{ "type": "Feature", "properties": { "sensor_index": 305164, "name": "NuevaMaderoDave", "timestamp": "2026-09-08T16:12:31.491389+00:00", "pm1_0": 26.0, "pm2_5": 35.6, "latitude": 25.688787, "longitude": -100.27929 }, "geometry": { "type": "Point", "coordinates": [ -100.27929, 25.688787 ] } },
{ "type": "Feature", "properties": { "sensor_index": 305192, "name": "11a avenida cumbres 1 sector", "timestamp": "2026-09-08T16:12:31.491389+00:00", "pm1_0": 23.1, "pm2_5": 31.1, "latitude": 25.69958, "longitude": -100.35898 }, "geometry": { "type": "Point", "coordinates": [ -100.35898, 25.69958 ] } },
{ "type": "Feature", "properties": { "sensor_index": 305232, "name": "PurpleAir Ancira Mty", "timestamp": "2026-09-08T16:12:31.491389+00:00", "pm1_0": 26.3, "pm2_5": 35.6, "latitude": 25.651157, "longitude": -100.3062 }, "geometry": { "type": "Point", "coordinates": [ -100.3062, 25.651157 ] } },
{ "type": "Feature", "properties": { "sensor_index": 43627, "name": "Liceo de Monterrey Rosemont", "timestamp": "2026-09-08T16:12:31.491389+00:00", "pm1_0": 23.6, "pm2_5": 24.7, "latitude": 25.67425, "longitude": -100.35398 }, "geometry": { "type": "Point", "coordinates": [ -100.35398, 25.67425 ] } },
{ "type": "Feature", "properties": { "sensor_index": 45769, "name": "Huascaran", "timestamp": "2026-09-08T16:12:31.491389+00:00", "pm1_0": 18.6, "pm2_5": 25.8, "latitude": 25.637255, "longitude": -100.399216 }, "geometry": { "type": "Point", "coordinates": [ -100.399216, 25.637255 ] } },
{ "type": "Feature", "properties": { "sensor_index": 308956, "name": "Jardín de las carreras", "timestamp": "2026-09-08T16:12:31.491389+00:00", "pm1_0": 23.5, "pm2_5": 32.1, "latitude": 25.650595, "longitude": -100.289 }, "geometry": { "type": "Point", "coordinates": [ -100.289, 25.650595 ] } },
{ "type": "Feature", "properties": { "sensor_index": 49949, "name": "El Horizonte", "timestamp": "2026-09-08T16:12:31.491389+00:00", "pm1_0": 21.2, "pm2_5": 32.7, "latitude": 25.677492, "longitude": -100.29761 }, "geometry": { "type": "Point", "coordinates": [ -100.29761, 25.677492 ] } },
{ "type": "Feature", "properties": { "sensor_index": 50555, "name": "Treviño", "timestamp": "2026-09-08T16:12:31.491389+00:00", "pm1_0": 0.0, "pm2_5": 0.0, "latitude": 25.638243, "longitude": -100.36743 }, "geometry": { "type": "Point", "coordinates": [ -100.36743, 25.638243 ] } },
{ "type": "Feature", "properties": { "sensor_index": 50871, "name": "TEC Garza Laguera", "timestamp": "2026-09-08T16:12:31.491389+00:00", "pm1_0": 11.8, "pm2_5": 17.2, "latitude": 25.61827, "longitude": -100.27293 }, "geometry": { "type": "Point", "coordinates": [ -100.27293, 25.61827 ] } },
{ "type": "Feature", "properties": { "sensor_index": 321194, "name": "Ramsesgs", "timestamp": "2026-09-08T16:12:31.491389+00:00", "pm1_0": 23.9, "pm2_5": 33.2, "latitude": 25.61975, "longitude": -100.29781 }, "geometry": { "type": "Point", "coordinates": [ -100.29781, 25.61975 ] } },
{ "type": "Feature", "properties": { "sensor_index": 119937, "name": "Grupo Reforma Cumbres", "timestamp": "2026-09-08T16:12:31.491389+00:00", "pm1_0": 7.0, "pm2_5": 16.7, "latitude": 25.71012, "longitude": -100.37474 }, "geometry": { "type": "Point", "coordinates": [ -100.37474, 25.71012 ] } },
{ "type": "Feature", "properties": { "sensor_index": 119965, "name": "Grupo Reforma El Norte", "timestamp": "2026-09-08T16:12:31.491389+00:00", "pm1_0": 16.8, "pm2_5": 23.7, "latitude": 25.674164, "longitude": -100.30816 }, "geometry": { "type": "Point", "coordinates": [ -100.30816, 25.674164 ] } },
{ "type": "Feature", "properties": { "sensor_index": 121825, "name": "Grupo Reforma Sierra Madre", "timestamp": "2026-09-08T16:12:31.491389+00:00", "pm1_0": 3324.7, "pm2_5": 3324.7, "latitude": 25.663378, "longitude": -100.36808 }, "geometry": { "type": "Point", "coordinates": [ -100.36808, 25.663378 ] } },
{ "type": "Feature", "properties": { "sensor_index": 136522, "name": "Bosques de La Pastora", "timestamp": "2026-09-08T16:12:31.491389+00:00", "pm1_0": 19.6, "pm2_5": 30.7, "latitude": 25.65773, "longitude": -100.251625 }, "geometry": { "type": "Point", "coordinates": [ -100.251625, 25.65773 ] } },
{ "type": "Feature", "properties": { "sensor_index": 147010, "name": "Santa Barbara", "timestamp": "2026-09-08T16:12:31.491389+00:00", "pm1_0": 13.6, "pm2_5": 19.3, "latitude": 25.661701, "longitude": -100.38932 }, "geometry": { "type": "Point", "coordinates": [ -100.38932, 25.661701 ] } },
{ "type": "Feature", "properties": { "sensor_index": 174781, "name": "Colegio Cambridge de Monterrey Campus Mitras", "timestamp": "2026-09-08T16:12:31.491389+00:00", "pm1_0": 20.6, "pm2_5": 25.6, "latitude": 25.696613, "longitude": -100.348114 }, "geometry": { "type": "Point", "coordinates": [ -100.348114, 25.696613 ] } },
{ "type": "Feature", "properties": { "sensor_index": 174787, "name": "Colegio Cambridge de Monterrey Campus Norte", "timestamp": "2026-09-08T16:12:31.491389+00:00", "pm1_0": 24.2, "pm2_5": 30.0, "latitude": 25.779613, "longitude": -100.28022 }, "geometry": { "type": "Point", "coordinates": [ -100.28022, 25.779613 ] } },
{ "type": "Feature", "properties": { "sensor_index": 189431, "name": "BEA", "timestamp": "2026-09-08T16:12:31.491389+00:00", "pm1_0": 18.5, "pm2_5": 26.8, "latitude": 25.65725, "longitude": -100.35996 }, "geometry": { "type": "Point", "coordinates": [ -100.35996, 25.65725 ] } },
{ "type": "Feature", "properties": { "sensor_index": 189435, "name": "Olinalá", "timestamp": "2026-09-08T16:12:31.491389+00:00", "pm1_0": 19.0, "pm2_5": 29.8, "latitude": 25.618986, "longitude": -100.37645 }, "geometry": { "type": "Point", "coordinates": [ -100.37645, 25.618986 ] } },
{ "type": "Feature", "properties": { "sensor_index": 189447, "name": "Río Amazonas NO", "timestamp": "2026-09-08T16:12:31.491389+00:00", "pm1_0": 20.4, "pm2_5": 29.9, "latitude": 25.662104, "longitude": -100.37172 }, "geometry": { "type": "Point", "coordinates": [ -100.37172, 25.662104 ] } },
{ "type": "Feature", "properties": { "sensor_index": 189455, "name": "CHIPINQUE CAV", "timestamp": "2026-09-08T16:12:31.491389+00:00", "pm1_0": 17.1, "pm2_5": 28.2, "latitude": 25.618307, "longitude": -100.359955 }, "geometry": { "type": "Point", "coordinates": [ -100.359955, 25.618307 ] } },
{ "type": "Feature", "properties": { "sensor_index": 189469, "name": "Hospital Zambran Hellion TecSalud", "timestamp": "2026-09-08T16:12:31.491389+00:00", "pm1_0": 18.3, "pm2_5": 28.3, "latitude": 25.64684, "longitude": -100.33364 }, "geometry": { "type": "Point", "coordinates": [ -100.33364, 25.64684 ] } },
{ "type": "Feature", "properties": { "sensor_index": 208785, "name": "Colegio Cambridge de Monterrey Campus Anáhuac", "timestamp": "2026-09-08T16:12:31.491389+00:00", "pm1_0": 26.2, "pm2_5": 33.7, "latitude": 25.77144, "longitude": -100.26785 }, "geometry": { "type": "Point", "coordinates": [ -100.26785, 25.77144 ] } },
{ "type": "Feature", "properties": { "sensor_index": 209147, "name": "Rincon de San Jeronimo", "timestamp": "2026-09-08T16:12:31.491389+00:00", "pm1_0": 19.0, "pm2_5": 29.0, "latitude": 25.691032, "longitude": -100.375786 }, "geometry": { "type": "Point", "coordinates": [ -100.375786, 25.691032 ] } },
{ "type": "Feature", "properties": { "sensor_index": 227879, "name": "Rectoria", "timestamp": "2026-09-08T16:12:31.491389+00:00", "pm1_0": 22.8, "pm2_5": 30.6, "latitude": 25.651268, "longitude": -100.291214 }, "geometry": { "type": "Point", "coordinates": [ -100.291214, 25.651268 ] } },
{ "type": "Feature", "properties": { "sensor_index": 227887, "name": "Sensor_Purple_Air-Explanada_EGP-Entrada_Prin", "timestamp": "2026-09-08T16:12:31.491389+00:00", "pm1_0": 13.7, "pm2_5": 16.9, "latitude": 25.64419, "longitude": -100.3255 }, "geometry": { "type": "Point", "coordinates": [ -100.3255, 25.64419 ] } },
{ "type": "Feature", "properties": { "sensor_index": 227889, "name": "Parque central", "timestamp": "2026-09-08T16:12:31.491389+00:00", "pm1_0": 22.5, "pm2_5": 29.1, "latitude": 25.652395, "longitude": -100.28713 }, "geometry": { "type": "Point", "coordinates": [ -100.28713, 25.652395 ] } },
{ "type": "Feature", "properties": { "sensor_index": 227907, "name": "Estacionamiento Alumnos", "timestamp": "2026-09-08T16:12:31.491389+00:00", "pm1_0": 23.5, "pm2_5": 32.0, "latitude": 25.744081, "longitude": -100.28277 }, "geometry": { "type": "Point", "coordinates": [ -100.28277, 25.744081 ] } },
{ "type": "Feature", "properties": { "sensor_index": 227913, "name": "EGADE-Sombrillas", "timestamp": "2026-09-08T16:12:31.491389+00:00", "pm1_0": 22.6, "pm2_5": 31.6, "latitude": 25.643106, "longitude": -100.32573 }, "geometry": { "type": "Point", "coordinates": [ -100.32573, 25.643106 ] } },
{ "type": "Feature", "properties": { "sensor_index": 228003, "name": "EGL-Jardín Robótica", "timestamp": "2026-09-08T16:12:31.491389+00:00", "pm1_0": 24.9, "pm2_5": 34.8, "latitude": 25.61803, "longitude": -100.27554 }, "geometry": { "type": "Point", "coordinates": [ -100.27554, 25.61803 ] } },
{ "type": "Feature", "properties": { "sensor_index": 228001, "name": "C-MTY Explanada 2", "timestamp": "2026-09-08T16:12:31.491389+00:00", "pm1_0": 29.0, "pm2_5": 40.9, "latitude": 25.656332, "longitude": -100.20696 }, "geometry": { "type": "Point", "coordinates": [ -100.20696, 25.656332 ] } },
{ "type": "Feature", "properties": { "sensor_index": 228383, "name": "Estadio Banorte", "timestamp": "2026-09-08T16:12:31.491389+00:00", "pm1_0": 28.8, "pm2_5": 39.0, "latitude": 25.654228, "longitude": -100.28651 }, "geometry": { "type": "Point", "coordinates": [ -100.28651, 25.654228 ] } },
{ "type": "Feature", "properties": { "sensor_index": 228381, "name": "C-MTY RAMPA CAFETERÍA", "timestamp": "2026-09-08T16:12:31.491389+00:00", "pm1_0": 23.1, "pm2_5": 32.7, "latitude": 25.628263, "longitude": -100.30376 }, "geometry": { "type": "Point", "coordinates": [ -100.30376, 25.628263 ] } },
{ "type": "Feature", "properties": { "sensor_index": 228389, "name": "PEGS-Sensor-Canchas", "timestamp": "2026-09-08T16:12:31.491389+00:00", "pm1_0": 23.5, "pm2_5": 31.5, "latitude": 25.670425, "longitude": -100.35683 }, "geometry": { "type": "Point", "coordinates": [ -100.35683, 25.670425 ] } },
{ "type": "Feature", "properties": { "sensor_index": 228407, "name": "CEDES", "timestamp": "2026-09-08T16:12:31.491389+00:00", "pm1_0": 19.3, "pm2_5": 23.4, "latitude": 25.653677, "longitude": -100.29242 }, "geometry": { "type": "Point", "coordinates": [ -100.29242, 25.653677 ] } },
{ "type": "Feature", "properties": { "sensor_index": 278863, "name": "Rio Balsas", "timestamp": "2026-09-08T16:20:41.223990+00:00", "pm1_0": 20.4, "pm2_5": 26.8, "latitude": 25.662691, "longitude": -100.37312 }, "geometry": { "type": "Point", "coordinates": [ -100.37312, 25.662691 ] } },
{ "type": "Feature", "properties": { "sensor_index": 278869, "name": "Veredalta", "timestamp": "2026-09-08T16:20:41.223990+00:00", "pm1_0": 21.1, "pm2_5": 28.2, "latitude": 25.638226, "longitude": -100.3525 }, "geometry": { "type": "Point", "coordinates": [ -100.3525, 25.638226 ] } },
{ "type": "Feature", "properties": { "sensor_index": 278871, "name": "Parroquia Reina de Los Ángeles", "timestamp": "2026-09-08T16:20:41.223990+00:00", "pm1_0": 13.3, "pm2_5": 21.0, "latitude": 25.636341, "longitude": -100.36872 }, "geometry": { "type": "Point", "coordinates": [ -100.36872, 25.636341 ] } },
{ "type": "Feature", "properties": { "sensor_index": 278875, "name": "Secretaría de Relaciones Exteriores", "timestamp": "2026-09-08T16:20:41.223990+00:00", "pm1_0": 21.6, "pm2_5": 30.7, "latitude": 25.667723, "longitude": -100.38136 }, "geometry": { "type": "Point", "coordinates": [ -100.38136, 25.667723 ] } },
{ "type": "Feature", "properties": { "sensor_index": 278883, "name": "Mater International Institute", "timestamp": "2026-09-08T16:20:41.223990+00:00", "pm1_0": 18.7, "pm2_5": 24.7, "latitude": 25.641127, "longitude": -100.362755 }, "geometry": { "type": "Point", "coordinates": [ -100.362755, 25.641127 ] } },
{ "type": "Feature", "properties": { "sensor_index": 278889, "name": "Chipinque Meseta", "timestamp": "2026-09-08T16:20:41.223990+00:00", "pm1_0": 20.6, "pm2_5": 31.8, "latitude": 25.607624, "longitude": -100.355156 }, "geometry": { "type": "Point", "coordinates": [ -100.355156, 25.607624 ] } },
{ "type": "Feature", "properties": { "sensor_index": 278901, "name": "OFICINAS SAN PEDRO PARQUES", "timestamp": "2026-09-08T16:20:41.223990+00:00", "pm1_0": 19.9, "pm2_5": 26.2, "latitude": 25.644024, "longitude": -100.376305 }, "geometry": { "type": "Point", "coordinates": [ -100.376305, 25.644024 ] } },
{ "type": "Feature", "properties": { "sensor_index": 278919, "name": "Residencia Tabachín", "timestamp": "2026-09-08T16:20:41.223990+00:00", "pm1_0": 16.9, "pm2_5": 23.7, "latitude": 25.630367, "longitude": -100.34808 }, "geometry": { "type": "Point", "coordinates": [ -100.34808, 25.630367 ] } },
{ "type": "Feature", "properties": { "sensor_index": 278929, "name": "Rio Caura", "timestamp": "2026-09-08T16:20:41.223990+00:00", "pm1_0": 19.9, "pm2_5": 28.1, "latitude": 25.659946, "longitude": -100.38283 }, "geometry": { "type": "Point", "coordinates": [ -100.38283, 25.659946 ] } },
{ "type": "Feature", "properties": { "sensor_index": 278931, "name": "Residencia Platon", "timestamp": "2026-09-08T16:20:41.223990+00:00", "pm1_0": 19.1, "pm2_5": 25.6, "latitude": 25.630522, "longitude": -100.36023 }, "geometry": { "type": "Point", "coordinates": [ -100.36023, 25.630522 ] } },
{ "type": "Feature", "properties": { "sensor_index": 278937, "name": "Residencia Saqqara", "timestamp": "2026-09-08T16:20:41.223990+00:00", "pm1_0": 20.2, "pm2_5": 26.5, "latitude": 25.652473, "longitude": -100.349236 }, "geometry": { "type": "Point", "coordinates": [ -100.349236, 25.652473 ] } },
{ "type": "Feature", "properties": { "sensor_index": 278939, "name": "Residencia Rio Rosas", "timestamp": "2026-09-08T16:20:41.223990+00:00", "pm1_0": 22.0, "pm2_5": 29.7, "latitude": 25.656303, "longitude": -100.36027 }, "geometry": { "type": "Point", "coordinates": [ -100.36027, 25.656303 ] } },
{ "type": "Feature", "properties": { "sensor_index": 278951, "name": "Parque El Capitán", "timestamp": "2026-09-08T16:20:41.223990+00:00", "pm1_0": 21.0, "pm2_5": 27.3, "latitude": 25.663504, "longitude": -100.35734 }, "geometry": { "type": "Point", "coordinates": [ -100.35734, 25.663504 ] } },
{ "type": "Feature", "properties": { "sensor_index": 278957, "name": "Los Pinos", "timestamp": "2026-09-08T16:20:41.223990+00:00", "pm1_0": 16.8, "pm2_5": 24.3, "latitude": 25.672205, "longitude": -100.397354 }, "geometry": { "type": "Point", "coordinates": [ -100.397354, 25.672205 ] } },
{ "type": "Feature", "properties": { "sensor_index": 278959, "name": "Colegio Nobel", "timestamp": "2026-09-08T16:20:41.223990+00:00", "pm1_0": 18.3, "pm2_5": 24.8, "latitude": 25.657562, "longitude": -100.39641 }, "geometry": { "type": "Point", "coordinates": [ -100.39641, 25.657562 ] } },
{ "type": "Feature", "properties": { "sensor_index": 278955, "name": "Residencia San Mateo", "timestamp": "2026-09-08T16:20:41.223990+00:00", "pm1_0": 19.8, "pm2_5": 26.5, "latitude": 25.643766, "longitude": -100.31643 }, "geometry": { "type": "Point", "coordinates": [ -100.31643, 25.643766 ] } },
{ "type": "Feature", "properties": { "sensor_index": 279836, "name": "San Roberto International School San Agustin", "timestamp": "2026-09-08T16:20:41.223990+00:00", "pm1_0": 20.6, "pm2_5": 28.0, "latitude": 25.646032, "longitude": -100.338165 }, "geometry": { "type": "Point", "coordinates": [ -100.338165, 25.646032 ] } },
{ "type": "Feature", "properties": { "sensor_index": 279834, "name": "Colegio Ingles Campus Encino", "timestamp": "2026-09-08T16:20:41.223990+00:00", "pm1_0": 21.0, "pm2_5": 28.7, "latitude": 25.637669, "longitude": -100.33746 }, "geometry": { "type": "Point", "coordinates": [ -100.33746, 25.637669 ] } },
{ "type": "Feature", "properties": { "sensor_index": 279854, "name": "Pinos", "timestamp": "2026-09-08T16:20:41.223990+00:00", "pm1_0": 16.2, "pm2_5": 18.1, "latitude": 25.65975, "longitude": -100.349976 }, "geometry": { "type": "Point", "coordinates": [ -100.349976, 25.65975 ] } },
{ "type": "Feature", "properties": { "sensor_index": 279866, "name": "Lomas del Campestre", "timestamp": "2026-09-08T16:20:41.223990+00:00", "pm1_0": 21.4, "pm2_5": 29.2, "latitude": 25.638052, "longitude": -100.33173 }, "geometry": { "type": "Point", "coordinates": [ -100.33173, 25.638052 ] } },
{ "type": "Feature", "properties": { "sensor_index": 279890, "name": "María Desatadora de Nudos", "timestamp": "2026-09-08T16:20:41.223990+00:00", "pm1_0": 20.9, "pm2_5": 28.4, "latitude": 25.624146, "longitude": -100.37315 }, "geometry": { "type": "Point", "coordinates": [ -100.37315, 25.624146 ] } },
{ "type": "Feature", "properties": { "sensor_index": 279926, "name": "Parque Mississippi", "timestamp": "2026-09-08T16:20:41.223990+00:00", "pm1_0": 21.2, "pm2_5": 27.2, "latitude": 25.657495, "longitude": -100.36317 }, "geometry": { "type": "Point", "coordinates": [ -100.36317, 25.657495 ] } },
{ "type": "Feature", "properties": { "sensor_index": 280524, "name": "Privada Paso de la Sierra", "timestamp": "2026-09-08T16:20:41.223990+00:00", "pm1_0": 18.1, "pm2_5": 22.0, "latitude": 25.648457, "longitude": -100.36256 }, "geometry": { "type": "Point", "coordinates": [ -100.36256, 25.648457 ] } },
{ "type": "Feature", "properties": { "sensor_index": 280520, "name": "Irish International School Campus First School", "timestamp": "2026-09-08T16:20:41.223990+00:00", "pm1_0": 21.5, "pm2_5": 27.9, "latitude": 25.639212, "longitude": -100.34154 }, "geometry": { "type": "Point", "coordinates": [ -100.34154, 25.639212 ] } },
{ "type": "Feature", "properties": { "sensor_index": 280532, "name": "Museo La Milarca", "timestamp": "2026-09-08T16:20:41.223990+00:00", "pm1_0": 21.5, "pm2_5": 27.2, "latitude": 25.64443, "longitude": -100.32734 }, "geometry": { "type": "Point", "coordinates": [ -100.32734, 25.64443 ] } },
{ "type": "Feature", "properties": { "sensor_index": 280534, "name": "Residencia Savotino", "timestamp": "2026-09-08T16:20:41.223990+00:00", "pm1_0": 22.0, "pm2_5": 29.3, "latitude": 25.662497, "longitude": -100.36313 }, "geometry": { "type": "Point", "coordinates": [ -100.36313, 25.662497 ] } },
{ "type": "Feature", "properties": { "sensor_index": 280644, "name": "Residencia nogal", "timestamp": "2026-09-08T16:20:41.223990+00:00", "pm1_0": 20.3, "pm2_5": 28.5, "latitude": 25.61478, "longitude": -100.368286 }, "geometry": { "type": "Point", "coordinates": [ -100.368286, 25.61478 ] } },
{ "type": "Feature", "properties": { "sensor_index": 280900, "name": "Rio Necaxa", "timestamp": "2026-09-08T16:20:41.223990+00:00", "pm1_0": 21.9, "pm2_5": 29.0, "latitude": 25.65677, "longitude": -100.344666 }, "geometry": { "type": "Point", "coordinates": [ -100.344666, 25.65677 ] } },
{ "type": "Feature", "properties": { "sensor_index": 280902, "name": "Residencia Rio Pesqueria", "timestamp": "2026-09-08T16:20:41.223990+00:00", "pm1_0": 21.5, "pm2_5": 28.3, "latitude": 25.658936, "longitude": -100.37394 }, "geometry": { "type": "Point", "coordinates": [ -100.37394, 25.658936 ] } },
{ "type": "Feature", "properties": { "sensor_index": 284960, "name": "Esquina Barranquilla y Patagonia (Altavista)", "timestamp": "2026-09-08T16:20:41.223990+00:00", "pm1_0": 24.1, "pm2_5": 32.1, "latitude": 25.644045, "longitude": -100.29044 }, "geometry": { "type": "Point", "coordinates": [ -100.29044, 25.644045 ] } },
{ "type": "Feature", "properties": { "sensor_index": 286238, "name": "Oasis", "timestamp": "2026-09-08T16:20:41.223990+00:00", "pm1_0": 20.1, "pm2_5": 24.3, "latitude": 25.640884, "longitude": -100.30304 }, "geometry": { "type": "Point", "coordinates": [ -100.30304, 25.640884 ] } },
{ "type": "Feature", "properties": { "sensor_index": 286240, "name": "Casa Naranjos", "timestamp": "2026-09-08T16:20:41.223990+00:00", "pm1_0": 23.1, "pm2_5": 30.6, "latitude": 25.654285, "longitude": -100.28977 }, "geometry": { "type": "Point", "coordinates": [ -100.28977, 25.654285 ] } },
{ "type": "Feature", "properties": { "sensor_index": 288064, "name": "Terminal", "timestamp": "2026-09-08T16:20:41.223990+00:00", "pm1_0": 26.8, "pm2_5": 36.0, "latitude": 25.686438, "longitude": -100.29351 }, "geometry": { "type": "Point", "coordinates": [ -100.29351, 25.686438 ] } },
{ "type": "Feature", "properties": { "sensor_index": 288066, "name": "Hospital de San Vicente", "timestamp": "2026-09-08T16:20:41.223990+00:00", "pm1_0": 25.4, "pm2_5": 33.1, "latitude": 25.67851, "longitude": -100.324974 }, "geometry": { "type": "Point", "coordinates": [ -100.324974, 25.67851 ] } },
{ "type": "Feature", "properties": { "sensor_index": 288332, "name": "Facultad de Salud Pública y Nutrición", "timestamp": "2026-09-08T16:20:41.223990+00:00", "pm1_0": 22.5, "pm2_5": 30.4, "latitude": 25.688875, "longitude": -100.34783 }, "geometry": { "type": "Point", "coordinates": [ -100.34783, 25.688875 ] } },
{ "type": "Feature", "properties": { "sensor_index": 292893, "name": "TEC-AMM-RB-005", "timestamp": "2026-09-08T16:20:41.223990+00:00", "pm1_0": 27.7, "pm2_5": 37.7, "latitude": 25.658117, "longitude": -100.26312 }, "geometry": { "type": "Point", "coordinates": [ -100.26312, 25.658117 ] } },
{ "type": "Feature", "properties": { "sensor_index": 292895, "name": "TEC-AMM-RD-004", "timestamp": "2026-09-08T16:20:41.223990+00:00", "pm1_0": 26.2, "pm2_5": 35.1, "latitude": 25.774128, "longitude": -100.26622 }, "geometry": { "type": "Point", "coordinates": [ -100.26622, 25.774128 ] } },
{ "type": "Feature", "properties": { "sensor_index": 292889, "name": "TEC-AMM-RB-003", "timestamp": "2026-09-08T16:20:41.223990+00:00", "pm1_0": 27.6, "pm2_5": 37.1, "latitude": 25.654068, "longitude": -100.22748 }, "geometry": { "type": "Point", "coordinates": [ -100.22748, 25.654068 ] } },
{ "type": "Feature", "properties": { "sensor_index": 292891, "name": "TEC-AMM-RC-004", "timestamp": "2026-09-08T16:20:41.223990+00:00", "pm1_0": 27.7, "pm2_5": 37.0, "latitude": 25.639277, "longitude": -100.17398 }, "geometry": { "type": "Point", "coordinates": [ -100.17398, 25.639277 ] } },
{ "type": "Feature", "properties": { "sensor_index": 292901, "name": "TEC-AMM-RF-004", "timestamp": "2026-09-08T16:20:41.223990+00:00", "pm1_0": 22.7, "pm2_5": 29.1, "latitude": 25.738094, "longitude": -100.30651 }, "geometry": { "type": "Point", "coordinates": [ -100.30651, 25.738094 ] } },
{ "type": "Feature", "properties": { "sensor_index": 292901, "name": "TEC-AMM-RF-004", "timestamp": "2026-09-08T16:20:41.223990+00:00", "pm1_0": 22.7, "pm2_5": 29.1, "latitude": 25.73373, "longitude": -100.31656 }, "geometry": { "type": "Point", "coordinates": [ -100.31656, 25.73373 ] } },
{ "type": "Feature", "properties": { "sensor_index": 292897, "name": "TEC-AMM-RF-005", "timestamp": "2026-09-08T16:20:41.223990+00:00", "pm1_0": 24.2, "pm2_5": 32.3, "latitude": 25.770947, "longitude": -100.36825 }, "geometry": { "type": "Point", "coordinates": [ -100.36825, 25.770947 ] } },
{ "type": "Feature", "properties": { "sensor_index": 292905, "name": "TEC-AMM-RC-006", "timestamp": "2026-09-08T16:20:41.223990+00:00", "pm1_0": 26.4, "pm2_5": 34.0, "latitude": 25.608519, "longitude": -100.1551 }, "geometry": { "type": "Point", "coordinates": [ -100.1551, 25.608519 ] } },
{ "type": "Feature", "properties": { "sensor_index": 292941, "name": "TEC-AMM-RD-005", "timestamp": "2026-09-08T16:20:41.223990+00:00", "pm1_0": 8.8, "pm2_5": 11.6, "latitude": 25.760899, "longitude": -100.16765 }, "geometry": { "type": "Point", "coordinates": [ -100.16765, 25.760899 ] } },
{ "type": "Feature", "properties": { "sensor_index": 292943, "name": "TEC-AMM-RC-005", "timestamp": "2026-09-08T16:20:41.223990+00:00", "pm1_0": 25.3, "pm2_5": 33.0, "latitude": 25.646128, "longitude": -100.14929 }, "geometry": { "type": "Point", "coordinates": [ -100.14929, 25.646128 ] } },
{ "type": "Feature", "properties": { "sensor_index": 292939, "name": "TEC-AMM-RA-001", "timestamp": "2026-09-08T16:20:41.223990+00:00", "pm1_0": 22.0, "pm2_5": 30.8, "latitude": 25.658657, "longitude": -100.399 }, "geometry": { "type": "Point", "coordinates": [ -100.399, 25.658657 ] } },
{ "type": "Feature", "properties": { "sensor_index": 292949, "name": "TEC-AMM-RA-003", "timestamp": "2026-09-08T16:20:41.223990+00:00", "pm1_0": 20.6, "pm2_5": 26.2, "latitude": 25.661757, "longitude": -100.36972 }, "geometry": { "type": "Point", "coordinates": [ -100.36972, 25.661757 ] } },
{ "type": "Feature", "properties": { "sensor_index": 292951, "name": "TEC-AMM-RB-004", "timestamp": "2026-09-08T16:20:41.223990+00:00", "pm1_0": 22.0, "pm2_5": 30.5, "latitude": 25.66194, "longitude": -100.3313 }, "geometry": { "type": "Point", "coordinates": [ -100.3313, 25.66194 ] } },
{ "type": "Feature", "properties": { "sensor_index": 292947, "name": "TEC-AMM-RA-004", "timestamp": "2026-09-08T16:20:41.223990+00:00", "pm1_0": 25.8, "pm2_5": 34.4, "latitude": 25.684696, "longitude": -100.36298 }, "geometry": { "type": "Point", "coordinates": [ -100.36298, 25.684696 ] } },
{ "type": "Feature", "properties": { "sensor_index": 292957, "name": "TEC-AMM-RC-008", "timestamp": "2026-09-08T16:20:41.223990+00:00", "pm1_0": 22.2, "pm2_5": 29.7, "latitude": 25.731503, "longitude": -100.13724 }, "geometry": { "type": "Point", "coordinates": [ -100.13724, 25.731503 ] } },
{ "type": "Feature", "properties": { "sensor_index": 292973, "name": "TEC-AMM-RC-003", "timestamp": "2026-09-08T16:20:41.223990+00:00", "pm1_0": 27.4, "pm2_5": 37.6, "latitude": 25.684975, "longitude": -100.17443 }, "geometry": { "type": "Point", "coordinates": [ -100.17443, 25.684975 ] } },
{ "type": "Feature", "properties": { "sensor_index": 292983, "name": "TEC-AMM-RC-007", "timestamp": "2026-09-08T16:20:41.223990+00:00", "pm1_0": 17.7, "pm2_5": 24.9, "latitude": 25.650148, "longitude": -100.11657 }, "geometry": { "type": "Point", "coordinates": [ -100.11657, 25.650148 ] } },
{ "type": "Feature", "properties": { "sensor_index": 292997, "name": "TEC-AMM-RF-004", "timestamp": "2026-09-08T16:20:41.223990+00:00", "pm1_0": 25.8, "pm2_5": 34.2, "latitude": 25.738094, "longitude": -100.30651 }, "geometry": { "type": "Point", "coordinates": [ -100.30651, 25.738094 ] } },
{ "type": "Feature", "properties": { "sensor_index": 292997, "name": "TEC-AMM-RF-004", "timestamp": "2026-09-08T16:20:41.223990+00:00", "pm1_0": 25.8, "pm2_5": 34.2, "latitude": 25.73373, "longitude": -100.31656 }, "geometry": { "type": "Point", "coordinates": [ -100.31656, 25.73373 ] } },
{ "type": "Feature", "properties": { "sensor_index": 292999, "name": "TEC-AMM-RE-002", "timestamp": "2026-09-08T16:20:41.223990+00:00", "pm1_0": 26.2, "pm2_5": 34.3, "latitude": 25.772509, "longitude": -100.31119 }, "geometry": { "type": "Point", "coordinates": [ -100.31119, 25.772509 ] } },
{ "type": "Feature", "properties": { "sensor_index": 293001, "name": "TEC-AMM-RF-006", "timestamp": "2026-09-08T16:20:41.223990+00:00", "pm1_0": 19.0, "pm2_5": 23.5, "latitude": 25.71829, "longitude": -100.37077 }, "geometry": { "type": "Point", "coordinates": [ -100.37077, 25.71829 ] } },
{ "type": "Feature", "properties": { "sensor_index": 293003, "name": "TEC-AMM-RB-006", "timestamp": "2026-09-08T16:20:41.223990+00:00", "pm1_0": 28.7, "pm2_5": 39.6, "latitude": 25.676483, "longitude": -100.29272 }, "geometry": { "type": "Point", "coordinates": [ -100.29272, 25.676483 ] } },
{ "type": "Feature", "properties": { "sensor_index": 293469, "name": "Leon Ortigosa ABP", "timestamp": "2026-09-08T16:20:41.223990+00:00", "pm1_0": 22.6, "pm2_5": 31.7, "latitude": 25.67212, "longitude": -100.33521 }, "geometry": { "type": "Point", "coordinates": [ -100.33521, 25.67212 ] } },
{ "type": "Feature", "properties": { "sensor_index": 293465, "name": "Loma Larga", "timestamp": "2026-09-08T16:20:41.223990+00:00", "pm1_0": 23.0, "pm2_5": 33.1, "latitude": 25.665812, "longitude": -100.34373 }, "geometry": { "type": "Point", "coordinates": [ -100.34373, 25.665812 ] } },
{ "type": "Feature", "properties": { "sensor_index": 293467, "name": "UMF37", "timestamp": "2026-09-08T16:20:41.223990+00:00", "pm1_0": 22.2, "pm2_5": 31.1, "latitude": 25.687622, "longitude": -100.342964 }, "geometry": { "type": "Point", "coordinates": [ -100.342964, 25.687622 ] } },
{ "type": "Feature", "properties": { "sensor_index": 33027, "name": "Lagos del Bosque", "timestamp": "2026-09-08T16:20:41.223990+00:00", "pm1_0": 11.7, "pm2_5": 18.0, "latitude": 25.600061, "longitude": -100.26256 }, "geometry": { "type": "Point", "coordinates": [ -100.26256, 25.600061 ] } },
{ "type": "Feature", "properties": { "sensor_index": 33117, "name": "Liceo de Monterrey", "timestamp": "2026-09-08T16:20:41.223990+00:00", "pm1_0": 22.5, "pm2_5": 33.9, "latitude": 25.650322, "longitude": -100.32849 }, "geometry": { "type": "Point", "coordinates": [ -100.32849, 25.650322 ] } },
{ "type": "Feature", "properties": { "sensor_index": 34441, "name": "Callejon de los Ayala", "timestamp": "2026-09-08T16:20:41.223990+00:00", "pm1_0": 4.2, "pm2_5": 7.0, "latitude": 25.6665, "longitude": -100.3976 }, "geometry": { "type": "Point", "coordinates": [ -100.3976, 25.6665 ] } },
{ "type": "Feature", "properties": { "sensor_index": 34499, "name": "San Patricio #106", "timestamp": "2026-09-08T16:20:41.223990+00:00", "pm1_0": 0.0, "pm2_5": 0.0, "latitude": 25.641743, "longitude": -100.3472 }, "geometry": { "type": "Point", "coordinates": [ -100.3472, 25.641743 ] } },
{ "type": "Feature", "properties": { "sensor_index": 34511, "name": "Rosario", "timestamp": "2026-09-08T16:20:41.223990+00:00", "pm1_0": 13.4, "pm2_5": 20.6, "latitude": 25.640432, "longitude": -100.392265 }, "geometry": { "type": "Point", "coordinates": [ -100.392265, 25.640432 ] } },
{ "type": "Feature", "properties": { "sensor_index": 38663, "name": "Rayon Norte", "timestamp": "2026-09-08T16:20:41.223990+00:00", "pm1_0": 14.2, "pm2_5": 19.1, "latitude": 25.678823, "longitude": -100.319695 }, "geometry": { "type": "Point", "coordinates": [ -100.319695, 25.678823 ] } },
{ "type": "Feature", "properties": { "sensor_index": 42211, "name": "RF", "timestamp": "2026-09-08T16:20:41.223990+00:00", "pm1_0": 11.0, "pm2_5": 15.7, "latitude": 25.61638, "longitude": -100.316124 }, "geometry": { "type": "Point", "coordinates": [ -100.316124, 25.61638 ] } },
{ "type": "Feature", "properties": { "sensor_index": 305140, "name": "Bicla", "timestamp": "2026-09-08T16:20:41.223990+00:00", "pm1_0": 22.7, "pm2_5": 32.0, "latitude": 25.700935, "longitude": -100.33541 }, "geometry": { "type": "Point", "coordinates": [ -100.33541, 25.700935 ] } },
{ "type": "Feature", "properties": { "sensor_index": 305164, "name": "NuevaMaderoDave", "timestamp": "2026-09-08T16:20:41.223990+00:00", "pm1_0": 30.8, "pm2_5": 43.1, "latitude": 25.688787, "longitude": -100.27929 }, "geometry": { "type": "Point", "coordinates": [ -100.27929, 25.688787 ] } },
{ "type": "Feature", "properties": { "sensor_index": 305192, "name": "11a avenida cumbres 1 sector", "timestamp": "2026-09-08T16:20:41.223990+00:00", "pm1_0": 22.4, "pm2_5": 30.4, "latitude": 25.69958, "longitude": -100.35898 }, "geometry": { "type": "Point", "coordinates": [ -100.35898, 25.69958 ] } },
{ "type": "Feature", "properties": { "sensor_index": 305232, "name": "PurpleAir Ancira Mty", "timestamp": "2026-09-08T16:20:41.223990+00:00", "pm1_0": 25.3, "pm2_5": 34.5, "latitude": 25.651157, "longitude": -100.3062 }, "geometry": { "type": "Point", "coordinates": [ -100.3062, 25.651157 ] } },
{ "type": "Feature", "properties": { "sensor_index": 43627, "name": "Liceo de Monterrey Rosemont", "timestamp": "2026-09-08T16:20:41.223990+00:00", "pm1_0": 23.6, "pm2_5": 24.7, "latitude": 25.67425, "longitude": -100.35398 }, "geometry": { "type": "Point", "coordinates": [ -100.35398, 25.67425 ] } },
{ "type": "Feature", "properties": { "sensor_index": 45769, "name": "Huascaran", "timestamp": "2026-09-08T16:20:41.223990+00:00", "pm1_0": 18.2, "pm2_5": 25.8, "latitude": 25.637255, "longitude": -100.399216 }, "geometry": { "type": "Point", "coordinates": [ -100.399216, 25.637255 ] } },
{ "type": "Feature", "properties": { "sensor_index": 308956, "name": "Jardín de las carreras", "timestamp": "2026-09-08T16:20:41.223990+00:00", "pm1_0": 25.1, "pm2_5": 34.5, "latitude": 25.650595, "longitude": -100.289 }, "geometry": { "type": "Point", "coordinates": [ -100.289, 25.650595 ] } },
{ "type": "Feature", "properties": { "sensor_index": 49949, "name": "El Horizonte", "timestamp": "2026-09-08T16:20:41.223990+00:00", "pm1_0": 22.3, "pm2_5": 34.6, "latitude": 25.677492, "longitude": -100.29761 }, "geometry": { "type": "Point", "coordinates": [ -100.29761, 25.677492 ] } },
{ "type": "Feature", "properties": { "sensor_index": 50555, "name": "Treviño", "timestamp": "2026-09-08T16:20:41.223990+00:00", "pm1_0": 0.0, "pm2_5": 0.0, "latitude": 25.638243, "longitude": -100.36743 }, "geometry": { "type": "Point", "coordinates": [ -100.36743, 25.638243 ] } },
{ "type": "Feature", "properties": { "sensor_index": 50871, "name": "TEC Garza Laguera", "timestamp": "2026-09-08T16:20:41.223990+00:00", "pm1_0": 11.8, "pm2_5": 17.2, "latitude": 25.61827, "longitude": -100.27293 }, "geometry": { "type": "Point", "coordinates": [ -100.27293, 25.61827 ] } },
{ "type": "Feature", "properties": { "sensor_index": 321194, "name": "Ramsesgs", "timestamp": "2026-09-08T16:20:41.223990+00:00", "pm1_0": 23.6, "pm2_5": 33.2, "latitude": 25.61975, "longitude": -100.29781 }, "geometry": { "type": "Point", "coordinates": [ -100.29781, 25.61975 ] } },
{ "type": "Feature", "properties": { "sensor_index": 119937, "name": "Grupo Reforma Cumbres", "timestamp": "2026-09-08T16:20:41.223990+00:00", "pm1_0": 11.1, "pm2_5": 21.2, "latitude": 25.71012, "longitude": -100.37474 }, "geometry": { "type": "Point", "coordinates": [ -100.37474, 25.71012 ] } },
{ "type": "Feature", "properties": { "sensor_index": 119965, "name": "Grupo Reforma El Norte", "timestamp": "2026-09-08T16:20:41.223990+00:00", "pm1_0": 17.8, "pm2_5": 25.3, "latitude": 25.674164, "longitude": -100.30816 }, "geometry": { "type": "Point", "coordinates": [ -100.30816, 25.674164 ] } },
{ "type": "Feature", "properties": { "sensor_index": 121825, "name": "Grupo Reforma Sierra Madre", "timestamp": "2026-09-08T16:20:41.223990+00:00", "pm1_0": 3324.2, "pm2_5": 3324.2, "latitude": 25.663378, "longitude": -100.36808 }, "geometry": { "type": "Point", "coordinates": [ -100.36808, 25.663378 ] } },
{ "type": "Feature", "properties": { "sensor_index": 136522, "name": "Bosques de La Pastora", "timestamp": "2026-09-08T16:20:41.223990+00:00", "pm1_0": 19.2, "pm2_5": 28.6, "latitude": 25.65773, "longitude": -100.251625 }, "geometry": { "type": "Point", "coordinates": [ -100.251625, 25.65773 ] } },
{ "type": "Feature", "properties": { "sensor_index": 147010, "name": "Santa Barbara", "timestamp": "2026-09-08T16:20:41.223990+00:00", "pm1_0": 14.2, "pm2_5": 20.0, "latitude": 25.661701, "longitude": -100.38932 }, "geometry": { "type": "Point", "coordinates": [ -100.38932, 25.661701 ] } },
{ "type": "Feature", "properties": { "sensor_index": 174781, "name": "Colegio Cambridge de Monterrey Campus Mitras", "timestamp": "2026-09-08T16:20:41.223990+00:00", "pm1_0": 20.2, "pm2_5": 24.7, "latitude": 25.696613, "longitude": -100.348114 }, "geometry": { "type": "Point", "coordinates": [ -100.348114, 25.696613 ] } },
{ "type": "Feature", "properties": { "sensor_index": 174787, "name": "Colegio Cambridge de Monterrey Campus Norte", "timestamp": "2026-09-08T16:20:41.223990+00:00", "pm1_0": 23.5, "pm2_5": 29.0, "latitude": 25.779613, "longitude": -100.28022 }, "geometry": { "type": "Point", "coordinates": [ -100.28022, 25.779613 ] } },
{ "type": "Feature", "properties": { "sensor_index": 189431, "name": "BEA", "timestamp": "2026-09-08T16:20:41.223990+00:00", "pm1_0": 19.7, "pm2_5": 29.7, "latitude": 25.65725, "longitude": -100.35996 }, "geometry": { "type": "Point", "coordinates": [ -100.35996, 25.65725 ] } },
{ "type": "Feature", "properties": { "sensor_index": 189435, "name": "Olinalá", "timestamp": "2026-09-08T16:20:41.223990+00:00", "pm1_0": 20.0, "pm2_5": 32.0, "latitude": 25.618986, "longitude": -100.37645 }, "geometry": { "type": "Point", "coordinates": [ -100.37645, 25.618986 ] } },
{ "type": "Feature", "properties": { "sensor_index": 189447, "name": "Río Amazonas NO", "timestamp": "2026-09-08T16:20:41.223990+00:00", "pm1_0": 21.6, "pm2_5": 31.8, "latitude": 25.662104, "longitude": -100.37172 }, "geometry": { "type": "Point", "coordinates": [ -100.37172, 25.662104 ] } },
{ "type": "Feature", "properties": { "sensor_index": 189455, "name": "CHIPINQUE CAV", "timestamp": "2026-09-08T16:20:41.223990+00:00", "pm1_0": 17.3, "pm2_5": 27.6, "latitude": 25.618307, "longitude": -100.359955 }, "geometry": { "type": "Point", "coordinates": [ -100.359955, 25.618307 ] } },
{ "type": "Feature", "properties": { "sensor_index": 189469, "name": "Hospital Zambran Hellion TecSalud", "timestamp": "2026-09-08T16:20:41.223990+00:00", "pm1_0": 19.7, "pm2_5": 29.9, "latitude": 25.64684, "longitude": -100.33364 }, "geometry": { "type": "Point", "coordinates": [ -100.33364, 25.64684 ] } },
{ "type": "Feature", "properties": { "sensor_index": 208785, "name": "Colegio Cambridge de Monterrey Campus Anáhuac", "timestamp": "2026-09-08T16:20:41.223990+00:00", "pm1_0": 25.4, "pm2_5": 32.9, "latitude": 25.77144, "longitude": -100.26785 }, "geometry": { "type": "Point", "coordinates": [ -100.26785, 25.77144 ] } },
{ "type": "Feature", "properties": { "sensor_index": 209147, "name": "Rincon de San Jeronimo", "timestamp": "2026-09-08T16:20:41.223990+00:00", "pm1_0": 18.5, "pm2_5": 27.3, "latitude": 25.691032, "longitude": -100.375786 }, "geometry": { "type": "Point", "coordinates": [ -100.375786, 25.691032 ] } },
{ "type": "Feature", "properties": { "sensor_index": 227879, "name": "Rectoria", "timestamp": "2026-09-08T16:20:41.223990+00:00", "pm1_0": 24.0, "pm2_5": 32.7, "latitude": 25.651268, "longitude": -100.291214 }, "geometry": { "type": "Point", "coordinates": [ -100.291214, 25.651268 ] } },
{ "type": "Feature", "properties": { "sensor_index": 227887, "name": "Sensor_Purple_Air-Explanada_EGP-Entrada_Prin", "timestamp": "2026-09-08T16:20:41.223990+00:00", "pm1_0": 13.7, "pm2_5": 16.9, "latitude": 25.64419, "longitude": -100.3255 }, "geometry": { "type": "Point", "coordinates": [ -100.3255, 25.64419 ] } },
{ "type": "Feature", "properties": { "sensor_index": 227889, "name": "Parque central", "timestamp": "2026-09-08T16:20:41.223990+00:00", "pm1_0": 23.6, "pm2_5": 30.6, "latitude": 25.652395, "longitude": -100.28713 }, "geometry": { "type": "Point", "coordinates": [ -100.28713, 25.652395 ] } },
{ "type": "Feature", "properties": { "sensor_index": 227907, "name": "Estacionamiento Alumnos", "timestamp": "2026-09-08T16:20:41.223990+00:00", "pm1_0": 23.2, "pm2_5": 31.7, "latitude": 25.744081, "longitude": -100.28277 }, "geometry": { "type": "Point", "coordinates": [ -100.28277, 25.744081 ] } },
{ "type": "Feature", "properties": { "sensor_index": 227913, "name": "EGADE-Sombrillas", "timestamp": "2026-09-08T16:20:41.223990+00:00", "pm1_0": 22.9, "pm2_5": 32.5, "latitude": 25.643106, "longitude": -100.32573 }, "geometry": { "type": "Point", "coordinates": [ -100.32573, 25.643106 ] } },
{ "type": "Feature", "properties": { "sensor_index": 228003, "name": "EGL-Jardín Robótica", "timestamp": "2026-09-08T16:20:41.223990+00:00", "pm1_0": 24.7, "pm2_5": 34.6, "latitude": 25.61803, "longitude": -100.27554 }, "geometry": { "type": "Point", "coordinates": [ -100.27554, 25.61803 ] } },
{ "type": "Feature", "properties": { "sensor_index": 228001, "name": "C-MTY Explanada 2", "timestamp": "2026-09-08T16:20:41.223990+00:00", "pm1_0": 30.3, "pm2_5": 42.3, "latitude": 25.656332, "longitude": -100.20696 }, "geometry": { "type": "Point", "coordinates": [ -100.20696, 25.656332 ] } },
{ "type": "Feature", "properties": { "sensor_index": 228383, "name": "Estadio Banorte", "timestamp": "2026-09-08T16:20:41.223990+00:00", "pm1_0": 28.5, "pm2_5": 38.5, "latitude": 25.654228, "longitude": -100.28651 }, "geometry": { "type": "Point", "coordinates": [ -100.28651, 25.654228 ] } },
{ "type": "Feature", "properties": { "sensor_index": 228381, "name": "C-MTY RAMPA CAFETERÍA", "timestamp": "2026-09-08T16:20:41.223990+00:00", "pm1_0": 22.5, "pm2_5": 32.0, "latitude": 25.628263, "longitude": -100.30376 }, "geometry": { "type": "Point", "coordinates": [ -100.30376, 25.628263 ] } },
{ "type": "Feature", "properties": { "sensor_index": 228389, "name": "PEGS-Sensor-Canchas", "timestamp": "2026-09-08T16:20:41.223990+00:00", "pm1_0": 23.7, "pm2_5": 31.8, "latitude": 25.670425, "longitude": -100.35683 }, "geometry": { "type": "Point", "coordinates": [ -100.35683, 25.670425 ] } },
{ "type": "Feature", "properties": { "sensor_index": 228407, "name": "CEDES", "timestamp": "2026-09-08T16:20:41.223990+00:00", "pm1_0": 20.0, "pm2_5": 24.5, "latitude": 25.653677, "longitude": -100.29242 }, "geometry": { "type": "Point", "coordinates": [ -100.29242, 25.653677 ] } },
{ "type": "Feature", "properties": { "sensor_index": 278863, "name": "Rio Balsas", "timestamp": "2026-09-08T16:52:26.035502+00:00", "pm1_0": 22.2, "pm2_5": 30.0, "latitude": 25.662691, "longitude": -100.37312 }, "geometry": { "type": "Point", "coordinates": [ -100.37312, 25.662691 ] } },
{ "type": "Feature", "properties": { "sensor_index": 278869, "name": "Veredalta", "timestamp": "2026-09-08T16:52:26.035502+00:00", "pm1_0": 21.1, "pm2_5": 28.3, "latitude": 25.638226, "longitude": -100.3525 }, "geometry": { "type": "Point", "coordinates": [ -100.3525, 25.638226 ] } },
{ "type": "Feature", "properties": { "sensor_index": 278871, "name": "Parroquia Reina de Los Ángeles", "timestamp": "2026-09-08T16:52:26.035502+00:00", "pm1_0": 13.3, "pm2_5": 21.0, "latitude": 25.636341, "longitude": -100.36872 }, "geometry": { "type": "Point", "coordinates": [ -100.36872, 25.636341 ] } },
{ "type": "Feature", "properties": { "sensor_index": 278875, "name": "Secretaría de Relaciones Exteriores", "timestamp": "2026-09-08T16:52:26.035502+00:00", "pm1_0": 22.0, "pm2_5": 30.8, "latitude": 25.667723, "longitude": -100.38136 }, "geometry": { "type": "Point", "coordinates": [ -100.38136, 25.667723 ] } },
{ "type": "Feature", "properties": { "sensor_index": 278883, "name": "Mater International Institute", "timestamp": "2026-09-08T16:52:26.035502+00:00", "pm1_0": 25.5, "pm2_5": 36.0, "latitude": 25.641127, "longitude": -100.362755 }, "geometry": { "type": "Point", "coordinates": [ -100.362755, 25.641127 ] } },
{ "type": "Feature", "properties": { "sensor_index": 278889, "name": "Chipinque Meseta", "timestamp": "2026-09-08T16:52:26.035502+00:00", "pm1_0": 21.5, "pm2_5": 32.2, "latitude": 25.607624, "longitude": -100.355156 }, "geometry": { "type": "Point", "coordinates": [ -100.355156, 25.607624 ] } },
{ "type": "Feature", "properties": { "sensor_index": 278901, "name": "OFICINAS SAN PEDRO PARQUES", "timestamp": "2026-09-08T16:52:26.035502+00:00", "pm1_0": 20.8, "pm2_5": 27.8, "latitude": 25.644024, "longitude": -100.376305 }, "geometry": { "type": "Point", "coordinates": [ -100.376305, 25.644024 ] } },
{ "type": "Feature", "properties": { "sensor_index": 278919, "name": "Residencia Tabachín", "timestamp": "2026-09-08T16:52:26.035502+00:00", "pm1_0": 18.6, "pm2_5": 25.4, "latitude": 25.630367, "longitude": -100.34808 }, "geometry": { "type": "Point", "coordinates": [ -100.34808, 25.630367 ] } },
{ "type": "Feature", "properties": { "sensor_index": 278929, "name": "Rio Caura", "timestamp": "2026-09-08T16:52:26.035502+00:00", "pm1_0": 22.7, "pm2_5": 31.8, "latitude": 25.659946, "longitude": -100.38283 }, "geometry": { "type": "Point", "coordinates": [ -100.38283, 25.659946 ] } },
{ "type": "Feature", "properties": { "sensor_index": 278931, "name": "Residencia Platon", "timestamp": "2026-09-08T16:52:26.035502+00:00", "pm1_0": 20.2, "pm2_5": 27.8, "latitude": 25.630522, "longitude": -100.36023 }, "geometry": { "type": "Point", "coordinates": [ -100.36023, 25.630522 ] } },
{ "type": "Feature", "properties": { "sensor_index": 278937, "name": "Residencia Saqqara", "timestamp": "2026-09-08T16:52:26.035502+00:00", "pm1_0": 23.3, "pm2_5": 32.3, "latitude": 25.652473, "longitude": -100.349236 }, "geometry": { "type": "Point", "coordinates": [ -100.349236, 25.652473 ] } },
{ "type": "Feature", "properties": { "sensor_index": 278939, "name": "Residencia Rio Rosas", "timestamp": "2026-09-08T16:52:26.035502+00:00", "pm1_0": 22.8, "pm2_5": 30.7, "latitude": 25.656303, "longitude": -100.36027 }, "geometry": { "type": "Point", "coordinates": [ -100.36027, 25.656303 ] } },
{ "type": "Feature", "properties": { "sensor_index": 278951, "name": "Parque El Capitán", "timestamp": "2026-09-08T16:52:26.035502+00:00", "pm1_0": 23.1, "pm2_5": 30.7, "latitude": 25.663504, "longitude": -100.35734 }, "geometry": { "type": "Point", "coordinates": [ -100.35734, 25.663504 ] } },
{ "type": "Feature", "properties": { "sensor_index": 278957, "name": "Los Pinos", "timestamp": "2026-09-08T16:52:26.035502+00:00", "pm1_0": 19.3, "pm2_5": 27.8, "latitude": 25.672205, "longitude": -100.397354 }, "geometry": { "type": "Point", "coordinates": [ -100.397354, 25.672205 ] } },
{ "type": "Feature", "properties": { "sensor_index": 278959, "name": "Colegio Nobel", "timestamp": "2026-09-08T16:52:26.035502+00:00", "pm1_0": 21.0, "pm2_5": 29.6, "latitude": 25.657562, "longitude": -100.39641 }, "geometry": { "type": "Point", "coordinates": [ -100.39641, 25.657562 ] } },
{ "type": "Feature", "properties": { "sensor_index": 278955, "name": "Residencia San Mateo", "timestamp": "2026-09-08T16:52:26.035502+00:00", "pm1_0": 19.8, "pm2_5": 26.5, "latitude": 25.643766, "longitude": -100.31643 }, "geometry": { "type": "Point", "coordinates": [ -100.31643, 25.643766 ] } },
{ "type": "Feature", "properties": { "sensor_index": 279836, "name": "San Roberto International School San Agustin", "timestamp": "2026-09-08T16:52:26.035502+00:00", "pm1_0": 22.5, "pm2_5": 31.7, "latitude": 25.646032, "longitude": -100.338165 }, "geometry": { "type": "Point", "coordinates": [ -100.338165, 25.646032 ] } },
{ "type": "Feature", "properties": { "sensor_index": 279834, "name": "Colegio Ingles Campus Encino", "timestamp": "2026-09-08T16:52:26.035502+00:00", "pm1_0": 21.8, "pm2_5": 29.8, "latitude": 25.637669, "longitude": -100.33746 }, "geometry": { "type": "Point", "coordinates": [ -100.33746, 25.637669 ] } },
{ "type": "Feature", "properties": { "sensor_index": 279854, "name": "Pinos", "timestamp": "2026-09-08T16:52:26.035502+00:00", "pm1_0": 19.7, "pm2_5": 23.1, "latitude": 25.65975, "longitude": -100.349976 }, "geometry": { "type": "Point", "coordinates": [ -100.349976, 25.65975 ] } },
{ "type": "Feature", "properties": { "sensor_index": 279866, "name": "Lomas del Campestre", "timestamp": "2026-09-08T16:52:26.035502+00:00", "pm1_0": 21.6, "pm2_5": 29.5, "latitude": 25.638052, "longitude": -100.33173 }, "geometry": { "type": "Point", "coordinates": [ -100.33173, 25.638052 ] } },
{ "type": "Feature", "properties": { "sensor_index": 279890, "name": "María Desatadora de Nudos", "timestamp": "2026-09-08T16:52:26.035502+00:00", "pm1_0": 21.5, "pm2_5": 29.1, "latitude": 25.624146, "longitude": -100.37315 }, "geometry": { "type": "Point", "coordinates": [ -100.37315, 25.624146 ] } },
{ "type": "Feature", "properties": { "sensor_index": 279926, "name": "Parque Mississippi", "timestamp": "2026-09-08T16:52:26.035502+00:00", "pm1_0": 22.2, "pm2_5": 28.8, "latitude": 25.657495, "longitude": -100.36317 }, "geometry": { "type": "Point", "coordinates": [ -100.36317, 25.657495 ] } },
{ "type": "Feature", "properties": { "sensor_index": 280524, "name": "Privada Paso de la Sierra", "timestamp": "2026-09-08T16:52:26.035502+00:00", "pm1_0": 21.1, "pm2_5": 27.5, "latitude": 25.648457, "longitude": -100.36256 }, "geometry": { "type": "Point", "coordinates": [ -100.36256, 25.648457 ] } },
{ "type": "Feature", "properties": { "sensor_index": 280520, "name": "Irish International School Campus First School", "timestamp": "2026-09-08T16:52:26.035502+00:00", "pm1_0": 22.0, "pm2_5": 29.8, "latitude": 25.639212, "longitude": -100.34154 }, "geometry": { "type": "Point", "coordinates": [ -100.34154, 25.639212 ] } },
{ "type": "Feature", "properties": { "sensor_index": 280532, "name": "Museo La Milarca", "timestamp": "2026-09-08T16:52:26.035502+00:00", "pm1_0": 21.7, "pm2_5": 28.4, "latitude": 25.64443, "longitude": -100.32734 }, "geometry": { "type": "Point", "coordinates": [ -100.32734, 25.64443 ] } },
{ "type": "Feature", "properties": { "sensor_index": 280534, "name": "Residencia Savotino", "timestamp": "2026-09-08T16:52:26.035502+00:00", "pm1_0": 23.7, "pm2_5": 32.2, "latitude": 25.662497, "longitude": -100.36313 }, "geometry": { "type": "Point", "coordinates": [ -100.36313, 25.662497 ] } },
{ "type": "Feature", "properties": { "sensor_index": 280644, "name": "Residencia nogal", "timestamp": "2026-09-08T16:52:26.035502+00:00", "pm1_0": 19.5, "pm2_5": 27.0, "latitude": 25.61478, "longitude": -100.368286 }, "geometry": { "type": "Point", "coordinates": [ -100.368286, 25.61478 ] } },
{ "type": "Feature", "properties": { "sensor_index": 280900, "name": "Rio Necaxa", "timestamp": "2026-09-08T16:52:26.035502+00:00", "pm1_0": 24.8, "pm2_5": 33.0, "latitude": 25.65677, "longitude": -100.344666 }, "geometry": { "type": "Point", "coordinates": [ -100.344666, 25.65677 ] } },
{ "type": "Feature", "properties": { "sensor_index": 280902, "name": "Residencia Rio Pesqueria", "timestamp": "2026-09-08T16:52:26.035502+00:00", "pm1_0": 22.6, "pm2_5": 29.6, "latitude": 25.658936, "longitude": -100.37394 }, "geometry": { "type": "Point", "coordinates": [ -100.37394, 25.658936 ] } },
{ "type": "Feature", "properties": { "sensor_index": 284960, "name": "Esquina Barranquilla y Patagonia (Altavista)", "timestamp": "2026-09-08T16:52:26.035502+00:00", "pm1_0": 28.4, "pm2_5": 38.7, "latitude": 25.644045, "longitude": -100.29044 }, "geometry": { "type": "Point", "coordinates": [ -100.29044, 25.644045 ] } },
{ "type": "Feature", "properties": { "sensor_index": 286238, "name": "Oasis", "timestamp": "2026-09-08T16:52:26.035502+00:00", "pm1_0": 23.8, "pm2_5": 30.7, "latitude": 25.640884, "longitude": -100.30304 }, "geometry": { "type": "Point", "coordinates": [ -100.30304, 25.640884 ] } },
{ "type": "Feature", "properties": { "sensor_index": 286240, "name": "Casa Naranjos", "timestamp": "2026-09-08T16:52:26.035502+00:00", "pm1_0": 27.8, "pm2_5": 37.2, "latitude": 25.654285, "longitude": -100.28977 }, "geometry": { "type": "Point", "coordinates": [ -100.28977, 25.654285 ] } },
{ "type": "Feature", "properties": { "sensor_index": 288064, "name": "Terminal", "timestamp": "2026-09-08T16:52:26.035502+00:00", "pm1_0": 28.8, "pm2_5": 39.3, "latitude": 25.686438, "longitude": -100.29351 }, "geometry": { "type": "Point", "coordinates": [ -100.29351, 25.686438 ] } },
{ "type": "Feature", "properties": { "sensor_index": 288066, "name": "Hospital de San Vicente", "timestamp": "2026-09-08T16:52:26.035502+00:00", "pm1_0": 25.8, "pm2_5": 33.8, "latitude": 25.67851, "longitude": -100.324974 }, "geometry": { "type": "Point", "coordinates": [ -100.324974, 25.67851 ] } },
{ "type": "Feature", "properties": { "sensor_index": 288332, "name": "Facultad de Salud Pública y Nutrición", "timestamp": "2026-09-08T16:52:26.035502+00:00", "pm1_0": 23.0, "pm2_5": 31.1, "latitude": 25.688875, "longitude": -100.34783 }, "geometry": { "type": "Point", "coordinates": [ -100.34783, 25.688875 ] } },
{ "type": "Feature", "properties": { "sensor_index": 292893, "name": "TEC-AMM-RB-005", "timestamp": "2026-09-08T16:52:26.035502+00:00", "pm1_0": 27.9, "pm2_5": 39.1, "latitude": 25.658117, "longitude": -100.26312 }, "geometry": { "type": "Point", "coordinates": [ -100.26312, 25.658117 ] } },
{ "type": "Feature", "properties": { "sensor_index": 292895, "name": "TEC-AMM-RD-004", "timestamp": "2026-09-08T16:52:26.035502+00:00", "pm1_0": 25.6, "pm2_5": 34.4, "latitude": 25.774128, "longitude": -100.26622 }, "geometry": { "type": "Point", "coordinates": [ -100.26622, 25.774128 ] } },
{ "type": "Feature", "properties": { "sensor_index": 292889, "name": "TEC-AMM-RB-003", "timestamp": "2026-09-08T16:52:26.035502+00:00", "pm1_0": 28.5, "pm2_5": 39.8, "latitude": 25.654068, "longitude": -100.22748 }, "geometry": { "type": "Point", "coordinates": [ -100.22748, 25.654068 ] } },
{ "type": "Feature", "properties": { "sensor_index": 292891, "name": "TEC-AMM-RC-004", "timestamp": "2026-09-08T16:52:26.035502+00:00", "pm1_0": 27.0, "pm2_5": 35.5, "latitude": 25.639277, "longitude": -100.17398 }, "geometry": { "type": "Point", "coordinates": [ -100.17398, 25.639277 ] } },
{ "type": "Feature", "properties": { "sensor_index": 292901, "name": "TEC-AMM-RF-004", "timestamp": "2026-09-08T16:52:26.035502+00:00", "pm1_0": 24.2, "pm2_5": 31.0, "latitude": 25.738094, "longitude": -100.30651 }, "geometry": { "type": "Point", "coordinates": [ -100.30651, 25.738094 ] } },
{ "type": "Feature", "properties": { "sensor_index": 292901, "name": "TEC-AMM-RF-004", "timestamp": "2026-09-08T16:52:26.035502+00:00", "pm1_0": 24.2, "pm2_5": 31.0, "latitude": 25.73373, "longitude": -100.31656 }, "geometry": { "type": "Point", "coordinates": [ -100.31656, 25.73373 ] } },
{ "type": "Feature", "properties": { "sensor_index": 292897, "name": "TEC-AMM-RF-005", "timestamp": "2026-09-08T16:52:26.035502+00:00", "pm1_0": 26.9, "pm2_5": 35.3, "latitude": 25.770947, "longitude": -100.36825 }, "geometry": { "type": "Point", "coordinates": [ -100.36825, 25.770947 ] } },
{ "type": "Feature", "properties": { "sensor_index": 292905, "name": "TEC-AMM-RC-006", "timestamp": "2026-09-08T16:52:26.035502+00:00", "pm1_0": 25.1, "pm2_5": 33.0, "latitude": 25.608519, "longitude": -100.1551 }, "geometry": { "type": "Point", "coordinates": [ -100.1551, 25.608519 ] } },
{ "type": "Feature", "properties": { "sensor_index": 292941, "name": "TEC-AMM-RD-005", "timestamp": "2026-09-08T16:52:26.035502+00:00", "pm1_0": 8.8, "pm2_5": 11.6, "latitude": 25.760899, "longitude": -100.16765 }, "geometry": { "type": "Point", "coordinates": [ -100.16765, 25.760899 ] } },
{ "type": "Feature", "properties": { "sensor_index": 292943, "name": "TEC-AMM-RC-005", "timestamp": "2026-09-08T16:52:26.035502+00:00", "pm1_0": 25.2, "pm2_5": 32.7, "latitude": 25.646128, "longitude": -100.14929 }, "geometry": { "type": "Point", "coordinates": [ -100.14929, 25.646128 ] } },
{ "type": "Feature", "properties": { "sensor_index": 292939, "name": "TEC-AMM-RA-001", "timestamp": "2026-09-08T16:52:26.035502+00:00", "pm1_0": 21.8, "pm2_5": 29.9, "latitude": 25.658657, "longitude": -100.399 }, "geometry": { "type": "Point", "coordinates": [ -100.399, 25.658657 ] } },
{ "type": "Feature", "properties": { "sensor_index": 292949, "name": "TEC-AMM-RA-003", "timestamp": "2026-09-08T16:52:26.035502+00:00", "pm1_0": 21.4, "pm2_5": 28.2, "latitude": 25.661757, "longitude": -100.36972 }, "geometry": { "type": "Point", "coordinates": [ -100.36972, 25.661757 ] } },
{ "type": "Feature", "properties": { "sensor_index": 292951, "name": "TEC-AMM-RB-004", "timestamp": "2026-09-08T16:52:26.035502+00:00", "pm1_0": 22.5, "pm2_5": 31.3, "latitude": 25.66194, "longitude": -100.3313 }, "geometry": { "type": "Point", "coordinates": [ -100.3313, 25.66194 ] } },
{ "type": "Feature", "properties": { "sensor_index": 292947, "name": "TEC-AMM-RA-004", "timestamp": "2026-09-08T16:52:26.035502+00:00", "pm1_0": 24.3, "pm2_5": 32.2, "latitude": 25.684696, "longitude": -100.36298 }, "geometry": { "type": "Point", "coordinates": [ -100.36298, 25.684696 ] } },
{ "type": "Feature", "properties": { "sensor_index": 292957, "name": "TEC-AMM-RC-008", "timestamp": "2026-09-08T16:52:26.035502+00:00", "pm1_0": 22.2, "pm2_5": 29.7, "latitude": 25.731503, "longitude": -100.13724 }, "geometry": { "type": "Point", "coordinates": [ -100.13724, 25.731503 ] } },
{ "type": "Feature", "properties": { "sensor_index": 292973, "name": "TEC-AMM-RC-003", "timestamp": "2026-09-08T16:52:26.035502+00:00", "pm1_0": 27.3, "pm2_5": 37.4, "latitude": 25.684975, "longitude": -100.17443 }, "geometry": { "type": "Point", "coordinates": [ -100.17443, 25.684975 ] } },
{ "type": "Feature", "properties": { "sensor_index": 292983, "name": "TEC-AMM-RC-007", "timestamp": "2026-09-08T16:52:26.035502+00:00", "pm1_0": 17.7, "pm2_5": 24.9, "latitude": 25.650148, "longitude": -100.11657 }, "geometry": { "type": "Point", "coordinates": [ -100.11657, 25.650148 ] } },
{ "type": "Feature", "properties": { "sensor_index": 292997, "name": "TEC-AMM-RF-004", "timestamp": "2026-09-08T16:52:26.035502+00:00", "pm1_0": 28.0, "pm2_5": 37.4, "latitude": 25.738094, "longitude": -100.30651 }, "geometry": { "type": "Point", "coordinates": [ -100.30651, 25.738094 ] } },
{ "type": "Feature", "properties": { "sensor_index": 292997, "name": "TEC-AMM-RF-004", "timestamp": "2026-09-08T16:52:26.035502+00:00", "pm1_0": 28.0, "pm2_5": 37.4, "latitude": 25.73373, "longitude": -100.31656 }, "geometry": { "type": "Point", "coordinates": [ -100.31656, 25.73373 ] } },
{ "type": "Feature", "properties": { "sensor_index": 292999, "name": "TEC-AMM-RE-002", "timestamp": "2026-09-08T16:52:26.035502+00:00", "pm1_0": 26.1, "pm2_5": 34.0, "latitude": 25.772509, "longitude": -100.31119 }, "geometry": { "type": "Point", "coordinates": [ -100.31119, 25.772509 ] } },
{ "type": "Feature", "properties": { "sensor_index": 293001, "name": "TEC-AMM-RF-006", "timestamp": "2026-09-08T16:52:26.035502+00:00", "pm1_0": 20.4, "pm2_5": 26.3, "latitude": 25.71829, "longitude": -100.37077 }, "geometry": { "type": "Point", "coordinates": [ -100.37077, 25.71829 ] } },
{ "type": "Feature", "properties": { "sensor_index": 293003, "name": "TEC-AMM-RB-006", "timestamp": "2026-09-08T16:52:26.035502+00:00", "pm1_0": 28.2, "pm2_5": 38.8, "latitude": 25.676483, "longitude": -100.29272 }, "geometry": { "type": "Point", "coordinates": [ -100.29272, 25.676483 ] } },
{ "type": "Feature", "properties": { "sensor_index": 293469, "name": "Leon Ortigosa ABP", "timestamp": "2026-09-08T16:52:26.035502+00:00", "pm1_0": 22.7, "pm2_5": 31.3, "latitude": 25.67212, "longitude": -100.33521 }, "geometry": { "type": "Point", "coordinates": [ -100.33521, 25.67212 ] } },
{ "type": "Feature", "properties": { "sensor_index": 293465, "name": "Loma Larga", "timestamp": "2026-09-08T16:52:26.035502+00:00", "pm1_0": 22.7, "pm2_5": 32.3, "latitude": 25.665812, "longitude": -100.34373 }, "geometry": { "type": "Point", "coordinates": [ -100.34373, 25.665812 ] } },
{ "type": "Feature", "properties": { "sensor_index": 293467, "name": "UMF37", "timestamp": "2026-09-08T16:52:26.035502+00:00", "pm1_0": 20.2, "pm2_5": 27.5, "latitude": 25.687622, "longitude": -100.342964 }, "geometry": { "type": "Point", "coordinates": [ -100.342964, 25.687622 ] } },
{ "type": "Feature", "properties": { "sensor_index": 33027, "name": "Lagos del Bosque", "timestamp": "2026-09-08T16:52:26.035502+00:00", "pm1_0": 11.8, "pm2_5": 19.1, "latitude": 25.600061, "longitude": -100.26256 }, "geometry": { "type": "Point", "coordinates": [ -100.26256, 25.600061 ] } },
{ "type": "Feature", "properties": { "sensor_index": 33117, "name": "Liceo de Monterrey", "timestamp": "2026-09-08T16:52:26.035502+00:00", "pm1_0": 26.4, "pm2_5": 41.2, "latitude": 25.650322, "longitude": -100.32849 }, "geometry": { "type": "Point", "coordinates": [ -100.32849, 25.650322 ] } },
{ "type": "Feature", "properties": { "sensor_index": 34441, "name": "Callejon de los Ayala", "timestamp": "2026-09-08T16:52:26.035502+00:00", "pm1_0": 5.0, "pm2_5": 8.2, "latitude": 25.6665, "longitude": -100.3976 }, "geometry": { "type": "Point", "coordinates": [ -100.3976, 25.6665 ] } },
{ "type": "Feature", "properties": { "sensor_index": 34499, "name": "San Patricio #106", "timestamp": "2026-09-08T16:52:26.035502+00:00", "pm1_0": 0.0, "pm2_5": 0.0, "latitude": 25.641743, "longitude": -100.3472 }, "geometry": { "type": "Point", "coordinates": [ -100.3472, 25.641743 ] } },
{ "type": "Feature", "properties": { "sensor_index": 34511, "name": "Rosario", "timestamp": "2026-09-08T16:52:26.035502+00:00", "pm1_0": 14.9, "pm2_5": 24.8, "latitude": 25.640432, "longitude": -100.392265 }, "geometry": { "type": "Point", "coordinates": [ -100.392265, 25.640432 ] } },
{ "type": "Feature", "properties": { "sensor_index": 38663, "name": "Rayon Norte", "timestamp": "2026-09-08T16:52:26.035502+00:00", "pm1_0": 14.2, "pm2_5": 19.1, "latitude": 25.678823, "longitude": -100.319695 }, "geometry": { "type": "Point", "coordinates": [ -100.319695, 25.678823 ] } },
{ "type": "Feature", "properties": { "sensor_index": 42211, "name": "RF", "timestamp": "2026-09-08T16:52:26.035502+00:00", "pm1_0": 16.8, "pm2_5": 25.5, "latitude": 25.61638, "longitude": -100.316124 }, "geometry": { "type": "Point", "coordinates": [ -100.316124, 25.61638 ] } },
{ "type": "Feature", "properties": { "sensor_index": 305140, "name": "Bicla", "timestamp": "2026-09-08T16:52:26.035502+00:00", "pm1_0": 26.7, "pm2_5": 37.6, "latitude": 25.700935, "longitude": -100.33541 }, "geometry": { "type": "Point", "coordinates": [ -100.33541, 25.700935 ] } },
{ "type": "Feature", "properties": { "sensor_index": 305164, "name": "NuevaMaderoDave", "timestamp": "2026-09-08T16:52:26.035502+00:00", "pm1_0": 27.6, "pm2_5": 38.5, "latitude": 25.688787, "longitude": -100.27929 }, "geometry": { "type": "Point", "coordinates": [ -100.27929, 25.688787 ] } },
{ "type": "Feature", "properties": { "sensor_index": 305192, "name": "11a avenida cumbres 1 sector", "timestamp": "2026-09-08T16:52:26.035502+00:00", "pm1_0": 22.2, "pm2_5": 29.8, "latitude": 25.69958, "longitude": -100.35898 }, "geometry": { "type": "Point", "coordinates": [ -100.35898, 25.69958 ] } },
{ "type": "Feature", "properties": { "sensor_index": 305232, "name": "PurpleAir Ancira Mty", "timestamp": "2026-09-08T16:52:26.035502+00:00", "pm1_0": 30.0, "pm2_5": 41.8, "latitude": 25.651157, "longitude": -100.3062 }, "geometry": { "type": "Point", "coordinates": [ -100.3062, 25.651157 ] } },
{ "type": "Feature", "properties": { "sensor_index": 43627, "name": "Liceo de Monterrey Rosemont", "timestamp": "2026-09-08T16:52:26.035502+00:00", "pm1_0": 23.6, "pm2_5": 24.7, "latitude": 25.67425, "longitude": -100.35398 }, "geometry": { "type": "Point", "coordinates": [ -100.35398, 25.67425 ] } },
{ "type": "Feature", "properties": { "sensor_index": 45769, "name": "Huascaran", "timestamp": "2026-09-08T16:52:26.035502+00:00", "pm1_0": 14.4, "pm2_5": 20.2, "latitude": 25.637255, "longitude": -100.399216 }, "geometry": { "type": "Point", "coordinates": [ -100.399216, 25.637255 ] } },
{ "type": "Feature", "properties": { "sensor_index": 308956, "name": "Jardín de las carreras", "timestamp": "2026-09-08T16:52:26.035502+00:00", "pm1_0": 27.7, "pm2_5": 40.1, "latitude": 25.650595, "longitude": -100.289 }, "geometry": { "type": "Point", "coordinates": [ -100.289, 25.650595 ] } },
{ "type": "Feature", "properties": { "sensor_index": 49949, "name": "El Horizonte", "timestamp": "2026-09-08T16:52:26.035502+00:00", "pm1_0": 20.9, "pm2_5": 33.5, "latitude": 25.677492, "longitude": -100.29761 }, "geometry": { "type": "Point", "coordinates": [ -100.29761, 25.677492 ] } },
{ "type": "Feature", "properties": { "sensor_index": 50555, "name": "Treviño", "timestamp": "2026-09-08T16:52:26.035502+00:00", "pm1_0": 0.0, "pm2_5": 0.0, "latitude": 25.638243, "longitude": -100.36743 }, "geometry": { "type": "Point", "coordinates": [ -100.36743, 25.638243 ] } },
{ "type": "Feature", "properties": { "sensor_index": 50871, "name": "TEC Garza Laguera", "timestamp": "2026-09-08T16:52:26.035502+00:00", "pm1_0": 11.8, "pm2_5": 17.2, "latitude": 25.61827, "longitude": -100.27293 }, "geometry": { "type": "Point", "coordinates": [ -100.27293, 25.61827 ] } },
{ "type": "Feature", "properties": { "sensor_index": 321194, "name": "Ramsesgs", "timestamp": "2026-09-08T16:52:26.035502+00:00", "pm1_0": 26.4, "pm2_5": 37.1, "latitude": 25.61975, "longitude": -100.29781 }, "geometry": { "type": "Point", "coordinates": [ -100.29781, 25.61975 ] } },
{ "type": "Feature", "properties": { "sensor_index": 119937, "name": "Grupo Reforma Cumbres", "timestamp": "2026-09-08T16:52:26.035502+00:00", "pm1_0": 8.8, "pm2_5": 19.4, "latitude": 25.71012, "longitude": -100.37474 }, "geometry": { "type": "Point", "coordinates": [ -100.37474, 25.71012 ] } },
{ "type": "Feature", "properties": { "sensor_index": 119965, "name": "Grupo Reforma El Norte", "timestamp": "2026-09-08T16:52:26.035502+00:00", "pm1_0": 19.4, "pm2_5": 27.5, "latitude": 25.674164, "longitude": -100.30816 }, "geometry": { "type": "Point", "coordinates": [ -100.30816, 25.674164 ] } },
{ "type": "Feature", "properties": { "sensor_index": 121825, "name": "Grupo Reforma Sierra Madre", "timestamp": "2026-09-08T16:52:26.035502+00:00", "pm1_0": 3326.2, "pm2_5": 3326.2, "latitude": 25.663378, "longitude": -100.36808 }, "geometry": { "type": "Point", "coordinates": [ -100.36808, 25.663378 ] } },
{ "type": "Feature", "properties": { "sensor_index": 136522, "name": "Bosques de La Pastora", "timestamp": "2026-09-08T16:52:26.035502+00:00", "pm1_0": 18.5, "pm2_5": 28.9, "latitude": 25.65773, "longitude": -100.251625 }, "geometry": { "type": "Point", "coordinates": [ -100.251625, 25.65773 ] } },
{ "type": "Feature", "properties": { "sensor_index": 147010, "name": "Santa Barbara", "timestamp": "2026-09-08T16:52:26.035502+00:00", "pm1_0": 16.5, "pm2_5": 21.7, "latitude": 25.661701, "longitude": -100.38932 }, "geometry": { "type": "Point", "coordinates": [ -100.38932, 25.661701 ] } },
{ "type": "Feature", "properties": { "sensor_index": 174781, "name": "Colegio Cambridge de Monterrey Campus Mitras", "timestamp": "2026-09-08T16:52:26.035502+00:00", "pm1_0": 20.7, "pm2_5": 26.3, "latitude": 25.696613, "longitude": -100.348114 }, "geometry": { "type": "Point", "coordinates": [ -100.348114, 25.696613 ] } },
{ "type": "Feature", "properties": { "sensor_index": 174787, "name": "Colegio Cambridge de Monterrey Campus Norte", "timestamp": "2026-09-08T16:52:26.035502+00:00", "pm1_0": 34.4, "pm2_5": 40.0, "latitude": 25.779613, "longitude": -100.28022 }, "geometry": { "type": "Point", "coordinates": [ -100.28022, 25.779613 ] } },
{ "type": "Feature", "properties": { "sensor_index": 189431, "name": "BEA", "timestamp": "2026-09-08T16:52:26.035502+00:00", "pm1_0": 20.5, "pm2_5": 29.9, "latitude": 25.65725, "longitude": -100.35996 }, "geometry": { "type": "Point", "coordinates": [ -100.35996, 25.65725 ] } },
{ "type": "Feature", "properties": { "sensor_index": 189435, "name": "Olinalá", "timestamp": "2026-09-08T16:52:26.035502+00:00", "pm1_0": 20.6, "pm2_5": 32.1, "latitude": 25.618986, "longitude": -100.37645 }, "geometry": { "type": "Point", "coordinates": [ -100.37645, 25.618986 ] } },
{ "type": "Feature", "properties": { "sensor_index": 189447, "name": "Río Amazonas NO", "timestamp": "2026-09-08T16:52:26.035502+00:00", "pm1_0": 20.9, "pm2_5": 31.1, "latitude": 25.662104, "longitude": -100.37172 }, "geometry": { "type": "Point", "coordinates": [ -100.37172, 25.662104 ] } },
{ "type": "Feature", "properties": { "sensor_index": 189455, "name": "CHIPINQUE CAV", "timestamp": "2026-09-08T16:52:26.035502+00:00", "pm1_0": 20.4, "pm2_5": 32.3, "latitude": 25.618307, "longitude": -100.359955 }, "geometry": { "type": "Point", "coordinates": [ -100.359955, 25.618307 ] } },
{ "type": "Feature", "properties": { "sensor_index": 189469, "name": "Hospital Zambran Hellion TecSalud", "timestamp": "2026-09-08T16:52:26.035502+00:00", "pm1_0": 21.8, "pm2_5": 33.9, "latitude": 25.64684, "longitude": -100.33364 }, "geometry": { "type": "Point", "coordinates": [ -100.33364, 25.64684 ] } },
{ "type": "Feature", "properties": { "sensor_index": 208785, "name": "Colegio Cambridge de Monterrey Campus Anáhuac", "timestamp": "2026-09-08T16:52:26.035502+00:00", "pm1_0": 25.1, "pm2_5": 32.4, "latitude": 25.77144, "longitude": -100.26785 }, "geometry": { "type": "Point", "coordinates": [ -100.26785, 25.77144 ] } },
{ "type": "Feature", "properties": { "sensor_index": 209147, "name": "Rincon de San Jeronimo", "timestamp": "2026-09-08T16:52:26.035502+00:00", "pm1_0": 19.1, "pm2_5": 29.8, "latitude": 25.691032, "longitude": -100.375786 }, "geometry": { "type": "Point", "coordinates": [ -100.375786, 25.691032 ] } },
{ "type": "Feature", "properties": { "sensor_index": 227879, "name": "Rectoria", "timestamp": "2026-09-08T16:52:26.035502+00:00", "pm1_0": 26.7, "pm2_5": 36.7, "latitude": 25.651268, "longitude": -100.291214 }, "geometry": { "type": "Point", "coordinates": [ -100.291214, 25.651268 ] } },
{ "type": "Feature", "properties": { "sensor_index": 227887, "name": "Sensor_Purple_Air-Explanada_EGP-Entrada_Prin", "timestamp": "2026-09-08T16:52:26.035502+00:00", "pm1_0": 13.7, "pm2_5": 16.9, "latitude": 25.64419, "longitude": -100.3255 }, "geometry": { "type": "Point", "coordinates": [ -100.3255, 25.64419 ] } },
{ "type": "Feature", "properties": { "sensor_index": 227889, "name": "Parque central", "timestamp": "2026-09-08T16:52:26.035502+00:00", "pm1_0": 25.1, "pm2_5": 32.5, "latitude": 25.652395, "longitude": -100.28713 }, "geometry": { "type": "Point", "coordinates": [ -100.28713, 25.652395 ] } },
{ "type": "Feature", "properties": { "sensor_index": 227907, "name": "Estacionamiento Alumnos", "timestamp": "2026-09-08T16:52:26.035502+00:00", "pm1_0": 23.5, "pm2_5": 31.6, "latitude": 25.744081, "longitude": -100.28277 }, "geometry": { "type": "Point", "coordinates": [ -100.28277, 25.744081 ] } },
{ "type": "Feature", "properties": { "sensor_index": 227913, "name": "EGADE-Sombrillas", "timestamp": "2026-09-08T16:52:26.035502+00:00", "pm1_0": 23.7, "pm2_5": 33.5, "latitude": 25.643106, "longitude": -100.32573 }, "geometry": { "type": "Point", "coordinates": [ -100.32573, 25.643106 ] } },
{ "type": "Feature", "properties": { "sensor_index": 228003, "name": "EGL-Jardín Robótica", "timestamp": "2026-09-08T16:52:26.035502+00:00", "pm1_0": 26.3, "pm2_5": 36.4, "latitude": 25.61803, "longitude": -100.27554 }, "geometry": { "type": "Point", "coordinates": [ -100.27554, 25.61803 ] } },
{ "type": "Feature", "properties": { "sensor_index": 228001, "name": "C-MTY Explanada 2", "timestamp": "2026-09-08T16:52:26.035502+00:00", "pm1_0": 29.9, "pm2_5": 42.7, "latitude": 25.656332, "longitude": -100.20696 }, "geometry": { "type": "Point", "coordinates": [ -100.20696, 25.656332 ] } },
{ "type": "Feature", "properties": { "sensor_index": 228383, "name": "Estadio Banorte", "timestamp": "2026-09-08T16:52:26.035502+00:00", "pm1_0": 28.9, "pm2_5": 39.4, "latitude": 25.654228, "longitude": -100.28651 }, "geometry": { "type": "Point", "coordinates": [ -100.28651, 25.654228 ] } },
{ "type": "Feature", "properties": { "sensor_index": 228381, "name": "C-MTY RAMPA CAFETERÍA", "timestamp": "2026-09-08T16:52:26.035502+00:00", "pm1_0": 25.2, "pm2_5": 35.5, "latitude": 25.628263, "longitude": -100.30376 }, "geometry": { "type": "Point", "coordinates": [ -100.30376, 25.628263 ] } },
{ "type": "Feature", "properties": { "sensor_index": 228389, "name": "PEGS-Sensor-Canchas", "timestamp": "2026-09-08T16:52:26.035502+00:00", "pm1_0": 23.4, "pm2_5": 31.9, "latitude": 25.670425, "longitude": -100.35683 }, "geometry": { "type": "Point", "coordinates": [ -100.35683, 25.670425 ] } },
{ "type": "Feature", "properties": { "sensor_index": 228407, "name": "CEDES", "timestamp": "2026-09-08T16:52:26.035502+00:00", "pm1_0": 26.0, "pm2_5": 33.7, "latitude": 25.653677, "longitude": -100.29242 }, "geometry": { "type": "Point", "coordinates": [ -100.29242, 25.653677 ] } },
{ "type": "Feature", "properties": { "sensor_index": 278863, "name": "Rio Balsas", "timestamp": "2026-09-08T17:17:23.659008+00:00", "pm1_0": 22.0, "pm2_5": 29.1, "latitude": 25.662691, "longitude": -100.37312 }, "geometry": { "type": "Point", "coordinates": [ -100.37312, 25.662691 ] } },
{ "type": "Feature", "properties": { "sensor_index": 278869, "name": "Veredalta", "timestamp": "2026-09-08T17:17:23.659008+00:00", "pm1_0": 21.0, "pm2_5": 28.8, "latitude": 25.638226, "longitude": -100.3525 }, "geometry": { "type": "Point", "coordinates": [ -100.3525, 25.638226 ] } },
{ "type": "Feature", "properties": { "sensor_index": 278871, "name": "Parroquia Reina de Los Ángeles", "timestamp": "2026-09-08T17:17:23.659008+00:00", "pm1_0": 13.3, "pm2_5": 21.0, "latitude": 25.636341, "longitude": -100.36872 }, "geometry": { "type": "Point", "coordinates": [ -100.36872, 25.636341 ] } },
{ "type": "Feature", "properties": { "sensor_index": 278875, "name": "Secretaría de Relaciones Exteriores", "timestamp": "2026-09-08T17:17:23.659008+00:00", "pm1_0": 22.4, "pm2_5": 30.2, "latitude": 25.667723, "longitude": -100.38136 }, "geometry": { "type": "Point", "coordinates": [ -100.38136, 25.667723 ] } },
{ "type": "Feature", "properties": { "sensor_index": 278883, "name": "Mater International Institute", "timestamp": "2026-09-08T17:17:23.659008+00:00", "pm1_0": 24.4, "pm2_5": 34.7, "latitude": 25.641127, "longitude": -100.362755 }, "geometry": { "type": "Point", "coordinates": [ -100.362755, 25.641127 ] } },
{ "type": "Feature", "properties": { "sensor_index": 278889, "name": "Chipinque Meseta", "timestamp": "2026-09-08T17:17:23.659008+00:00", "pm1_0": 20.9, "pm2_5": 31.6, "latitude": 25.607624, "longitude": -100.355156 }, "geometry": { "type": "Point", "coordinates": [ -100.355156, 25.607624 ] } },
{ "type": "Feature", "properties": { "sensor_index": 278901, "name": "OFICINAS SAN PEDRO PARQUES", "timestamp": "2026-09-08T17:17:23.659008+00:00", "pm1_0": 22.5, "pm2_5": 28.7, "latitude": 25.644024, "longitude": -100.376305 }, "geometry": { "type": "Point", "coordinates": [ -100.376305, 25.644024 ] } },
{ "type": "Feature", "properties": { "sensor_index": 278919, "name": "Residencia Tabachín", "timestamp": "2026-09-08T17:17:23.659008+00:00", "pm1_0": 19.1, "pm2_5": 27.7, "latitude": 25.630367, "longitude": -100.34808 }, "geometry": { "type": "Point", "coordinates": [ -100.34808, 25.630367 ] } },
{ "type": "Feature", "properties": { "sensor_index": 278929, "name": "Rio Caura", "timestamp": "2026-09-08T17:17:23.659008+00:00", "pm1_0": 22.5, "pm2_5": 31.7, "latitude": 25.659946, "longitude": -100.38283 }, "geometry": { "type": "Point", "coordinates": [ -100.38283, 25.659946 ] } },
{ "type": "Feature", "properties": { "sensor_index": 278931, "name": "Residencia Platon", "timestamp": "2026-09-08T17:17:23.659008+00:00", "pm1_0": 21.0, "pm2_5": 28.8, "latitude": 25.630522, "longitude": -100.36023 }, "geometry": { "type": "Point", "coordinates": [ -100.36023, 25.630522 ] } },
{ "type": "Feature", "properties": { "sensor_index": 278937, "name": "Residencia Saqqara", "timestamp": "2026-09-08T17:17:23.659008+00:00", "pm1_0": 22.6, "pm2_5": 31.0, "latitude": 25.652473, "longitude": -100.349236 }, "geometry": { "type": "Point", "coordinates": [ -100.349236, 25.652473 ] } },
{ "type": "Feature", "properties": { "sensor_index": 278939, "name": "Residencia Rio Rosas", "timestamp": "2026-09-08T17:17:23.659008+00:00", "pm1_0": 20.7, "pm2_5": 27.8, "latitude": 25.656303, "longitude": -100.36027 }, "geometry": { "type": "Point", "coordinates": [ -100.36027, 25.656303 ] } },
{ "type": "Feature", "properties": { "sensor_index": 278951, "name": "Parque El Capitán", "timestamp": "2026-09-08T17:17:23.659008+00:00", "pm1_0": 21.5, "pm2_5": 29.0, "latitude": 25.663504, "longitude": -100.35734 }, "geometry": { "type": "Point", "coordinates": [ -100.35734, 25.663504 ] } },
{ "type": "Feature", "properties": { "sensor_index": 278957, "name": "Los Pinos", "timestamp": "2026-09-08T17:17:23.659008+00:00", "pm1_0": 19.7, "pm2_5": 28.1, "latitude": 25.672205, "longitude": -100.397354 }, "geometry": { "type": "Point", "coordinates": [ -100.397354, 25.672205 ] } },
{ "type": "Feature", "properties": { "sensor_index": 278959, "name": "Colegio Nobel", "timestamp": "2026-09-08T17:17:23.659008+00:00", "pm1_0": 20.1, "pm2_5": 27.6, "latitude": 25.657562, "longitude": -100.39641 }, "geometry": { "type": "Point", "coordinates": [ -100.39641, 25.657562 ] } },
{ "type": "Feature", "properties": { "sensor_index": 278955, "name": "Residencia San Mateo", "timestamp": "2026-09-08T17:17:23.659008+00:00", "pm1_0": 19.8, "pm2_5": 26.5, "latitude": 25.643766, "longitude": -100.31643 }, "geometry": { "type": "Point", "coordinates": [ -100.31643, 25.643766 ] } },
{ "type": "Feature", "properties": { "sensor_index": 279836, "name": "San Roberto International School San Agustin", "timestamp": "2026-09-08T17:17:23.659008+00:00", "pm1_0": 24.2, "pm2_5": 33.5, "latitude": 25.646032, "longitude": -100.338165 }, "geometry": { "type": "Point", "coordinates": [ -100.338165, 25.646032 ] } },
{ "type": "Feature", "properties": { "sensor_index": 279834, "name": "Colegio Ingles Campus Encino", "timestamp": "2026-09-08T17:17:23.659008+00:00", "pm1_0": 24.1, "pm2_5": 33.2, "latitude": 25.637669, "longitude": -100.33746 }, "geometry": { "type": "Point", "coordinates": [ -100.33746, 25.637669 ] } },
{ "type": "Feature", "properties": { "sensor_index": 279854, "name": "Pinos", "timestamp": "2026-09-08T17:17:23.659008+00:00", "pm1_0": 17.4, "pm2_5": 19.8, "latitude": 25.65975, "longitude": -100.349976 }, "geometry": { "type": "Point", "coordinates": [ -100.349976, 25.65975 ] } },
{ "type": "Feature", "properties": { "sensor_index": 279866, "name": "Lomas del Campestre", "timestamp": "2026-09-08T17:17:23.659008+00:00", "pm1_0": 28.9, "pm2_5": 40.4, "latitude": 25.638052, "longitude": -100.33173 }, "geometry": { "type": "Point", "coordinates": [ -100.33173, 25.638052 ] } },
{ "type": "Feature", "properties": { "sensor_index": 279890, "name": "María Desatadora de Nudos", "timestamp": "2026-09-08T17:17:23.659008+00:00", "pm1_0": 22.7, "pm2_5": 31.9, "latitude": 25.624146, "longitude": -100.37315 }, "geometry": { "type": "Point", "coordinates": [ -100.37315, 25.624146 ] } },
{ "type": "Feature", "properties": { "sensor_index": 279926, "name": "Parque Mississippi", "timestamp": "2026-09-08T17:17:23.659008+00:00", "pm1_0": 22.0, "pm2_5": 27.3, "latitude": 25.657495, "longitude": -100.36317 }, "geometry": { "type": "Point", "coordinates": [ -100.36317, 25.657495 ] } },
{ "type": "Feature", "properties": { "sensor_index": 280524, "name": "Privada Paso de la Sierra", "timestamp": "2026-09-08T17:17:23.659008+00:00", "pm1_0": 21.8, "pm2_5": 28.7, "latitude": 25.648457, "longitude": -100.36256 }, "geometry": { "type": "Point", "coordinates": [ -100.36256, 25.648457 ] } },
{ "type": "Feature", "properties": { "sensor_index": 280520, "name": "Irish International School Campus First School", "timestamp": "2026-09-08T17:17:23.659008+00:00", "pm1_0": 25.2, "pm2_5": 33.8, "latitude": 25.639212, "longitude": -100.34154 }, "geometry": { "type": "Point", "coordinates": [ -100.34154, 25.639212 ] } },
{ "type": "Feature", "properties": { "sensor_index": 280532, "name": "Museo La Milarca", "timestamp": "2026-09-08T17:17:23.659008+00:00", "pm1_0": 28.1, "pm2_5": 37.9, "latitude": 25.64443, "longitude": -100.32734 }, "geometry": { "type": "Point", "coordinates": [ -100.32734, 25.64443 ] } },
{ "type": "Feature", "properties": { "sensor_index": 280534, "name": "Residencia Savotino", "timestamp": "2026-09-08T17:17:23.659008+00:00", "pm1_0": 24.6, "pm2_5": 33.8, "latitude": 25.662497, "longitude": -100.36313 }, "geometry": { "type": "Point", "coordinates": [ -100.36313, 25.662497 ] } },
{ "type": "Feature", "properties": { "sensor_index": 280644, "name": "Residencia nogal", "timestamp": "2026-09-08T17:17:23.659008+00:00", "pm1_0": 20.6, "pm2_5": 28.9, "latitude": 25.61478, "longitude": -100.368286 }, "geometry": { "type": "Point", "coordinates": [ -100.368286, 25.61478 ] } },
{ "type": "Feature", "properties": { "sensor_index": 280900, "name": "Rio Necaxa", "timestamp": "2026-09-08T17:17:23.659008+00:00", "pm1_0": 23.4, "pm2_5": 32.3, "latitude": 25.65677, "longitude": -100.344666 }, "geometry": { "type": "Point", "coordinates": [ -100.344666, 25.65677 ] } },
{ "type": "Feature", "properties": { "sensor_index": 280902, "name": "Residencia Rio Pesqueria", "timestamp": "2026-09-08T17:17:23.659008+00:00", "pm1_0": 23.7, "pm2_5": 31.6, "latitude": 25.658936, "longitude": -100.37394 }, "geometry": { "type": "Point", "coordinates": [ -100.37394, 25.658936 ] } },
{ "type": "Feature", "properties": { "sensor_index": 284960, "name": "Esquina Barranquilla y Patagonia (Altavista)", "timestamp": "2026-09-08T17:17:23.659008+00:00", "pm1_0": 29.8, "pm2_5": 40.1, "latitude": 25.644045, "longitude": -100.29044 }, "geometry": { "type": "Point", "coordinates": [ -100.29044, 25.644045 ] } },
{ "type": "Feature", "properties": { "sensor_index": 286238, "name": "Oasis", "timestamp": "2026-09-08T17:17:23.659008+00:00", "pm1_0": 25.9, "pm2_5": 33.8, "latitude": 25.640884, "longitude": -100.30304 }, "geometry": { "type": "Point", "coordinates": [ -100.30304, 25.640884 ] } },
{ "type": "Feature", "properties": { "sensor_index": 286240, "name": "Casa Naranjos", "timestamp": "2026-09-08T17:17:23.659008+00:00", "pm1_0": 28.8, "pm2_5": 38.7, "latitude": 25.654285, "longitude": -100.28977 }, "geometry": { "type": "Point", "coordinates": [ -100.28977, 25.654285 ] } },
{ "type": "Feature", "properties": { "sensor_index": 288064, "name": "Terminal", "timestamp": "2026-09-08T17:17:23.659008+00:00", "pm1_0": 30.3, "pm2_5": 41.3, "latitude": 25.686438, "longitude": -100.29351 }, "geometry": { "type": "Point", "coordinates": [ -100.29351, 25.686438 ] } },
{ "type": "Feature", "properties": { "sensor_index": 288066, "name": "Hospital de San Vicente", "timestamp": "2026-09-08T17:17:23.659008+00:00", "pm1_0": 31.9, "pm2_5": 43.3, "latitude": 25.67851, "longitude": -100.324974 }, "geometry": { "type": "Point", "coordinates": [ -100.324974, 25.67851 ] } },
{ "type": "Feature", "properties": { "sensor_index": 288332, "name": "Facultad de Salud Pública y Nutrición", "timestamp": "2026-09-08T17:17:23.659008+00:00", "pm1_0": 26.1, "pm2_5": 35.1, "latitude": 25.688875, "longitude": -100.34783 }, "geometry": { "type": "Point", "coordinates": [ -100.34783, 25.688875 ] } },
{ "type": "Feature", "properties": { "sensor_index": 292893, "name": "TEC-AMM-RB-005", "timestamp": "2026-09-08T17:17:23.659008+00:00", "pm1_0": 28.4, "pm2_5": 40.0, "latitude": 25.658117, "longitude": -100.26312 }, "geometry": { "type": "Point", "coordinates": [ -100.26312, 25.658117 ] } },
{ "type": "Feature", "properties": { "sensor_index": 292895, "name": "TEC-AMM-RD-004", "timestamp": "2026-09-08T17:17:23.659008+00:00", "pm1_0": 25.8, "pm2_5": 34.0, "latitude": 25.774128, "longitude": -100.26622 }, "geometry": { "type": "Point", "coordinates": [ -100.26622, 25.774128 ] } },
{ "type": "Feature", "properties": { "sensor_index": 292889, "name": "TEC-AMM-RB-003", "timestamp": "2026-09-08T17:17:23.659008+00:00", "pm1_0": 27.5, "pm2_5": 38.5, "latitude": 25.654068, "longitude": -100.22748 }, "geometry": { "type": "Point", "coordinates": [ -100.22748, 25.654068 ] } },
{ "type": "Feature", "properties": { "sensor_index": 292891, "name": "TEC-AMM-RC-004", "timestamp": "2026-09-08T17:17:23.659008+00:00", "pm1_0": 25.4, "pm2_5": 32.9, "latitude": 25.639277, "longitude": -100.17398 }, "geometry": { "type": "Point", "coordinates": [ -100.17398, 25.639277 ] } },
{ "type": "Feature", "properties": { "sensor_index": 292901, "name": "TEC-AMM-RF-004", "timestamp": "2026-09-08T17:17:23.659008+00:00", "pm1_0": 26.2, "pm2_5": 33.5, "latitude": 25.738094, "longitude": -100.30651 }, "geometry": { "type": "Point", "coordinates": [ -100.30651, 25.738094 ] } },
{ "type": "Feature", "properties": { "sensor_index": 292901, "name": "TEC-AMM-RF-004", "timestamp": "2026-09-08T17:17:23.659008+00:00", "pm1_0": 26.2, "pm2_5": 33.5, "latitude": 25.73373, "longitude": -100.31656 }, "geometry": { "type": "Point", "coordinates": [ -100.31656, 25.73373 ] } },
{ "type": "Feature", "properties": { "sensor_index": 292897, "name": "TEC-AMM-RF-005", "timestamp": "2026-09-08T17:17:23.659008+00:00", "pm1_0": 28.7, "pm2_5": 38.8, "latitude": 25.770947, "longitude": -100.36825 }, "geometry": { "type": "Point", "coordinates": [ -100.36825, 25.770947 ] } },
{ "type": "Feature", "properties": { "sensor_index": 292905, "name": "TEC-AMM-RC-006", "timestamp": "2026-09-08T17:17:23.659008+00:00", "pm1_0": 25.0, "pm2_5": 32.6, "latitude": 25.608519, "longitude": -100.1551 }, "geometry": { "type": "Point", "coordinates": [ -100.1551, 25.608519 ] } },
{ "type": "Feature", "properties": { "sensor_index": 292941, "name": "TEC-AMM-RD-005", "timestamp": "2026-09-08T17:17:23.659008+00:00", "pm1_0": 8.8, "pm2_5": 11.6, "latitude": 25.760899, "longitude": -100.16765 }, "geometry": { "type": "Point", "coordinates": [ -100.16765, 25.760899 ] } },
{ "type": "Feature", "properties": { "sensor_index": 292943, "name": "TEC-AMM-RC-005", "timestamp": "2026-09-08T17:17:23.659008+00:00", "pm1_0": 23.9, "pm2_5": 31.0, "latitude": 25.646128, "longitude": -100.14929 }, "geometry": { "type": "Point", "coordinates": [ -100.14929, 25.646128 ] } },
{ "type": "Feature", "properties": { "sensor_index": 292939, "name": "TEC-AMM-RA-001", "timestamp": "2026-09-08T17:17:23.659008+00:00", "pm1_0": 22.3, "pm2_5": 29.8, "latitude": 25.658657, "longitude": -100.399 }, "geometry": { "type": "Point", "coordinates": [ -100.399, 25.658657 ] } },
{ "type": "Feature", "properties": { "sensor_index": 292949, "name": "TEC-AMM-RA-003", "timestamp": "2026-09-08T17:17:23.659008+00:00", "pm1_0": 21.9, "pm2_5": 28.8, "latitude": 25.661757, "longitude": -100.36972 }, "geometry": { "type": "Point", "coordinates": [ -100.36972, 25.661757 ] } },
{ "type": "Feature", "properties": { "sensor_index": 292951, "name": "TEC-AMM-RB-004", "timestamp": "2026-09-08T17:17:23.659008+00:00", "pm1_0": 27.6, "pm2_5": 38.5, "latitude": 25.66194, "longitude": -100.3313 }, "geometry": { "type": "Point", "coordinates": [ -100.3313, 25.66194 ] } },
{ "type": "Feature", "properties": { "sensor_index": 292947, "name": "TEC-AMM-RA-004", "timestamp": "2026-09-08T17:17:23.659008+00:00", "pm1_0": 26.6, "pm2_5": 35.4, "latitude": 25.684696, "longitude": -100.36298 }, "geometry": { "type": "Point", "coordinates": [ -100.36298, 25.684696 ] } },
{ "type": "Feature", "properties": { "sensor_index": 292957, "name": "TEC-AMM-RC-008", "timestamp": "2026-09-08T17:17:23.659008+00:00", "pm1_0": 22.2, "pm2_5": 29.7, "latitude": 25.731503, "longitude": -100.13724 }, "geometry": { "type": "Point", "coordinates": [ -100.13724, 25.731503 ] } },
{ "type": "Feature", "properties": { "sensor_index": 292973, "name": "TEC-AMM-RC-003", "timestamp": "2026-09-08T17:17:23.659008+00:00", "pm1_0": 26.6, "pm2_5": 36.0, "latitude": 25.684975, "longitude": -100.17443 }, "geometry": { "type": "Point", "coordinates": [ -100.17443, 25.684975 ] } },
{ "type": "Feature", "properties": { "sensor_index": 292983, "name": "TEC-AMM-RC-007", "timestamp": "2026-09-08T17:17:23.659008+00:00", "pm1_0": 17.7, "pm2_5": 24.9, "latitude": 25.650148, "longitude": -100.11657 }, "geometry": { "type": "Point", "coordinates": [ -100.11657, 25.650148 ] } },
{ "type": "Feature", "properties": { "sensor_index": 292997, "name": "TEC-AMM-RF-004", "timestamp": "2026-09-08T17:17:23.659008+00:00", "pm1_0": 26.8, "pm2_5": 35.4, "latitude": 25.738094, "longitude": -100.30651 }, "geometry": { "type": "Point", "coordinates": [ -100.30651, 25.738094 ] } },
{ "type": "Feature", "properties": { "sensor_index": 292997, "name": "TEC-AMM-RF-004", "timestamp": "2026-09-08T17:17:23.659008+00:00", "pm1_0": 26.8, "pm2_5": 35.4, "latitude": 25.73373, "longitude": -100.31656 }, "geometry": { "type": "Point", "coordinates": [ -100.31656, 25.73373 ] } },
{ "type": "Feature", "properties": { "sensor_index": 292999, "name": "TEC-AMM-RE-002", "timestamp": "2026-09-08T17:17:23.659008+00:00", "pm1_0": 25.6, "pm2_5": 33.5, "latitude": 25.772509, "longitude": -100.31119 }, "geometry": { "type": "Point", "coordinates": [ -100.31119, 25.772509 ] } },
{ "type": "Feature", "properties": { "sensor_index": 293001, "name": "TEC-AMM-RF-006", "timestamp": "2026-09-08T17:17:23.659008+00:00", "pm1_0": 24.0, "pm2_5": 31.2, "latitude": 25.71829, "longitude": -100.37077 }, "geometry": { "type": "Point", "coordinates": [ -100.37077, 25.71829 ] } },
{ "type": "Feature", "properties": { "sensor_index": 293003, "name": "TEC-AMM-RB-006", "timestamp": "2026-09-08T17:17:23.659008+00:00", "pm1_0": 30.0, "pm2_5": 41.6, "latitude": 25.676483, "longitude": -100.29272 }, "geometry": { "type": "Point", "coordinates": [ -100.29272, 25.676483 ] } },
{ "type": "Feature", "properties": { "sensor_index": 293469, "name": "Leon Ortigosa ABP", "timestamp": "2026-09-08T17:17:23.659008+00:00", "pm1_0": 28.1, "pm2_5": 40.0, "latitude": 25.67212, "longitude": -100.33521 }, "geometry": { "type": "Point", "coordinates": [ -100.33521, 25.67212 ] } },
{ "type": "Feature", "properties": { "sensor_index": 293465, "name": "Loma Larga", "timestamp": "2026-09-08T17:17:23.659008+00:00", "pm1_0": 26.0, "pm2_5": 36.9, "latitude": 25.665812, "longitude": -100.34373 }, "geometry": { "type": "Point", "coordinates": [ -100.34373, 25.665812 ] } },
{ "type": "Feature", "properties": { "sensor_index": 293467, "name": "UMF37", "timestamp": "2026-09-08T17:17:23.659008+00:00", "pm1_0": 23.5, "pm2_5": 32.6, "latitude": 25.687622, "longitude": -100.342964 }, "geometry": { "type": "Point", "coordinates": [ -100.342964, 25.687622 ] } },
{ "type": "Feature", "properties": { "sensor_index": 33027, "name": "Lagos del Bosque", "timestamp": "2026-09-08T17:17:23.659008+00:00", "pm1_0": 12.2, "pm2_5": 19.1, "latitude": 25.600061, "longitude": -100.26256 }, "geometry": { "type": "Point", "coordinates": [ -100.26256, 25.600061 ] } },
{ "type": "Feature", "properties": { "sensor_index": 33117, "name": "Liceo de Monterrey", "timestamp": "2026-09-08T17:17:23.659008+00:00", "pm1_0": 29.2, "pm2_5": 45.3, "latitude": 25.650322, "longitude": -100.32849 }, "geometry": { "type": "Point", "coordinates": [ -100.32849, 25.650322 ] } },
{ "type": "Feature", "properties": { "sensor_index": 34441, "name": "Callejon de los Ayala", "timestamp": "2026-09-08T17:17:23.659008+00:00", "pm1_0": 4.4, "pm2_5": 7.8, "latitude": 25.6665, "longitude": -100.3976 }, "geometry": { "type": "Point", "coordinates": [ -100.3976, 25.6665 ] } },
{ "type": "Feature", "properties": { "sensor_index": 34499, "name": "San Patricio #106", "timestamp": "2026-09-08T17:17:23.659008+00:00", "pm1_0": 0.0, "pm2_5": 0.0, "latitude": 25.641743, "longitude": -100.3472 }, "geometry": { "type": "Point", "coordinates": [ -100.3472, 25.641743 ] } },
{ "type": "Feature", "properties": { "sensor_index": 34511, "name": "Rosario", "timestamp": "2026-09-08T17:17:23.659008+00:00", "pm1_0": 16.0, "pm2_5": 26.3, "latitude": 25.640432, "longitude": -100.392265 }, "geometry": { "type": "Point", "coordinates": [ -100.392265, 25.640432 ] } },
{ "type": "Feature", "properties": { "sensor_index": 38663, "name": "Rayon Norte", "timestamp": "2026-09-08T17:17:23.659008+00:00", "pm1_0": 14.2, "pm2_5": 19.1, "latitude": 25.678823, "longitude": -100.319695 }, "geometry": { "type": "Point", "coordinates": [ -100.319695, 25.678823 ] } },
{ "type": "Feature", "properties": { "sensor_index": 42211, "name": "RF", "timestamp": "2026-09-08T17:17:23.659008+00:00", "pm1_0": 22.4, "pm2_5": 33.7, "latitude": 25.61638, "longitude": -100.316124 }, "geometry": { "type": "Point", "coordinates": [ -100.316124, 25.61638 ] } },
{ "type": "Feature", "properties": { "sensor_index": 305140, "name": "Bicla", "timestamp": "2026-09-08T17:17:23.659008+00:00", "pm1_0": 26.8, "pm2_5": 38.4, "latitude": 25.700935, "longitude": -100.33541 }, "geometry": { "type": "Point", "coordinates": [ -100.33541, 25.700935 ] } },
{ "type": "Feature", "properties": { "sensor_index": 305164, "name": "NuevaMaderoDave", "timestamp": "2026-09-08T17:17:23.659008+00:00", "pm1_0": 27.7, "pm2_5": 38.2, "latitude": 25.688787, "longitude": -100.27929 }, "geometry": { "type": "Point", "coordinates": [ -100.27929, 25.688787 ] } },
{ "type": "Feature", "properties": { "sensor_index": 305192, "name": "11a avenida cumbres 1 sector", "timestamp": "2026-09-08T17:17:23.659008+00:00", "pm1_0": 25.5, "pm2_5": 34.3, "latitude": 25.69958, "longitude": -100.35898 }, "geometry": { "type": "Point", "coordinates": [ -100.35898, 25.69958 ] } },
{ "type": "Feature", "properties": { "sensor_index": 305232, "name": "PurpleAir Ancira Mty", "timestamp": "2026-09-08T17:17:23.659008+00:00", "pm1_0": 37.8, "pm2_5": 52.2, "latitude": 25.651157, "longitude": -100.3062 }, "geometry": { "type": "Point", "coordinates": [ -100.3062, 25.651157 ] } },
{ "type": "Feature", "properties": { "sensor_index": 43627, "name": "Liceo de Monterrey Rosemont", "timestamp": "2026-09-08T17:17:23.659008+00:00", "pm1_0": 23.6, "pm2_5": 24.7, "latitude": 25.67425, "longitude": -100.35398 }, "geometry": { "type": "Point", "coordinates": [ -100.35398, 25.67425 ] } },
{ "type": "Feature", "properties": { "sensor_index": 45769, "name": "Huascaran", "timestamp": "2026-09-08T17:17:23.659008+00:00", "pm1_0": 14.3, "pm2_5": 20.3, "latitude": 25.637255, "longitude": -100.399216 }, "geometry": { "type": "Point", "coordinates": [ -100.399216, 25.637255 ] } },
{ "type": "Feature", "properties": { "sensor_index": 308956, "name": "Jardín de las carreras", "timestamp": "2026-09-08T17:17:23.659008+00:00", "pm1_0": 29.4, "pm2_5": 41.4, "latitude": 25.650595, "longitude": -100.289 }, "geometry": { "type": "Point", "coordinates": [ -100.289, 25.650595 ] } },
{ "type": "Feature", "properties": { "sensor_index": 49949, "name": "El Horizonte", "timestamp": "2026-09-08T17:17:23.659008+00:00", "pm1_0": 22.8, "pm2_5": 35.8, "latitude": 25.677492, "longitude": -100.29761 }, "geometry": { "type": "Point", "coordinates": [ -100.29761, 25.677492 ] } },
{ "type": "Feature", "properties": { "sensor_index": 50555, "name": "Treviño", "timestamp": "2026-09-08T17:17:23.659008+00:00", "pm1_0": 0.0, "pm2_5": 0.0, "latitude": 25.638243, "longitude": -100.36743 }, "geometry": { "type": "Point", "coordinates": [ -100.36743, 25.638243 ] } },
{ "type": "Feature", "properties": { "sensor_index": 50871, "name": "TEC Garza Laguera", "timestamp": "2026-09-08T17:17:23.659008+00:00", "pm1_0": 11.8, "pm2_5": 17.2, "latitude": 25.61827, "longitude": -100.27293 }, "geometry": { "type": "Point", "coordinates": [ -100.27293, 25.61827 ] } },
{ "type": "Feature", "properties": { "sensor_index": 321194, "name": "Ramsesgs", "timestamp": "2026-09-08T17:17:23.659008+00:00", "pm1_0": 29.9, "pm2_5": 42.3, "latitude": 25.61975, "longitude": -100.29781 }, "geometry": { "type": "Point", "coordinates": [ -100.29781, 25.61975 ] } },
{ "type": "Feature", "properties": { "sensor_index": 119937, "name": "Grupo Reforma Cumbres", "timestamp": "2026-09-08T17:17:23.659008+00:00", "pm1_0": 9.7, "pm2_5": 20.7, "latitude": 25.71012, "longitude": -100.37474 }, "geometry": { "type": "Point", "coordinates": [ -100.37474, 25.71012 ] } },
{ "type": "Feature", "properties": { "sensor_index": 119965, "name": "Grupo Reforma El Norte", "timestamp": "2026-09-08T17:17:23.659008+00:00", "pm1_0": 20.0, "pm2_5": 29.1, "latitude": 25.674164, "longitude": -100.30816 }, "geometry": { "type": "Point", "coordinates": [ -100.30816, 25.674164 ] } },
{ "type": "Feature", "properties": { "sensor_index": 121825, "name": "Grupo Reforma Sierra Madre", "timestamp": "2026-09-08T17:17:23.659008+00:00", "pm1_0": 3324.0, "pm2_5": 3324.0, "latitude": 25.663378, "longitude": -100.36808 }, "geometry": { "type": "Point", "coordinates": [ -100.36808, 25.663378 ] } },
{ "type": "Feature", "properties": { "sensor_index": 136522, "name": "Bosques de La Pastora", "timestamp": "2026-09-08T17:17:23.659008+00:00", "pm1_0": 19.4, "pm2_5": 30.0, "latitude": 25.65773, "longitude": -100.251625 }, "geometry": { "type": "Point", "coordinates": [ -100.251625, 25.65773 ] } },
{ "type": "Feature", "properties": { "sensor_index": 147010, "name": "Santa Barbara", "timestamp": "2026-09-08T17:17:23.659008+00:00", "pm1_0": 15.9, "pm2_5": 21.1, "latitude": 25.661701, "longitude": -100.38932 }, "geometry": { "type": "Point", "coordinates": [ -100.38932, 25.661701 ] } },
{ "type": "Feature", "properties": { "sensor_index": 174781, "name": "Colegio Cambridge de Monterrey Campus Mitras", "timestamp": "2026-09-08T17:17:23.659008+00:00", "pm1_0": 22.9, "pm2_5": 29.4, "latitude": 25.696613, "longitude": -100.348114 }, "geometry": { "type": "Point", "coordinates": [ -100.348114, 25.696613 ] } },
{ "type": "Feature", "properties": { "sensor_index": 174787, "name": "Colegio Cambridge de Monterrey Campus Norte", "timestamp": "2026-09-08T17:17:23.659008+00:00", "pm1_0": 22.9, "pm2_5": 27.6, "latitude": 25.779613, "longitude": -100.28022 }, "geometry": { "type": "Point", "coordinates": [ -100.28022, 25.779613 ] } },
{ "type": "Feature", "properties": { "sensor_index": 189431, "name": "BEA", "timestamp": "2026-09-08T17:17:23.659008+00:00", "pm1_0": 19.4, "pm2_5": 28.9, "latitude": 25.65725, "longitude": -100.35996 }, "geometry": { "type": "Point", "coordinates": [ -100.35996, 25.65725 ] } },
{ "type": "Feature", "properties": { "sensor_index": 189435, "name": "Olinalá", "timestamp": "2026-09-08T17:17:23.659008+00:00", "pm1_0": 20.7, "pm2_5": 32.8, "latitude": 25.618986, "longitude": -100.37645 }, "geometry": { "type": "Point", "coordinates": [ -100.37645, 25.618986 ] } },
{ "type": "Feature", "properties": { "sensor_index": 189447, "name": "Río Amazonas NO", "timestamp": "2026-09-08T17:17:23.659008+00:00", "pm1_0": 23.1, "pm2_5": 33.8, "latitude": 25.662104, "longitude": -100.37172 }, "geometry": { "type": "Point", "coordinates": [ -100.37172, 25.662104 ] } },
{ "type": "Feature", "properties": { "sensor_index": 189455, "name": "CHIPINQUE CAV", "timestamp": "2026-09-08T17:17:23.659008+00:00", "pm1_0": 18.3, "pm2_5": 30.1, "latitude": 25.618307, "longitude": -100.359955 }, "geometry": { "type": "Point", "coordinates": [ -100.359955, 25.618307 ] } },
{ "type": "Feature", "properties": { "sensor_index": 189469, "name": "Hospital Zambran Hellion TecSalud", "timestamp": "2026-09-08T17:17:23.659008+00:00", "pm1_0": 24.5, "pm2_5": 38.2, "latitude": 25.64684, "longitude": -100.33364 }, "geometry": { "type": "Point", "coordinates": [ -100.33364, 25.64684 ] } },
{ "type": "Feature", "properties": { "sensor_index": 208785, "name": "Colegio Cambridge de Monterrey Campus Anáhuac", "timestamp": "2026-09-08T17:17:23.659008+00:00", "pm1_0": 25.2, "pm2_5": 32.2, "latitude": 25.77144, "longitude": -100.26785 }, "geometry": { "type": "Point", "coordinates": [ -100.26785, 25.77144 ] } },
{ "type": "Feature", "properties": { "sensor_index": 209147, "name": "Rincon de San Jeronimo", "timestamp": "2026-09-08T17:17:23.659008+00:00", "pm1_0": 20.4, "pm2_5": 32.3, "latitude": 25.691032, "longitude": -100.375786 }, "geometry": { "type": "Point", "coordinates": [ -100.375786, 25.691032 ] } },
{ "type": "Feature", "properties": { "sensor_index": 227879, "name": "Rectoria", "timestamp": "2026-09-08T17:17:23.659008+00:00", "pm1_0": 27.5, "pm2_5": 37.8, "latitude": 25.651268, "longitude": -100.291214 }, "geometry": { "type": "Point", "coordinates": [ -100.291214, 25.651268 ] } },
{ "type": "Feature", "properties": { "sensor_index": 227887, "name": "Sensor_Purple_Air-Explanada_EGP-Entrada_Prin", "timestamp": "2026-09-08T17:17:23.659008+00:00", "pm1_0": 13.7, "pm2_5": 16.9, "latitude": 25.64419, "longitude": -100.3255 }, "geometry": { "type": "Point", "coordinates": [ -100.3255, 25.64419 ] } },
{ "type": "Feature", "properties": { "sensor_index": 227889, "name": "Parque central", "timestamp": "2026-09-08T17:17:23.659008+00:00", "pm1_0": 26.0, "pm2_5": 34.3, "latitude": 25.652395, "longitude": -100.28713 }, "geometry": { "type": "Point", "coordinates": [ -100.28713, 25.652395 ] } },
{ "type": "Feature", "properties": { "sensor_index": 227907, "name": "Estacionamiento Alumnos", "timestamp": "2026-09-08T17:17:23.659008+00:00", "pm1_0": 22.2, "pm2_5": 30.1, "latitude": 25.744081, "longitude": -100.28277 }, "geometry": { "type": "Point", "coordinates": [ -100.28277, 25.744081 ] } },
{ "type": "Feature", "properties": { "sensor_index": 227913, "name": "EGADE-Sombrillas", "timestamp": "2026-09-08T17:17:23.659008+00:00", "pm1_0": 30.7, "pm2_5": 43.9, "latitude": 25.643106, "longitude": -100.32573 }, "geometry": { "type": "Point", "coordinates": [ -100.32573, 25.643106 ] } },
{ "type": "Feature", "properties": { "sensor_index": 228003, "name": "EGL-Jardín Robótica", "timestamp": "2026-09-08T17:17:23.659008+00:00", "pm1_0": 25.7, "pm2_5": 35.7, "latitude": 25.61803, "longitude": -100.27554 }, "geometry": { "type": "Point", "coordinates": [ -100.27554, 25.61803 ] } },
{ "type": "Feature", "properties": { "sensor_index": 228001, "name": "C-MTY Explanada 2", "timestamp": "2026-09-08T17:17:23.659008+00:00", "pm1_0": 29.9, "pm2_5": 42.8, "latitude": 25.656332, "longitude": -100.20696 }, "geometry": { "type": "Point", "coordinates": [ -100.20696, 25.656332 ] } },
{ "type": "Feature", "properties": { "sensor_index": 228383, "name": "Estadio Banorte", "timestamp": "2026-09-08T17:17:23.659008+00:00", "pm1_0": 30.1, "pm2_5": 41.6, "latitude": 25.654228, "longitude": -100.28651 }, "geometry": { "type": "Point", "coordinates": [ -100.28651, 25.654228 ] } },
{ "type": "Feature", "properties": { "sensor_index": 228381, "name": "C-MTY RAMPA CAFETERÍA", "timestamp": "2026-09-08T17:17:23.659008+00:00", "pm1_0": 28.3, "pm2_5": 40.3, "latitude": 25.628263, "longitude": -100.30376 }, "geometry": { "type": "Point", "coordinates": [ -100.30376, 25.628263 ] } },
{ "type": "Feature", "properties": { "sensor_index": 228389, "name": "PEGS-Sensor-Canchas", "timestamp": "2026-09-08T17:17:23.659008+00:00", "pm1_0": 25.0, "pm2_5": 33.2, "latitude": 25.670425, "longitude": -100.35683 }, "geometry": { "type": "Point", "coordinates": [ -100.35683, 25.670425 ] } },
{ "type": "Feature", "properties": { "sensor_index": 228407, "name": "CEDES", "timestamp": "2026-09-08T17:17:23.659008+00:00", "pm1_0": 26.8, "pm2_5": 34.6, "latitude": 25.653677, "longitude": -100.29242 }, "geometry": { "type": "Point", "coordinates": [ -100.29242, 25.653677 ] } },
{ "type": "Feature", "properties": { "sensor_index": 278863, "name": "Rio Balsas", "timestamp": "2026-09-08T17:33:32.679174+00:00", "pm1_0": 23.5, "pm2_5": 31.7, "latitude": 25.662691, "longitude": -100.37312 }, "geometry": { "type": "Point", "coordinates": [ -100.37312, 25.662691 ] } },
{ "type": "Feature", "properties": { "sensor_index": 278869, "name": "Veredalta", "timestamp": "2026-09-08T17:33:32.679174+00:00", "pm1_0": 23.2, "pm2_5": 32.0, "latitude": 25.638226, "longitude": -100.3525 }, "geometry": { "type": "Point", "coordinates": [ -100.3525, 25.638226 ] } },
{ "type": "Feature", "properties": { "sensor_index": 278871, "name": "Parroquia Reina de Los Ángeles", "timestamp": "2026-09-08T17:33:32.679174+00:00", "pm1_0": 13.3, "pm2_5": 21.0, "latitude": 25.636341, "longitude": -100.36872 }, "geometry": { "type": "Point", "coordinates": [ -100.36872, 25.636341 ] } },
{ "type": "Feature", "properties": { "sensor_index": 278875, "name": "Secretaría de Relaciones Exteriores", "timestamp": "2026-09-08T17:33:32.679174+00:00", "pm1_0": 23.1, "pm2_5": 32.1, "latitude": 25.667723, "longitude": -100.38136 }, "geometry": { "type": "Point", "coordinates": [ -100.38136, 25.667723 ] } },
{ "type": "Feature", "properties": { "sensor_index": 278883, "name": "Mater International Institute", "timestamp": "2026-09-08T17:33:32.679174+00:00", "pm1_0": 25.3, "pm2_5": 35.0, "latitude": 25.641127, "longitude": -100.362755 }, "geometry": { "type": "Point", "coordinates": [ -100.362755, 25.641127 ] } },
{ "type": "Feature", "properties": { "sensor_index": 278889, "name": "Chipinque Meseta", "timestamp": "2026-09-08T17:33:32.679174+00:00", "pm1_0": 21.5, "pm2_5": 32.2, "latitude": 25.607624, "longitude": -100.355156 }, "geometry": { "type": "Point", "coordinates": [ -100.355156, 25.607624 ] } },
{ "type": "Feature", "properties": { "sensor_index": 278901, "name": "OFICINAS SAN PEDRO PARQUES", "timestamp": "2026-09-08T17:33:32.679174+00:00", "pm1_0": 21.4, "pm2_5": 27.9, "latitude": 25.644024, "longitude": -100.376305 }, "geometry": { "type": "Point", "coordinates": [ -100.376305, 25.644024 ] } },
{ "type": "Feature", "properties": { "sensor_index": 278919, "name": "Residencia Tabachín", "timestamp": "2026-09-08T17:33:32.679174+00:00", "pm1_0": 22.2, "pm2_5": 31.4, "latitude": 25.630367, "longitude": -100.34808 }, "geometry": { "type": "Point", "coordinates": [ -100.34808, 25.630367 ] } },
{ "type": "Feature", "properties": { "sensor_index": 278929, "name": "Rio Caura", "timestamp": "2026-09-08T17:33:32.679174+00:00", "pm1_0": 23.8, "pm2_5": 33.5, "latitude": 25.659946, "longitude": -100.38283 }, "geometry": { "type": "Point", "coordinates": [ -100.38283, 25.659946 ] } },
{ "type": "Feature", "properties": { "sensor_index": 278931, "name": "Residencia Platon", "timestamp": "2026-09-08T17:33:32.679174+00:00", "pm1_0": 22.2, "pm2_5": 29.9, "latitude": 25.630522, "longitude": -100.36023 }, "geometry": { "type": "Point", "coordinates": [ -100.36023, 25.630522 ] } },
{ "type": "Feature", "properties": { "sensor_index": 278937, "name": "Residencia Saqqara", "timestamp": "2026-09-08T17:33:32.679174+00:00", "pm1_0": 27.1, "pm2_5": 38.1, "latitude": 25.652473, "longitude": -100.349236 }, "geometry": { "type": "Point", "coordinates": [ -100.349236, 25.652473 ] } },
{ "type": "Feature", "properties": { "sensor_index": 278939, "name": "Residencia Rio Rosas", "timestamp": "2026-09-08T17:33:32.679174+00:00", "pm1_0": 25.3, "pm2_5": 35.2, "latitude": 25.656303, "longitude": -100.36027 }, "geometry": { "type": "Point", "coordinates": [ -100.36027, 25.656303 ] } },
{ "type": "Feature", "properties": { "sensor_index": 278951, "name": "Parque El Capitán", "timestamp": "2026-09-08T17:33:32.679174+00:00", "pm1_0": 25.9, "pm2_5": 34.5, "latitude": 25.663504, "longitude": -100.35734 }, "geometry": { "type": "Point", "coordinates": [ -100.35734, 25.663504 ] } },
{ "type": "Feature", "properties": { "sensor_index": 278957, "name": "Los Pinos", "timestamp": "2026-09-08T17:33:32.679174+00:00", "pm1_0": 20.4, "pm2_5": 29.2, "latitude": 25.672205, "longitude": -100.397354 }, "geometry": { "type": "Point", "coordinates": [ -100.397354, 25.672205 ] } },
{ "type": "Feature", "properties": { "sensor_index": 278959, "name": "Colegio Nobel", "timestamp": "2026-09-08T17:33:32.679174+00:00", "pm1_0": 21.2, "pm2_5": 29.5, "latitude": 25.657562, "longitude": -100.39641 }, "geometry": { "type": "Point", "coordinates": [ -100.39641, 25.657562 ] } },
{ "type": "Feature", "properties": { "sensor_index": 278955, "name": "Residencia San Mateo", "timestamp": "2026-09-08T17:33:32.679174+00:00", "pm1_0": 19.8, "pm2_5": 26.5, "latitude": 25.643766, "longitude": -100.31643 }, "geometry": { "type": "Point", "coordinates": [ -100.31643, 25.643766 ] } },
{ "type": "Feature", "properties": { "sensor_index": 279836, "name": "San Roberto International School San Agustin", "timestamp": "2026-09-08T17:33:32.679174+00:00", "pm1_0": 27.4, "pm2_5": 38.9, "latitude": 25.646032, "longitude": -100.338165 }, "geometry": { "type": "Point", "coordinates": [ -100.338165, 25.646032 ] } },
{ "type": "Feature", "properties": { "sensor_index": 279834, "name": "Colegio Ingles Campus Encino", "timestamp": "2026-09-08T17:33:32.679174+00:00", "pm1_0": 28.3, "pm2_5": 40.7, "latitude": 25.637669, "longitude": -100.33746 }, "geometry": { "type": "Point", "coordinates": [ -100.33746, 25.637669 ] } },
{ "type": "Feature", "properties": { "sensor_index": 279854, "name": "Pinos", "timestamp": "2026-09-08T17:33:32.679174+00:00", "pm1_0": 23.7, "pm2_5": 30.2, "latitude": 25.65975, "longitude": -100.349976 }, "geometry": { "type": "Point", "coordinates": [ -100.349976, 25.65975 ] } },
{ "type": "Feature", "properties": { "sensor_index": 279866, "name": "Lomas del Campestre", "timestamp": "2026-09-08T17:33:32.679174+00:00", "pm1_0": 28.2, "pm2_5": 38.3, "latitude": 25.638052, "longitude": -100.33173 }, "geometry": { "type": "Point", "coordinates": [ -100.33173, 25.638052 ] } },
{ "type": "Feature", "properties": { "sensor_index": 279890, "name": "María Desatadora de Nudos", "timestamp": "2026-09-08T17:33:32.679174+00:00", "pm1_0": 23.6, "pm2_5": 32.8, "latitude": 25.624146, "longitude": -100.37315 }, "geometry": { "type": "Point", "coordinates": [ -100.37315, 25.624146 ] } },
{ "type": "Feature", "properties": { "sensor_index": 279926, "name": "Parque Mississippi", "timestamp": "2026-09-08T17:33:32.679174+00:00", "pm1_0": 23.0, "pm2_5": 30.8, "latitude": 25.657495, "longitude": -100.36317 }, "geometry": { "type": "Point", "coordinates": [ -100.36317, 25.657495 ] } },
{ "type": "Feature", "properties": { "sensor_index": 280524, "name": "Privada Paso de la Sierra", "timestamp": "2026-09-08T17:33:32.679174+00:00", "pm1_0": 21.7, "pm2_5": 28.0, "latitude": 25.648457, "longitude": -100.36256 }, "geometry": { "type": "Point", "coordinates": [ -100.36256, 25.648457 ] } },
{ "type": "Feature", "properties": { "sensor_index": 280520, "name": "Irish International School Campus First School", "timestamp": "2026-09-08T17:33:32.679174+00:00", "pm1_0": 29.5, "pm2_5": 40.4, "latitude": 25.639212, "longitude": -100.34154 }, "geometry": { "type": "Point", "coordinates": [ -100.34154, 25.639212 ] } },
{ "type": "Feature", "properties": { "sensor_index": 280532, "name": "Museo La Milarca", "timestamp": "2026-09-08T17:33:32.679174+00:00", "pm1_0": 29.9, "pm2_5": 40.5, "latitude": 25.64443, "longitude": -100.32734 }, "geometry": { "type": "Point", "coordinates": [ -100.32734, 25.64443 ] } },
{ "type": "Feature", "properties": { "sensor_index": 280534, "name": "Residencia Savotino", "timestamp": "2026-09-08T17:33:32.679174+00:00", "pm1_0": 27.8, "pm2_5": 39.0, "latitude": 25.662497, "longitude": -100.36313 }, "geometry": { "type": "Point", "coordinates": [ -100.36313, 25.662497 ] } },
{ "type": "Feature", "properties": { "sensor_index": 280644, "name": "Residencia nogal", "timestamp": "2026-09-08T17:33:32.679174+00:00", "pm1_0": 23.2, "pm2_5": 33.3, "latitude": 25.61478, "longitude": -100.368286 }, "geometry": { "type": "Point", "coordinates": [ -100.368286, 25.61478 ] } },
{ "type": "Feature", "properties": { "sensor_index": 280900, "name": "Rio Necaxa", "timestamp": "2026-09-08T17:33:32.679174+00:00", "pm1_0": 30.5, "pm2_5": 42.4, "latitude": 25.65677, "longitude": -100.344666 }, "geometry": { "type": "Point", "coordinates": [ -100.344666, 25.65677 ] } },
{ "type": "Feature", "properties": { "sensor_index": 280902, "name": "Residencia Rio Pesqueria", "timestamp": "2026-09-08T17:33:32.679174+00:00", "pm1_0": 25.1, "pm2_5": 33.5, "latitude": 25.658936, "longitude": -100.37394 }, "geometry": { "type": "Point", "coordinates": [ -100.37394, 25.658936 ] } },
{ "type": "Feature", "properties": { "sensor_index": 284960, "name": "Esquina Barranquilla y Patagonia (Altavista)", "timestamp": "2026-09-08T17:33:32.679174+00:00", "pm1_0": 30.2, "pm2_5": 41.4, "latitude": 25.644045, "longitude": -100.29044 }, "geometry": { "type": "Point", "coordinates": [ -100.29044, 25.644045 ] } },
{ "type": "Feature", "properties": { "sensor_index": 286238, "name": "Oasis", "timestamp": "2026-09-08T17:33:32.679174+00:00", "pm1_0": 28.4, "pm2_5": 37.9, "latitude": 25.640884, "longitude": -100.30304 }, "geometry": { "type": "Point", "coordinates": [ -100.30304, 25.640884 ] } },
{ "type": "Feature", "properties": { "sensor_index": 286240, "name": "Casa Naranjos", "timestamp": "2026-09-08T17:33:32.679174+00:00", "pm1_0": 29.4, "pm2_5": 40.0, "latitude": 25.654285, "longitude": -100.28977 }, "geometry": { "type": "Point", "coordinates": [ -100.28977, 25.654285 ] } },
{ "type": "Feature", "properties": { "sensor_index": 288064, "name": "Terminal", "timestamp": "2026-09-08T17:33:32.679174+00:00", "pm1_0": 29.2, "pm2_5": 39.7, "latitude": 25.686438, "longitude": -100.29351 }, "geometry": { "type": "Point", "coordinates": [ -100.29351, 25.686438 ] } },
{ "type": "Feature", "properties": { "sensor_index": 288066, "name": "Hospital de San Vicente", "timestamp": "2026-09-08T17:33:32.679174+00:00", "pm1_0": 33.1, "pm2_5": 44.4, "latitude": 25.67851, "longitude": -100.324974 }, "geometry": { "type": "Point", "coordinates": [ -100.324974, 25.67851 ] } },
{ "type": "Feature", "properties": { "sensor_index": 288332, "name": "Facultad de Salud Pública y Nutrición", "timestamp": "2026-09-08T17:33:32.679174+00:00", "pm1_0": 28.6, "pm2_5": 39.1, "latitude": 25.688875, "longitude": -100.34783 }, "geometry": { "type": "Point", "coordinates": [ -100.34783, 25.688875 ] } },
{ "type": "Feature", "properties": { "sensor_index": 292893, "name": "TEC-AMM-RB-005", "timestamp": "2026-09-08T17:33:32.679174+00:00", "pm1_0": 28.2, "pm2_5": 39.7, "latitude": 25.658117, "longitude": -100.26312 }, "geometry": { "type": "Point", "coordinates": [ -100.26312, 25.658117 ] } },
{ "type": "Feature", "properties": { "sensor_index": 292895, "name": "TEC-AMM-RD-004", "timestamp": "2026-09-08T17:33:32.679174+00:00", "pm1_0": 24.9, "pm2_5": 33.7, "latitude": 25.774128, "longitude": -100.26622 }, "geometry": { "type": "Point", "coordinates": [ -100.26622, 25.774128 ] } },
{ "type": "Feature", "properties": { "sensor_index": 292889, "name": "TEC-AMM-RB-003", "timestamp": "2026-09-08T17:33:32.679174+00:00", "pm1_0": 28.1, "pm2_5": 39.4, "latitude": 25.654068, "longitude": -100.22748 }, "geometry": { "type": "Point", "coordinates": [ -100.22748, 25.654068 ] } },
{ "type": "Feature", "properties": { "sensor_index": 292891, "name": "TEC-AMM-RC-004", "timestamp": "2026-09-08T17:33:32.679174+00:00", "pm1_0": 27.9, "pm2_5": 37.0, "latitude": 25.639277, "longitude": -100.17398 }, "geometry": { "type": "Point", "coordinates": [ -100.17398, 25.639277 ] } },
{ "type": "Feature", "properties": { "sensor_index": 292901, "name": "TEC-AMM-RF-004", "timestamp": "2026-09-08T17:33:32.679174+00:00", "pm1_0": 22.7, "pm2_5": 28.7, "latitude": 25.738094, "longitude": -100.30651 }, "geometry": { "type": "Point", "coordinates": [ -100.30651, 25.738094 ] } },
{ "type": "Feature", "properties": { "sensor_index": 292901, "name": "TEC-AMM-RF-004", "timestamp": "2026-09-08T17:33:32.679174+00:00", "pm1_0": 22.7, "pm2_5": 28.7, "latitude": 25.73373, "longitude": -100.31656 }, "geometry": { "type": "Point", "coordinates": [ -100.31656, 25.73373 ] } },
{ "type": "Feature", "properties": { "sensor_index": 292897, "name": "TEC-AMM-RF-005", "timestamp": "2026-09-08T17:33:32.679174+00:00", "pm1_0": 26.6, "pm2_5": 35.3, "latitude": 25.770947, "longitude": -100.36825 }, "geometry": { "type": "Point", "coordinates": [ -100.36825, 25.770947 ] } },
{ "type": "Feature", "properties": { "sensor_index": 292905, "name": "TEC-AMM-RC-006", "timestamp": "2026-09-08T17:33:32.679174+00:00", "pm1_0": 26.8, "pm2_5": 34.8, "latitude": 25.608519, "longitude": -100.1551 }, "geometry": { "type": "Point", "coordinates": [ -100.1551, 25.608519 ] } },
{ "type": "Feature", "properties": { "sensor_index": 292941, "name": "TEC-AMM-RD-005", "timestamp": "2026-09-08T17:33:32.679174+00:00", "pm1_0": 8.8, "pm2_5": 11.6, "latitude": 25.760899, "longitude": -100.16765 }, "geometry": { "type": "Point", "coordinates": [ -100.16765, 25.760899 ] } },
{ "type": "Feature", "properties": { "sensor_index": 292943, "name": "TEC-AMM-RC-005", "timestamp": "2026-09-08T17:33:32.679174+00:00", "pm1_0": 24.2, "pm2_5": 32.2, "latitude": 25.646128, "longitude": -100.14929 }, "geometry": { "type": "Point", "coordinates": [ -100.14929, 25.646128 ] } },
{ "type": "Feature", "properties": { "sensor_index": 292939, "name": "TEC-AMM-RA-001", "timestamp": "2026-09-08T17:33:32.679174+00:00", "pm1_0": 23.4, "pm2_5": 31.9, "latitude": 25.658657, "longitude": -100.399 }, "geometry": { "type": "Point", "coordinates": [ -100.399, 25.658657 ] } },
{ "type": "Feature", "properties": { "sensor_index": 292949, "name": "TEC-AMM-RA-003", "timestamp": "2026-09-08T17:33:32.679174+00:00", "pm1_0": 21.8, "pm2_5": 27.8, "latitude": 25.661757, "longitude": -100.36972 }, "geometry": { "type": "Point", "coordinates": [ -100.36972, 25.661757 ] } },
{ "type": "Feature", "properties": { "sensor_index": 292951, "name": "TEC-AMM-RB-004", "timestamp": "2026-09-08T17:33:32.679174+00:00", "pm1_0": 28.6, "pm2_5": 40.6, "latitude": 25.66194, "longitude": -100.3313 }, "geometry": { "type": "Point", "coordinates": [ -100.3313, 25.66194 ] } },
{ "type": "Feature", "properties": { "sensor_index": 292947, "name": "TEC-AMM-RA-004", "timestamp": "2026-09-08T17:33:32.679174+00:00", "pm1_0": 27.3, "pm2_5": 36.8, "latitude": 25.684696, "longitude": -100.36298 }, "geometry": { "type": "Point", "coordinates": [ -100.36298, 25.684696 ] } },
{ "type": "Feature", "properties": { "sensor_index": 292957, "name": "TEC-AMM-RC-008", "timestamp": "2026-09-08T17:33:32.679174+00:00", "pm1_0": 22.2, "pm2_5": 29.7, "latitude": 25.731503, "longitude": -100.13724 }, "geometry": { "type": "Point", "coordinates": [ -100.13724, 25.731503 ] } },
{ "type": "Feature", "properties": { "sensor_index": 292973, "name": "TEC-AMM-RC-003", "timestamp": "2026-09-08T17:33:32.679174+00:00", "pm1_0": 26.6, "pm2_5": 35.3, "latitude": 25.684975, "longitude": -100.17443 }, "geometry": { "type": "Point", "coordinates": [ -100.17443, 25.684975 ] } },
{ "type": "Feature", "properties": { "sensor_index": 292983, "name": "TEC-AMM-RC-007", "timestamp": "2026-09-08T17:33:32.679174+00:00", "pm1_0": 17.7, "pm2_5": 24.9, "latitude": 25.650148, "longitude": -100.11657 }, "geometry": { "type": "Point", "coordinates": [ -100.11657, 25.650148 ] } },
{ "type": "Feature", "properties": { "sensor_index": 292997, "name": "TEC-AMM-RF-004", "timestamp": "2026-09-08T17:33:32.679174+00:00", "pm1_0": 27.5, "pm2_5": 37.1, "latitude": 25.738094, "longitude": -100.30651 }, "geometry": { "type": "Point", "coordinates": [ -100.30651, 25.738094 ] } },
{ "type": "Feature", "properties": { "sensor_index": 292997, "name": "TEC-AMM-RF-004", "timestamp": "2026-09-08T17:33:32.679174+00:00", "pm1_0": 27.5, "pm2_5": 37.1, "latitude": 25.73373, "longitude": -100.31656 }, "geometry": { "type": "Point", "coordinates": [ -100.31656, 25.73373 ] } },
{ "type": "Feature", "properties": { "sensor_index": 292999, "name": "TEC-AMM-RE-002", "timestamp": "2026-09-08T17:33:32.679174+00:00", "pm1_0": 28.1, "pm2_5": 37.7, "latitude": 25.772509, "longitude": -100.31119 }, "geometry": { "type": "Point", "coordinates": [ -100.31119, 25.772509 ] } },
{ "type": "Feature", "properties": { "sensor_index": 293001, "name": "TEC-AMM-RF-006", "timestamp": "2026-09-08T17:33:32.679174+00:00", "pm1_0": 25.2, "pm2_5": 33.7, "latitude": 25.71829, "longitude": -100.37077 }, "geometry": { "type": "Point", "coordinates": [ -100.37077, 25.71829 ] } },
{ "type": "Feature", "properties": { "sensor_index": 293003, "name": "TEC-AMM-RB-006", "timestamp": "2026-09-08T17:33:32.679174+00:00", "pm1_0": 29.2, "pm2_5": 40.5, "latitude": 25.676483, "longitude": -100.29272 }, "geometry": { "type": "Point", "coordinates": [ -100.29272, 25.676483 ] } },
{ "type": "Feature", "properties": { "sensor_index": 293469, "name": "Leon Ortigosa ABP", "timestamp": "2026-09-08T17:33:32.679174+00:00", "pm1_0": 27.0, "pm2_5": 38.2, "latitude": 25.67212, "longitude": -100.33521 }, "geometry": { "type": "Point", "coordinates": [ -100.33521, 25.67212 ] } },
{ "type": "Feature", "properties": { "sensor_index": 293465, "name": "Loma Larga", "timestamp": "2026-09-08T17:33:32.679174+00:00", "pm1_0": 29.4, "pm2_5": 42.8, "latitude": 25.665812, "longitude": -100.34373 }, "geometry": { "type": "Point", "coordinates": [ -100.34373, 25.665812 ] } },
{ "type": "Feature", "properties": { "sensor_index": 293467, "name": "UMF37", "timestamp": "2026-09-08T17:33:32.679174+00:00", "pm1_0": 24.6, "pm2_5": 33.4, "latitude": 25.687622, "longitude": -100.342964 }, "geometry": { "type": "Point", "coordinates": [ -100.342964, 25.687622 ] } },
{ "type": "Feature", "properties": { "sensor_index": 33027, "name": "Lagos del Bosque", "timestamp": "2026-09-08T17:33:32.679174+00:00", "pm1_0": 11.6, "pm2_5": 18.3, "latitude": 25.600061, "longitude": -100.26256 }, "geometry": { "type": "Point", "coordinates": [ -100.26256, 25.600061 ] } },
{ "type": "Feature", "properties": { "sensor_index": 33117, "name": "Liceo de Monterrey", "timestamp": "2026-09-08T17:33:32.679174+00:00", "pm1_0": 32.1, "pm2_5": 48.8, "latitude": 25.650322, "longitude": -100.32849 }, "geometry": { "type": "Point", "coordinates": [ -100.32849, 25.650322 ] } },
{ "type": "Feature", "properties": { "sensor_index": 34441, "name": "Callejon de los Ayala", "timestamp": "2026-09-08T17:33:32.679174+00:00", "pm1_0": 5.4, "pm2_5": 9.3, "latitude": 25.6665, "longitude": -100.3976 }, "geometry": { "type": "Point", "coordinates": [ -100.3976, 25.6665 ] } },
{ "type": "Feature", "properties": { "sensor_index": 34499, "name": "San Patricio #106", "timestamp": "2026-09-08T17:33:32.679174+00:00", "pm1_0": 0.0, "pm2_5": 0.0, "latitude": 25.641743, "longitude": -100.3472 }, "geometry": { "type": "Point", "coordinates": [ -100.3472, 25.641743 ] } },
{ "type": "Feature", "properties": { "sensor_index": 34511, "name": "Rosario", "timestamp": "2026-09-08T17:33:32.679174+00:00", "pm1_0": 17.1, "pm2_5": 28.9, "latitude": 25.640432, "longitude": -100.392265 }, "geometry": { "type": "Point", "coordinates": [ -100.392265, 25.640432 ] } },
{ "type": "Feature", "properties": { "sensor_index": 38663, "name": "Rayon Norte", "timestamp": "2026-09-08T17:33:32.679174+00:00", "pm1_0": 14.2, "pm2_5": 19.1, "latitude": 25.678823, "longitude": -100.319695 }, "geometry": { "type": "Point", "coordinates": [ -100.319695, 25.678823 ] } },
{ "type": "Feature", "properties": { "sensor_index": 42211, "name": "RF", "timestamp": "2026-09-08T17:33:32.679174+00:00", "pm1_0": 27.3, "pm2_5": 40.5, "latitude": 25.61638, "longitude": -100.316124 }, "geometry": { "type": "Point", "coordinates": [ -100.316124, 25.61638 ] } },
{ "type": "Feature", "properties": { "sensor_index": 305140, "name": "Bicla", "timestamp": "2026-09-08T17:33:32.679174+00:00", "pm1_0": 29.9, "pm2_5": 42.1, "latitude": 25.700935, "longitude": -100.33541 }, "geometry": { "type": "Point", "coordinates": [ -100.33541, 25.700935 ] } },
{ "type": "Feature", "properties": { "sensor_index": 305164, "name": "NuevaMaderoDave", "timestamp": "2026-09-08T17:33:32.679174+00:00", "pm1_0": 27.8, "pm2_5": 38.9, "latitude": 25.688787, "longitude": -100.27929 }, "geometry": { "type": "Point", "coordinates": [ -100.27929, 25.688787 ] } },
{ "type": "Feature", "properties": { "sensor_index": 305192, "name": "11a avenida cumbres 1 sector", "timestamp": "2026-09-08T17:33:32.679174+00:00", "pm1_0": 25.1, "pm2_5": 33.5, "latitude": 25.69958, "longitude": -100.35898 }, "geometry": { "type": "Point", "coordinates": [ -100.35898, 25.69958 ] } },
{ "type": "Feature", "properties": { "sensor_index": 305232, "name": "PurpleAir Ancira Mty", "timestamp": "2026-09-08T17:33:32.679174+00:00", "pm1_0": 33.0, "pm2_5": 45.8, "latitude": 25.651157, "longitude": -100.3062 }, "geometry": { "type": "Point", "coordinates": [ -100.3062, 25.651157 ] } },
{ "type": "Feature", "properties": { "sensor_index": 43627, "name": "Liceo de Monterrey Rosemont", "timestamp": "2026-09-08T17:33:32.679174+00:00", "pm1_0": 23.6, "pm2_5": 24.7, "latitude": 25.67425, "longitude": -100.35398 }, "geometry": { "type": "Point", "coordinates": [ -100.35398, 25.67425 ] } },
{ "type": "Feature", "properties": { "sensor_index": 45769, "name": "Huascaran", "timestamp": "2026-09-08T17:33:32.679174+00:00", "pm1_0": 16.1, "pm2_5": 23.5, "latitude": 25.637255, "longitude": -100.399216 }, "geometry": { "type": "Point", "coordinates": [ -100.399216, 25.637255 ] } },
{ "type": "Feature", "properties": { "sensor_index": 308956, "name": "Jardín de las carreras", "timestamp": "2026-09-08T17:33:32.679174+00:00", "pm1_0": 30.2, "pm2_5": 42.8, "latitude": 25.650595, "longitude": -100.289 }, "geometry": { "type": "Point", "coordinates": [ -100.289, 25.650595 ] } },
{ "type": "Feature", "properties": { "sensor_index": 49949, "name": "El Horizonte", "timestamp": "2026-09-08T17:33:32.679174+00:00", "pm1_0": 23.1, "pm2_5": 36.4, "latitude": 25.677492, "longitude": -100.29761 }, "geometry": { "type": "Point", "coordinates": [ -100.29761, 25.677492 ] } },
{ "type": "Feature", "properties": { "sensor_index": 50555, "name": "Treviño", "timestamp": "2026-09-08T17:33:32.679174+00:00", "pm1_0": 0.0, "pm2_5": 0.0, "latitude": 25.638243, "longitude": -100.36743 }, "geometry": { "type": "Point", "coordinates": [ -100.36743, 25.638243 ] } },
{ "type": "Feature", "properties": { "sensor_index": 50871, "name": "TEC Garza Laguera", "timestamp": "2026-09-08T17:33:32.679174+00:00", "pm1_0": 11.8, "pm2_5": 17.2, "latitude": 25.61827, "longitude": -100.27293 }, "geometry": { "type": "Point", "coordinates": [ -100.27293, 25.61827 ] } },
{ "type": "Feature", "properties": { "sensor_index": 321194, "name": "Ramsesgs", "timestamp": "2026-09-08T17:33:32.679174+00:00", "pm1_0": 30.4, "pm2_5": 43.2, "latitude": 25.61975, "longitude": -100.29781 }, "geometry": { "type": "Point", "coordinates": [ -100.29781, 25.61975 ] } },
{ "type": "Feature", "properties": { "sensor_index": 119937, "name": "Grupo Reforma Cumbres", "timestamp": "2026-09-08T17:33:32.679174+00:00", "pm1_0": 14.6, "pm2_5": 24.2, "latitude": 25.71012, "longitude": -100.37474 }, "geometry": { "type": "Point", "coordinates": [ -100.37474, 25.71012 ] } },
{ "type": "Feature", "properties": { "sensor_index": 119965, "name": "Grupo Reforma El Norte", "timestamp": "2026-09-08T17:33:32.679174+00:00", "pm1_0": 19.9, "pm2_5": 29.1, "latitude": 25.674164, "longitude": -100.30816 }, "geometry": { "type": "Point", "coordinates": [ -100.30816, 25.674164 ] } },
{ "type": "Feature", "properties": { "sensor_index": 121825, "name": "Grupo Reforma Sierra Madre", "timestamp": "2026-09-08T17:33:32.679174+00:00", "pm1_0": 3328.1, "pm2_5": 3328.1, "latitude": 25.663378, "longitude": -100.36808 }, "geometry": { "type": "Point", "coordinates": [ -100.36808, 25.663378 ] } },
{ "type": "Feature", "properties": { "sensor_index": 136522, "name": "Bosques de La Pastora", "timestamp": "2026-09-08T17:33:32.679174+00:00", "pm1_0": 19.2, "pm2_5": 30.0, "latitude": 25.65773, "longitude": -100.251625 }, "geometry": { "type": "Point", "coordinates": [ -100.251625, 25.65773 ] } },
{ "type": "Feature", "properties": { "sensor_index": 147010, "name": "Santa Barbara", "timestamp": "2026-09-08T17:33:32.679174+00:00", "pm1_0": 17.7, "pm2_5": 24.6, "latitude": 25.661701, "longitude": -100.38932 }, "geometry": { "type": "Point", "coordinates": [ -100.38932, 25.661701 ] } },
{ "type": "Feature", "properties": { "sensor_index": 174781, "name": "Colegio Cambridge de Monterrey Campus Mitras", "timestamp": "2026-09-08T17:33:32.679174+00:00", "pm1_0": 25.7, "pm2_5": 33.6, "latitude": 25.696613, "longitude": -100.348114 }, "geometry": { "type": "Point", "coordinates": [ -100.348114, 25.696613 ] } },
{ "type": "Feature", "properties": { "sensor_index": 174787, "name": "Colegio Cambridge de Monterrey Campus Norte", "timestamp": "2026-09-08T17:33:32.679174+00:00", "pm1_0": 24.2, "pm2_5": 29.4, "latitude": 25.779613, "longitude": -100.28022 }, "geometry": { "type": "Point", "coordinates": [ -100.28022, 25.779613 ] } },
{ "type": "Feature", "properties": { "sensor_index": 189431, "name": "BEA", "timestamp": "2026-09-08T17:33:32.679174+00:00", "pm1_0": 23.8, "pm2_5": 36.1, "latitude": 25.65725, "longitude": -100.35996 }, "geometry": { "type": "Point", "coordinates": [ -100.35996, 25.65725 ] } },
{ "type": "Feature", "properties": { "sensor_index": 189435, "name": "Olinalá", "timestamp": "2026-09-08T17:33:32.679174+00:00", "pm1_0": 20.7, "pm2_5": 32.9, "latitude": 25.618986, "longitude": -100.37645 }, "geometry": { "type": "Point", "coordinates": [ -100.37645, 25.618986 ] } },
{ "type": "Feature", "properties": { "sensor_index": 189447, "name": "Río Amazonas NO", "timestamp": "2026-09-08T17:33:32.679174+00:00", "pm1_0": 24.5, "pm2_5": 36.1, "latitude": 25.662104, "longitude": -100.37172 }, "geometry": { "type": "Point", "coordinates": [ -100.37172, 25.662104 ] } },
{ "type": "Feature", "properties": { "sensor_index": 189455, "name": "CHIPINQUE CAV", "timestamp": "2026-09-08T17:33:32.679174+00:00", "pm1_0": 20.5, "pm2_5": 33.0, "latitude": 25.618307, "longitude": -100.359955 }, "geometry": { "type": "Point", "coordinates": [ -100.359955, 25.618307 ] } },
{ "type": "Feature", "properties": { "sensor_index": 189469, "name": "Hospital Zambran Hellion TecSalud", "timestamp": "2026-09-08T17:33:32.679174+00:00", "pm1_0": 28.7, "pm2_5": 44.7, "latitude": 25.64684, "longitude": -100.33364 }, "geometry": { "type": "Point", "coordinates": [ -100.33364, 25.64684 ] } },
{ "type": "Feature", "properties": { "sensor_index": 208785, "name": "Colegio Cambridge de Monterrey Campus Anáhuac", "timestamp": "2026-09-08T17:33:32.679174+00:00", "pm1_0": 26.0, "pm2_5": 32.8, "latitude": 25.77144, "longitude": -100.26785 }, "geometry": { "type": "Point", "coordinates": [ -100.26785, 25.77144 ] } },
{ "type": "Feature", "properties": { "sensor_index": 209147, "name": "Rincon de San Jeronimo", "timestamp": "2026-09-08T17:33:32.679174+00:00", "pm1_0": 21.6, "pm2_5": 33.2, "latitude": 25.691032, "longitude": -100.375786 }, "geometry": { "type": "Point", "coordinates": [ -100.375786, 25.691032 ] } },
{ "type": "Feature", "properties": { "sensor_index": 227879, "name": "Rectoria", "timestamp": "2026-09-08T17:33:32.679174+00:00", "pm1_0": 28.5, "pm2_5": 39.4, "latitude": 25.651268, "longitude": -100.291214 }, "geometry": { "type": "Point", "coordinates": [ -100.291214, 25.651268 ] } },
{ "type": "Feature", "properties": { "sensor_index": 227887, "name": "Sensor_Purple_Air-Explanada_EGP-Entrada_Prin", "timestamp": "2026-09-08T17:33:32.679174+00:00", "pm1_0": 13.7, "pm2_5": 16.9, "latitude": 25.64419, "longitude": -100.3255 }, "geometry": { "type": "Point", "coordinates": [ -100.3255, 25.64419 ] } },
{ "type": "Feature", "properties": { "sensor_index": 227889, "name": "Parque central", "timestamp": "2026-09-08T17:33:32.679174+00:00", "pm1_0": 26.4, "pm2_5": 34.6, "latitude": 25.652395, "longitude": -100.28713 }, "geometry": { "type": "Point", "coordinates": [ -100.28713, 25.652395 ] } },
{ "type": "Feature", "properties": { "sensor_index": 227907, "name": "Estacionamiento Alumnos", "timestamp": "2026-09-08T17:33:32.679174+00:00", "pm1_0": 21.7, "pm2_5": 28.9, "latitude": 25.744081, "longitude": -100.28277 }, "geometry": { "type": "Point", "coordinates": [ -100.28277, 25.744081 ] } },
{ "type": "Feature", "properties": { "sensor_index": 227913, "name": "EGADE-Sombrillas", "timestamp": "2026-09-08T17:33:32.679174+00:00", "pm1_0": 33.1, "pm2_5": 49.1, "latitude": 25.643106, "longitude": -100.32573 }, "geometry": { "type": "Point", "coordinates": [ -100.32573, 25.643106 ] } },
{ "type": "Feature", "properties": { "sensor_index": 228003, "name": "EGL-Jardín Robótica", "timestamp": "2026-09-08T17:33:32.679174+00:00", "pm1_0": 24.5, "pm2_5": 33.0, "latitude": 25.61803, "longitude": -100.27554 }, "geometry": { "type": "Point", "coordinates": [ -100.27554, 25.61803 ] } },
{ "type": "Feature", "properties": { "sensor_index": 228001, "name": "C-MTY Explanada 2", "timestamp": "2026-09-08T17:33:32.679174+00:00", "pm1_0": 29.9, "pm2_5": 42.2, "latitude": 25.656332, "longitude": -100.20696 }, "geometry": { "type": "Point", "coordinates": [ -100.20696, 25.656332 ] } },
{ "type": "Feature", "properties": { "sensor_index": 228383, "name": "Estadio Banorte", "timestamp": "2026-09-08T17:33:32.679174+00:00", "pm1_0": 30.7, "pm2_5": 42.6, "latitude": 25.654228, "longitude": -100.28651 }, "geometry": { "type": "Point", "coordinates": [ -100.28651, 25.654228 ] } },
{ "type": "Feature", "properties": { "sensor_index": 228381, "name": "C-MTY RAMPA CAFETERÍA", "timestamp": "2026-09-08T17:33:32.679174+00:00", "pm1_0": 29.8, "pm2_5": 42.7, "latitude": 25.628263, "longitude": -100.30376 }, "geometry": { "type": "Point", "coordinates": [ -100.30376, 25.628263 ] } },
{ "type": "Feature", "properties": { "sensor_index": 228389, "name": "PEGS-Sensor-Canchas", "timestamp": "2026-09-08T17:33:32.679174+00:00", "pm1_0": 28.1, "pm2_5": 38.4, "latitude": 25.670425, "longitude": -100.35683 }, "geometry": { "type": "Point", "coordinates": [ -100.35683, 25.670425 ] } },
{ "type": "Feature", "properties": { "sensor_index": 228407, "name": "CEDES", "timestamp": "2026-09-08T17:33:32.679174+00:00", "pm1_0": 27.2, "pm2_5": 36.3, "latitude": 25.653677, "longitude": -100.29242 }, "geometry": { "type": "Point", "coordinates": [ -100.29242, 25.653677 ] } },
{ "type": "Feature", "properties": { "sensor_index": 278863, "name": "Rio Balsas", "timestamp": "2026-09-08T17:50:34.862731+00:00", "pm1_0": 26.5, "pm2_5": 36.8, "latitude": 25.662691, "longitude": -100.37312 }, "geometry": { "type": "Point", "coordinates": [ -100.37312, 25.662691 ] } },
{ "type": "Feature", "properties": { "sensor_index": 278869, "name": "Veredalta", "timestamp": "2026-09-08T17:50:34.862731+00:00", "pm1_0": 26.9, "pm2_5": 37.7, "latitude": 25.638226, "longitude": -100.3525 }, "geometry": { "type": "Point", "coordinates": [ -100.3525, 25.638226 ] } },
{ "type": "Feature", "properties": { "sensor_index": 278871, "name": "Parroquia Reina de Los Ángeles", "timestamp": "2026-09-08T17:50:34.862731+00:00", "pm1_0": 13.3, "pm2_5": 21.0, "latitude": 25.636341, "longitude": -100.36872 }, "geometry": { "type": "Point", "coordinates": [ -100.36872, 25.636341 ] } },
{ "type": "Feature", "properties": { "sensor_index": 278875, "name": "Secretaría de Relaciones Exteriores", "timestamp": "2026-09-08T17:50:34.862731+00:00", "pm1_0": 24.0, "pm2_5": 32.8, "latitude": 25.667723, "longitude": -100.38136 }, "geometry": { "type": "Point", "coordinates": [ -100.38136, 25.667723 ] } },
{ "type": "Feature", "properties": { "sensor_index": 278883, "name": "Mater International Institute", "timestamp": "2026-09-08T17:50:34.862731+00:00", "pm1_0": 31.1, "pm2_5": 45.2, "latitude": 25.641127, "longitude": -100.362755 }, "geometry": { "type": "Point", "coordinates": [ -100.362755, 25.641127 ] } },
{ "type": "Feature", "properties": { "sensor_index": 278889, "name": "Chipinque Meseta", "timestamp": "2026-09-08T17:50:34.862731+00:00", "pm1_0": 23.2, "pm2_5": 34.3, "latitude": 25.607624, "longitude": -100.355156 }, "geometry": { "type": "Point", "coordinates": [ -100.355156, 25.607624 ] } },
{ "type": "Feature", "properties": { "sensor_index": 278901, "name": "OFICINAS SAN PEDRO PARQUES", "timestamp": "2026-09-08T17:50:34.862731+00:00", "pm1_0": 23.5, "pm2_5": 30.0, "latitude": 25.644024, "longitude": -100.376305 }, "geometry": { "type": "Point", "coordinates": [ -100.376305, 25.644024 ] } },
{ "type": "Feature", "properties": { "sensor_index": 278919, "name": "Residencia Tabachín", "timestamp": "2026-09-08T17:50:34.862731+00:00", "pm1_0": 23.7, "pm2_5": 34.2, "latitude": 25.630367, "longitude": -100.34808 }, "geometry": { "type": "Point", "coordinates": [ -100.34808, 25.630367 ] } },
{ "type": "Feature", "properties": { "sensor_index": 278929, "name": "Rio Caura", "timestamp": "2026-09-08T17:50:34.862731+00:00", "pm1_0": 25.5, "pm2_5": 36.1, "latitude": 25.659946, "longitude": -100.38283 }, "geometry": { "type": "Point", "coordinates": [ -100.38283, 25.659946 ] } },
{ "type": "Feature", "properties": { "sensor_index": 278931, "name": "Residencia Platon", "timestamp": "2026-09-08T17:50:34.862731+00:00", "pm1_0": 24.1, "pm2_5": 33.0, "latitude": 25.630522, "longitude": -100.36023 }, "geometry": { "type": "Point", "coordinates": [ -100.36023, 25.630522 ] } },
{ "type": "Feature", "properties": { "sensor_index": 278937, "name": "Residencia Saqqara", "timestamp": "2026-09-08T17:50:34.862731+00:00", "pm1_0": 29.3, "pm2_5": 42.7, "latitude": 25.652473, "longitude": -100.349236 }, "geometry": { "type": "Point", "coordinates": [ -100.349236, 25.652473 ] } },
{ "type": "Feature", "properties": { "sensor_index": 278939, "name": "Residencia Rio Rosas", "timestamp": "2026-09-08T17:50:34.862731+00:00", "pm1_0": 29.8, "pm2_5": 41.8, "latitude": 25.656303, "longitude": -100.36027 }, "geometry": { "type": "Point", "coordinates": [ -100.36027, 25.656303 ] } },
{ "type": "Feature", "properties": { "sensor_index": 278951, "name": "Parque El Capitán", "timestamp": "2026-09-08T17:50:34.862731+00:00", "pm1_0": 27.0, "pm2_5": 36.9, "latitude": 25.663504, "longitude": -100.35734 }, "geometry": { "type": "Point", "coordinates": [ -100.35734, 25.663504 ] } },
{ "type": "Feature", "properties": { "sensor_index": 278957, "name": "Los Pinos", "timestamp": "2026-09-08T17:50:34.862731+00:00", "pm1_0": 21.2, "pm2_5": 30.6, "latitude": 25.672205, "longitude": -100.397354 }, "geometry": { "type": "Point", "coordinates": [ -100.397354, 25.672205 ] } },
{ "type": "Feature", "properties": { "sensor_index": 278959, "name": "Colegio Nobel", "timestamp": "2026-09-08T17:50:34.862731+00:00", "pm1_0": 20.9, "pm2_5": 29.2, "latitude": 25.657562, "longitude": -100.39641 }, "geometry": { "type": "Point", "coordinates": [ -100.39641, 25.657562 ] } },
{ "type": "Feature", "properties": { "sensor_index": 278955, "name": "Residencia San Mateo", "timestamp": "2026-09-08T17:50:34.862731+00:00", "pm1_0": 19.8, "pm2_5": 26.5, "latitude": 25.643766, "longitude": -100.31643 }, "geometry": { "type": "Point", "coordinates": [ -100.31643, 25.643766 ] } },
{ "type": "Feature", "properties": { "sensor_index": 279836, "name": "San Roberto International School San Agustin", "timestamp": "2026-09-08T17:50:34.862731+00:00", "pm1_0": 27.9, "pm2_5": 39.3, "latitude": 25.646032, "longitude": -100.338165 }, "geometry": { "type": "Point", "coordinates": [ -100.338165, 25.646032 ] } },
{ "type": "Feature", "properties": { "sensor_index": 279834, "name": "Colegio Ingles Campus Encino", "timestamp": "2026-09-08T17:50:34.862731+00:00", "pm1_0": 29.5, "pm2_5": 41.6, "latitude": 25.637669, "longitude": -100.33746 }, "geometry": { "type": "Point", "coordinates": [ -100.33746, 25.637669 ] } },
{ "type": "Feature", "properties": { "sensor_index": 279854, "name": "Pinos", "timestamp": "2026-09-08T17:50:34.862731+00:00", "pm1_0": 24.1, "pm2_5": 30.0, "latitude": 25.65975, "longitude": -100.349976 }, "geometry": { "type": "Point", "coordinates": [ -100.349976, 25.65975 ] } },
{ "type": "Feature", "properties": { "sensor_index": 279866, "name": "Lomas del Campestre", "timestamp": "2026-09-08T17:50:34.862731+00:00", "pm1_0": 31.4, "pm2_5": 44.0, "latitude": 25.638052, "longitude": -100.33173 }, "geometry": { "type": "Point", "coordinates": [ -100.33173, 25.638052 ] } },
{ "type": "Feature", "properties": { "sensor_index": 279890, "name": "María Desatadora de Nudos", "timestamp": "2026-09-08T17:50:34.862731+00:00", "pm1_0": 24.1, "pm2_5": 33.2, "latitude": 25.624146, "longitude": -100.37315 }, "geometry": { "type": "Point", "coordinates": [ -100.37315, 25.624146 ] } },
{ "type": "Feature", "properties": { "sensor_index": 279926, "name": "Parque Mississippi", "timestamp": "2026-09-08T17:50:34.862731+00:00", "pm1_0": 26.3, "pm2_5": 35.4, "latitude": 25.657495, "longitude": -100.36317 }, "geometry": { "type": "Point", "coordinates": [ -100.36317, 25.657495 ] } },
{ "type": "Feature", "properties": { "sensor_index": 280524, "name": "Privada Paso de la Sierra", "timestamp": "2026-09-08T17:50:34.862731+00:00", "pm1_0": 27.7, "pm2_5": 37.6, "latitude": 25.648457, "longitude": -100.36256 }, "geometry": { "type": "Point", "coordinates": [ -100.36256, 25.648457 ] } },
{ "type": "Feature", "properties": { "sensor_index": 280520, "name": "Irish International School Campus First School", "timestamp": "2026-09-08T17:50:34.862731+00:00", "pm1_0": 31.1, "pm2_5": 43.3, "latitude": 25.639212, "longitude": -100.34154 }, "geometry": { "type": "Point", "coordinates": [ -100.34154, 25.639212 ] } },
{ "type": "Feature", "properties": { "sensor_index": 280532, "name": "Museo La Milarca", "timestamp": "2026-09-08T17:50:34.862731+00:00", "pm1_0": 29.7, "pm2_5": 40.6, "latitude": 25.64443, "longitude": -100.32734 }, "geometry": { "type": "Point", "coordinates": [ -100.32734, 25.64443 ] } },
{ "type": "Feature", "properties": { "sensor_index": 280534, "name": "Residencia Savotino", "timestamp": "2026-09-08T17:50:34.862731+00:00", "pm1_0": 28.8, "pm2_5": 40.2, "latitude": 25.662497, "longitude": -100.36313 }, "geometry": { "type": "Point", "coordinates": [ -100.36313, 25.662497 ] } },
{ "type": "Feature", "properties": { "sensor_index": 280644, "name": "Residencia nogal", "timestamp": "2026-09-08T17:50:34.862731+00:00", "pm1_0": 23.9, "pm2_5": 33.8, "latitude": 25.61478, "longitude": -100.368286 }, "geometry": { "type": "Point", "coordinates": [ -100.368286, 25.61478 ] } },
{ "type": "Feature", "properties": { "sensor_index": 280900, "name": "Rio Necaxa", "timestamp": "2026-09-08T17:50:34.862731+00:00", "pm1_0": 30.8, "pm2_5": 43.8, "latitude": 25.65677, "longitude": -100.344666 }, "geometry": { "type": "Point", "coordinates": [ -100.344666, 25.65677 ] } },
{ "type": "Feature", "properties": { "sensor_index": 280902, "name": "Residencia Rio Pesqueria", "timestamp": "2026-09-08T17:50:34.862731+00:00", "pm1_0": 28.5, "pm2_5": 38.6, "latitude": 25.658936, "longitude": -100.37394 }, "geometry": { "type": "Point", "coordinates": [ -100.37394, 25.658936 ] } },
{ "type": "Feature", "properties": { "sensor_index": 284960, "name": "Esquina Barranquilla y Patagonia (Altavista)", "timestamp": "2026-09-08T17:50:34.862731+00:00", "pm1_0": 31.0, "pm2_5": 42.3, "latitude": 25.644045, "longitude": -100.29044 }, "geometry": { "type": "Point", "coordinates": [ -100.29044, 25.644045 ] } },
{ "type": "Feature", "properties": { "sensor_index": 286238, "name": "Oasis", "timestamp": "2026-09-08T17:50:34.862731+00:00", "pm1_0": 26.9, "pm2_5": 36.3, "latitude": 25.640884, "longitude": -100.30304 }, "geometry": { "type": "Point", "coordinates": [ -100.30304, 25.640884 ] } },
{ "type": "Feature", "properties": { "sensor_index": 286240, "name": "Casa Naranjos", "timestamp": "2026-09-08T17:50:34.862731+00:00", "pm1_0": 28.0, "pm2_5": 37.2, "latitude": 25.654285, "longitude": -100.28977 }, "geometry": { "type": "Point", "coordinates": [ -100.28977, 25.654285 ] } },
{ "type": "Feature", "properties": { "sensor_index": 288064, "name": "Terminal", "timestamp": "2026-09-08T17:50:34.862731+00:00", "pm1_0": 29.0, "pm2_5": 39.5, "latitude": 25.686438, "longitude": -100.29351 }, "geometry": { "type": "Point", "coordinates": [ -100.29351, 25.686438 ] } },
{ "type": "Feature", "properties": { "sensor_index": 288066, "name": "Hospital de San Vicente", "timestamp": "2026-09-08T17:50:34.862731+00:00", "pm1_0": 30.1, "pm2_5": 40.4, "latitude": 25.67851, "longitude": -100.324974 }, "geometry": { "type": "Point", "coordinates": [ -100.324974, 25.67851 ] } },
{ "type": "Feature", "properties": { "sensor_index": 288332, "name": "Facultad de Salud Pública y Nutrición", "timestamp": "2026-09-08T17:50:34.862731+00:00", "pm1_0": 27.7, "pm2_5": 36.7, "latitude": 25.688875, "longitude": -100.34783 }, "geometry": { "type": "Point", "coordinates": [ -100.34783, 25.688875 ] } },
{ "type": "Feature", "properties": { "sensor_index": 292893, "name": "TEC-AMM-RB-005", "timestamp": "2026-09-08T17:50:34.862731+00:00", "pm1_0": 27.7, "pm2_5": 38.6, "latitude": 25.658117, "longitude": -100.26312 }, "geometry": { "type": "Point", "coordinates": [ -100.26312, 25.658117 ] } },
{ "type": "Feature", "properties": { "sensor_index": 292895, "name": "TEC-AMM-RD-004", "timestamp": "2026-09-08T17:50:34.862731+00:00", "pm1_0": 24.9, "pm2_5": 33.6, "latitude": 25.774128, "longitude": -100.26622 }, "geometry": { "type": "Point", "coordinates": [ -100.26622, 25.774128 ] } },
{ "type": "Feature", "properties": { "sensor_index": 292889, "name": "TEC-AMM-RB-003", "timestamp": "2026-09-08T17:50:34.862731+00:00", "pm1_0": 28.6, "pm2_5": 39.7, "latitude": 25.654068, "longitude": -100.22748 }, "geometry": { "type": "Point", "coordinates": [ -100.22748, 25.654068 ] } },
{ "type": "Feature", "properties": { "sensor_index": 292891, "name": "TEC-AMM-RC-004", "timestamp": "2026-09-08T17:50:34.862731+00:00", "pm1_0": 27.8, "pm2_5": 37.3, "latitude": 25.639277, "longitude": -100.17398 }, "geometry": { "type": "Point", "coordinates": [ -100.17398, 25.639277 ] } },
{ "type": "Feature", "properties": { "sensor_index": 292901, "name": "TEC-AMM-RF-004", "timestamp": "2026-09-08T17:50:34.862731+00:00", "pm1_0": 22.3, "pm2_5": 27.8, "latitude": 25.738094, "longitude": -100.30651 }, "geometry": { "type": "Point", "coordinates": [ -100.30651, 25.738094 ] } },
{ "type": "Feature", "properties": { "sensor_index": 292901, "name": "TEC-AMM-RF-004", "timestamp": "2026-09-08T17:50:34.862731+00:00", "pm1_0": 22.3, "pm2_5": 27.8, "latitude": 25.73373, "longitude": -100.31656 }, "geometry": { "type": "Point", "coordinates": [ -100.31656, 25.73373 ] } },
{ "type": "Feature", "properties": { "sensor_index": 292897, "name": "TEC-AMM-RF-005", "timestamp": "2026-09-08T17:50:34.862731+00:00", "pm1_0": 27.5, "pm2_5": 37.0, "latitude": 25.770947, "longitude": -100.36825 }, "geometry": { "type": "Point", "coordinates": [ -100.36825, 25.770947 ] } },
{ "type": "Feature", "properties": { "sensor_index": 292905, "name": "TEC-AMM-RC-006", "timestamp": "2026-09-08T17:50:34.862731+00:00", "pm1_0": 25.5, "pm2_5": 32.9, "latitude": 25.608519, "longitude": -100.1551 }, "geometry": { "type": "Point", "coordinates": [ -100.1551, 25.608519 ] } },
{ "type": "Feature", "properties": { "sensor_index": 292941, "name": "TEC-AMM-RD-005", "timestamp": "2026-09-08T17:50:34.862731+00:00", "pm1_0": 8.8, "pm2_5": 11.6, "latitude": 25.760899, "longitude": -100.16765 }, "geometry": { "type": "Point", "coordinates": [ -100.16765, 25.760899 ] } },
{ "type": "Feature", "properties": { "sensor_index": 292943, "name": "TEC-AMM-RC-005", "timestamp": "2026-09-08T17:50:34.862731+00:00", "pm1_0": 24.9, "pm2_5": 32.6, "latitude": 25.646128, "longitude": -100.14929 }, "geometry": { "type": "Point", "coordinates": [ -100.14929, 25.646128 ] } },
{ "type": "Feature", "properties": { "sensor_index": 292939, "name": "TEC-AMM-RA-001", "timestamp": "2026-09-08T17:50:34.862731+00:00", "pm1_0": 24.1, "pm2_5": 33.0, "latitude": 25.658657, "longitude": -100.399 }, "geometry": { "type": "Point", "coordinates": [ -100.399, 25.658657 ] } },
{ "type": "Feature", "properties": { "sensor_index": 292949, "name": "TEC-AMM-RA-003", "timestamp": "2026-09-08T17:50:34.862731+00:00", "pm1_0": 26.1, "pm2_5": 33.9, "latitude": 25.661757, "longitude": -100.36972 }, "geometry": { "type": "Point", "coordinates": [ -100.36972, 25.661757 ] } },
{ "type": "Feature", "properties": { "sensor_index": 292951, "name": "TEC-AMM-RB-004", "timestamp": "2026-09-08T17:50:34.862731+00:00", "pm1_0": 28.5, "pm2_5": 39.8, "latitude": 25.66194, "longitude": -100.3313 }, "geometry": { "type": "Point", "coordinates": [ -100.3313, 25.66194 ] } },
{ "type": "Feature", "properties": { "sensor_index": 292947, "name": "TEC-AMM-RA-004", "timestamp": "2026-09-08T17:50:34.862731+00:00", "pm1_0": 28.0, "pm2_5": 37.9, "latitude": 25.684696, "longitude": -100.36298 }, "geometry": { "type": "Point", "coordinates": [ -100.36298, 25.684696 ] } },
{ "type": "Feature", "properties": { "sensor_index": 292957, "name": "TEC-AMM-RC-008", "timestamp": "2026-09-08T17:50:34.862731+00:00", "pm1_0": 22.2, "pm2_5": 29.7, "latitude": 25.731503, "longitude": -100.13724 }, "geometry": { "type": "Point", "coordinates": [ -100.13724, 25.731503 ] } },
{ "type": "Feature", "properties": { "sensor_index": 292973, "name": "TEC-AMM-RC-003", "timestamp": "2026-09-08T17:50:34.862731+00:00", "pm1_0": 25.7, "pm2_5": 34.7, "latitude": 25.684975, "longitude": -100.17443 }, "geometry": { "type": "Point", "coordinates": [ -100.17443, 25.684975 ] } },
{ "type": "Feature", "properties": { "sensor_index": 292983, "name": "TEC-AMM-RC-007", "timestamp": "2026-09-08T17:50:34.862731+00:00", "pm1_0": 17.7, "pm2_5": 24.9, "latitude": 25.650148, "longitude": -100.11657 }, "geometry": { "type": "Point", "coordinates": [ -100.11657, 25.650148 ] } },
{ "type": "Feature", "properties": { "sensor_index": 292997, "name": "TEC-AMM-RF-004", "timestamp": "2026-09-08T17:50:34.862731+00:00", "pm1_0": 25.9, "pm2_5": 34.7, "latitude": 25.738094, "longitude": -100.30651 }, "geometry": { "type": "Point", "coordinates": [ -100.30651, 25.738094 ] } },
{ "type": "Feature", "properties": { "sensor_index": 292997, "name": "TEC-AMM-RF-004", "timestamp": "2026-09-08T17:50:34.862731+00:00", "pm1_0": 25.9, "pm2_5": 34.7, "latitude": 25.73373, "longitude": -100.31656 }, "geometry": { "type": "Point", "coordinates": [ -100.31656, 25.73373 ] } },
{ "type": "Feature", "properties": { "sensor_index": 292999, "name": "TEC-AMM-RE-002", "timestamp": "2026-09-08T17:50:34.862731+00:00", "pm1_0": 24.1, "pm2_5": 31.3, "latitude": 25.772509, "longitude": -100.31119 }, "geometry": { "type": "Point", "coordinates": [ -100.31119, 25.772509 ] } },
{ "type": "Feature", "properties": { "sensor_index": 293001, "name": "TEC-AMM-RF-006", "timestamp": "2026-09-08T17:50:34.862731+00:00", "pm1_0": 26.2, "pm2_5": 35.0, "latitude": 25.71829, "longitude": -100.37077 }, "geometry": { "type": "Point", "coordinates": [ -100.37077, 25.71829 ] } },
{ "type": "Feature", "properties": { "sensor_index": 293003, "name": "TEC-AMM-RB-006", "timestamp": "2026-09-08T17:50:34.862731+00:00", "pm1_0": 28.5, "pm2_5": 39.4, "latitude": 25.676483, "longitude": -100.29272 }, "geometry": { "type": "Point", "coordinates": [ -100.29272, 25.676483 ] } },
{ "type": "Feature", "properties": { "sensor_index": 293469, "name": "Leon Ortigosa ABP", "timestamp": "2026-09-08T17:50:34.862731+00:00", "pm1_0": 28.2, "pm2_5": 40.2, "latitude": 25.67212, "longitude": -100.33521 }, "geometry": { "type": "Point", "coordinates": [ -100.33521, 25.67212 ] } },
{ "type": "Feature", "properties": { "sensor_index": 293465, "name": "Loma Larga", "timestamp": "2026-09-08T17:50:34.862731+00:00", "pm1_0": 30.8, "pm2_5": 44.5, "latitude": 25.665812, "longitude": -100.34373 }, "geometry": { "type": "Point", "coordinates": [ -100.34373, 25.665812 ] } },
{ "type": "Feature", "properties": { "sensor_index": 293467, "name": "UMF37", "timestamp": "2026-09-08T17:50:34.862731+00:00", "pm1_0": 25.3, "pm2_5": 34.2, "latitude": 25.687622, "longitude": -100.342964 }, "geometry": { "type": "Point", "coordinates": [ -100.342964, 25.687622 ] } },
{ "type": "Feature", "properties": { "sensor_index": 33027, "name": "Lagos del Bosque", "timestamp": "2026-09-08T17:50:34.862731+00:00", "pm1_0": 12.2, "pm2_5": 19.3, "latitude": 25.600061, "longitude": -100.26256 }, "geometry": { "type": "Point", "coordinates": [ -100.26256, 25.600061 ] } },
{ "type": "Feature", "properties": { "sensor_index": 33117, "name": "Liceo de Monterrey", "timestamp": "2026-09-08T17:50:34.862731+00:00", "pm1_0": 31.4, "pm2_5": 48.5, "latitude": 25.650322, "longitude": -100.32849 }, "geometry": { "type": "Point", "coordinates": [ -100.32849, 25.650322 ] } },
{ "type": "Feature", "properties": { "sensor_index": 34441, "name": "Callejon de los Ayala", "timestamp": "2026-09-08T17:50:34.862731+00:00", "pm1_0": 5.9, "pm2_5": 10.4, "latitude": 25.6665, "longitude": -100.3976 }, "geometry": { "type": "Point", "coordinates": [ -100.3976, 25.6665 ] } },
{ "type": "Feature", "properties": { "sensor_index": 34499, "name": "San Patricio #106", "timestamp": "2026-09-08T17:50:34.862731+00:00", "pm1_0": 0.0, "pm2_5": 0.0, "latitude": 25.641743, "longitude": -100.3472 }, "geometry": { "type": "Point", "coordinates": [ -100.3472, 25.641743 ] } },
{ "type": "Feature", "properties": { "sensor_index": 34511, "name": "Rosario", "timestamp": "2026-09-08T17:50:34.862731+00:00", "pm1_0": 16.5, "pm2_5": 27.1, "latitude": 25.640432, "longitude": -100.392265 }, "geometry": { "type": "Point", "coordinates": [ -100.392265, 25.640432 ] } },
{ "type": "Feature", "properties": { "sensor_index": 38663, "name": "Rayon Norte", "timestamp": "2026-09-08T17:50:34.862731+00:00", "pm1_0": 14.2, "pm2_5": 19.1, "latitude": 25.678823, "longitude": -100.319695 }, "geometry": { "type": "Point", "coordinates": [ -100.319695, 25.678823 ] } },
{ "type": "Feature", "properties": { "sensor_index": 42211, "name": "RF", "timestamp": "2026-09-08T17:50:34.862731+00:00", "pm1_0": 28.3, "pm2_5": 43.2, "latitude": 25.61638, "longitude": -100.316124 }, "geometry": { "type": "Point", "coordinates": [ -100.316124, 25.61638 ] } },
{ "type": "Feature", "properties": { "sensor_index": 305140, "name": "Bicla", "timestamp": "2026-09-08T17:50:34.862731+00:00", "pm1_0": 26.3, "pm2_5": 36.7, "latitude": 25.700935, "longitude": -100.33541 }, "geometry": { "type": "Point", "coordinates": [ -100.33541, 25.700935 ] } },
{ "type": "Feature", "properties": { "sensor_index": 305164, "name": "NuevaMaderoDave", "timestamp": "2026-09-08T17:50:34.862731+00:00", "pm1_0": 26.5, "pm2_5": 36.5, "latitude": 25.688787, "longitude": -100.27929 }, "geometry": { "type": "Point", "coordinates": [ -100.27929, 25.688787 ] } },
{ "type": "Feature", "properties": { "sensor_index": 305192, "name": "11a avenida cumbres 1 sector", "timestamp": "2026-09-08T17:50:34.862731+00:00", "pm1_0": 26.1, "pm2_5": 35.0, "latitude": 25.69958, "longitude": -100.35898 }, "geometry": { "type": "Point", "coordinates": [ -100.35898, 25.69958 ] } },
{ "type": "Feature", "properties": { "sensor_index": 305232, "name": "PurpleAir Ancira Mty", "timestamp": "2026-09-08T17:50:34.862731+00:00", "pm1_0": 32.8, "pm2_5": 45.8, "latitude": 25.651157, "longitude": -100.3062 }, "geometry": { "type": "Point", "coordinates": [ -100.3062, 25.651157 ] } },
{ "type": "Feature", "properties": { "sensor_index": 43627, "name": "Liceo de Monterrey Rosemont", "timestamp": "2026-09-08T17:50:34.862731+00:00", "pm1_0": 23.6, "pm2_5": 24.7, "latitude": 25.67425, "longitude": -100.35398 }, "geometry": { "type": "Point", "coordinates": [ -100.35398, 25.67425 ] } },
{ "type": "Feature", "properties": { "sensor_index": 45769, "name": "Huascaran", "timestamp": "2026-09-08T17:50:34.862731+00:00", "pm1_0": 15.9, "pm2_5": 23.2, "latitude": 25.637255, "longitude": -100.399216 }, "geometry": { "type": "Point", "coordinates": [ -100.399216, 25.637255 ] } },
{ "type": "Feature", "properties": { "sensor_index": 308956, "name": "Jardín de las carreras", "timestamp": "2026-09-08T17:50:34.862731+00:00", "pm1_0": 28.2, "pm2_5": 39.3, "latitude": 25.650595, "longitude": -100.289 }, "geometry": { "type": "Point", "coordinates": [ -100.289, 25.650595 ] } },
{ "type": "Feature", "properties": { "sensor_index": 49949, "name": "El Horizonte", "timestamp": "2026-09-08T17:50:34.862731+00:00", "pm1_0": 22.2, "pm2_5": 36.1, "latitude": 25.677492, "longitude": -100.29761 }, "geometry": { "type": "Point", "coordinates": [ -100.29761, 25.677492 ] } },
{ "type": "Feature", "properties": { "sensor_index": 50555, "name": "Treviño", "timestamp": "2026-09-08T17:50:34.862731+00:00", "pm1_0": 0.0, "pm2_5": 0.0, "latitude": 25.638243, "longitude": -100.36743 }, "geometry": { "type": "Point", "coordinates": [ -100.36743, 25.638243 ] } },
{ "type": "Feature", "properties": { "sensor_index": 50871, "name": "TEC Garza Laguera", "timestamp": "2026-09-08T17:50:34.862731+00:00", "pm1_0": 11.8, "pm2_5": 17.2, "latitude": 25.61827, "longitude": -100.27293 }, "geometry": { "type": "Point", "coordinates": [ -100.27293, 25.61827 ] } },
{ "type": "Feature", "properties": { "sensor_index": 321194, "name": "Ramsesgs", "timestamp": "2026-09-08T17:50:34.862731+00:00", "pm1_0": 30.9, "pm2_5": 44.5, "latitude": 25.61975, "longitude": -100.29781 }, "geometry": { "type": "Point", "coordinates": [ -100.29781, 25.61975 ] } },
{ "type": "Feature", "properties": { "sensor_index": 119937, "name": "Grupo Reforma Cumbres", "timestamp": "2026-09-08T17:50:34.862731+00:00", "pm1_0": 15.0, "pm2_5": 22.8, "latitude": 25.71012, "longitude": -100.37474 }, "geometry": { "type": "Point", "coordinates": [ -100.37474, 25.71012 ] } },
{ "type": "Feature", "properties": { "sensor_index": 119965, "name": "Grupo Reforma El Norte", "timestamp": "2026-09-08T17:50:34.862731+00:00", "pm1_0": 21.6, "pm2_5": 31.3, "latitude": 25.674164, "longitude": -100.30816 }, "geometry": { "type": "Point", "coordinates": [ -100.30816, 25.674164 ] } },
{ "type": "Feature", "properties": { "sensor_index": 121825, "name": "Grupo Reforma Sierra Madre", "timestamp": "2026-09-08T17:50:34.862731+00:00", "pm1_0": 3327.8, "pm2_5": 3327.8, "latitude": 25.663378, "longitude": -100.36808 }, "geometry": { "type": "Point", "coordinates": [ -100.36808, 25.663378 ] } },
{ "type": "Feature", "properties": { "sensor_index": 136522, "name": "Bosques de La Pastora", "timestamp": "2026-09-08T17:50:34.862731+00:00", "pm1_0": 19.0, "pm2_5": 28.6, "latitude": 25.65773, "longitude": -100.251625 }, "geometry": { "type": "Point", "coordinates": [ -100.251625, 25.65773 ] } },
{ "type": "Feature", "properties": { "sensor_index": 147010, "name": "Santa Barbara", "timestamp": "2026-09-08T17:50:34.862731+00:00", "pm1_0": 17.9, "pm2_5": 24.0, "latitude": 25.661701, "longitude": -100.38932 }, "geometry": { "type": "Point", "coordinates": [ -100.38932, 25.661701 ] } },
{ "type": "Feature", "properties": { "sensor_index": 174781, "name": "Colegio Cambridge de Monterrey Campus Mitras", "timestamp": "2026-09-08T17:50:34.862731+00:00", "pm1_0": 24.5, "pm2_5": 31.7, "latitude": 25.696613, "longitude": -100.348114 }, "geometry": { "type": "Point", "coordinates": [ -100.348114, 25.696613 ] } },
{ "type": "Feature", "properties": { "sensor_index": 174787, "name": "Colegio Cambridge de Monterrey Campus Norte", "timestamp": "2026-09-08T17:50:34.862731+00:00", "pm1_0": 23.2, "pm2_5": 28.8, "latitude": 25.779613, "longitude": -100.28022 }, "geometry": { "type": "Point", "coordinates": [ -100.28022, 25.779613 ] } },
{ "type": "Feature", "properties": { "sensor_index": 189431, "name": "BEA", "timestamp": "2026-09-08T17:50:34.862731+00:00", "pm1_0": 26.2, "pm2_5": 39.3, "latitude": 25.65725, "longitude": -100.35996 }, "geometry": { "type": "Point", "coordinates": [ -100.35996, 25.65725 ] } },
{ "type": "Feature", "properties": { "sensor_index": 189435, "name": "Olinalá", "timestamp": "2026-09-08T17:50:34.862731+00:00", "pm1_0": 21.1, "pm2_5": 32.4, "latitude": 25.618986, "longitude": -100.37645 }, "geometry": { "type": "Point", "coordinates": [ -100.37645, 25.618986 ] } },
{ "type": "Feature", "properties": { "sensor_index": 189447, "name": "Río Amazonas NO", "timestamp": "2026-09-08T17:50:34.862731+00:00", "pm1_0": 28.9, "pm2_5": 45.9, "latitude": 25.662104, "longitude": -100.37172 }, "geometry": { "type": "Point", "coordinates": [ -100.37172, 25.662104 ] } },
{ "type": "Feature", "properties": { "sensor_index": 189455, "name": "CHIPINQUE CAV", "timestamp": "2026-09-08T17:50:34.862731+00:00", "pm1_0": 23.4, "pm2_5": 38.0, "latitude": 25.618307, "longitude": -100.359955 }, "geometry": { "type": "Point", "coordinates": [ -100.359955, 25.618307 ] } },
{ "type": "Feature", "properties": { "sensor_index": 189469, "name": "Hospital Zambran Hellion TecSalud", "timestamp": "2026-09-08T17:50:34.862731+00:00", "pm1_0": 27.8, "pm2_5": 43.9, "latitude": 25.64684, "longitude": -100.33364 }, "geometry": { "type": "Point", "coordinates": [ -100.33364, 25.64684 ] } },
{ "type": "Feature", "properties": { "sensor_index": 208785, "name": "Colegio Cambridge de Monterrey Campus Anáhuac", "timestamp": "2026-09-08T17:50:34.862731+00:00", "pm1_0": 23.3, "pm2_5": 30.8, "latitude": 25.77144, "longitude": -100.26785 }, "geometry": { "type": "Point", "coordinates": [ -100.26785, 25.77144 ] } },
{ "type": "Feature", "properties": { "sensor_index": 209147, "name": "Rincon de San Jeronimo", "timestamp": "2026-09-08T17:50:34.862731+00:00", "pm1_0": 21.2, "pm2_5": 32.8, "latitude": 25.691032, "longitude": -100.375786 }, "geometry": { "type": "Point", "coordinates": [ -100.375786, 25.691032 ] } },
{ "type": "Feature", "properties": { "sensor_index": 227879, "name": "Rectoria", "timestamp": "2026-09-08T17:50:34.862731+00:00", "pm1_0": 26.1, "pm2_5": 35.5, "latitude": 25.651268, "longitude": -100.291214 }, "geometry": { "type": "Point", "coordinates": [ -100.291214, 25.651268 ] } },
{ "type": "Feature", "properties": { "sensor_index": 227887, "name": "Sensor_Purple_Air-Explanada_EGP-Entrada_Prin", "timestamp": "2026-09-08T17:50:34.862731+00:00", "pm1_0": 13.7, "pm2_5": 16.9, "latitude": 25.64419, "longitude": -100.3255 }, "geometry": { "type": "Point", "coordinates": [ -100.3255, 25.64419 ] } },
{ "type": "Feature", "properties": { "sensor_index": 227889, "name": "Parque central", "timestamp": "2026-09-08T17:50:34.862731+00:00", "pm1_0": 25.4, "pm2_5": 32.7, "latitude": 25.652395, "longitude": -100.28713 }, "geometry": { "type": "Point", "coordinates": [ -100.28713, 25.652395 ] } },
{ "type": "Feature", "properties": { "sensor_index": 227907, "name": "Estacionamiento Alumnos", "timestamp": "2026-09-08T17:50:34.862731+00:00", "pm1_0": 23.4, "pm2_5": 31.2, "latitude": 25.744081, "longitude": -100.28277 }, "geometry": { "type": "Point", "coordinates": [ -100.28277, 25.744081 ] } },
{ "type": "Feature", "properties": { "sensor_index": 227913, "name": "EGADE-Sombrillas", "timestamp": "2026-09-08T17:50:34.862731+00:00", "pm1_0": 31.7, "pm2_5": 45.7, "latitude": 25.643106, "longitude": -100.32573 }, "geometry": { "type": "Point", "coordinates": [ -100.32573, 25.643106 ] } },
{ "type": "Feature", "properties": { "sensor_index": 228003, "name": "EGL-Jardín Robótica", "timestamp": "2026-09-08T17:50:34.862731+00:00", "pm1_0": 26.6, "pm2_5": 36.5, "latitude": 25.61803, "longitude": -100.27554 }, "geometry": { "type": "Point", "coordinates": [ -100.27554, 25.61803 ] } },
{ "type": "Feature", "properties": { "sensor_index": 228001, "name": "C-MTY Explanada 2", "timestamp": "2026-09-08T17:50:34.862731+00:00", "pm1_0": 29.9, "pm2_5": 42.7, "latitude": 25.656332, "longitude": -100.20696 }, "geometry": { "type": "Point", "coordinates": [ -100.20696, 25.656332 ] } },
{ "type": "Feature", "properties": { "sensor_index": 228383, "name": "Estadio Banorte", "timestamp": "2026-09-08T17:50:34.862731+00:00", "pm1_0": 29.4, "pm2_5": 40.3, "latitude": 25.654228, "longitude": -100.28651 }, "geometry": { "type": "Point", "coordinates": [ -100.28651, 25.654228 ] } },
{ "type": "Feature", "properties": { "sensor_index": 228381, "name": "C-MTY RAMPA CAFETERÍA", "timestamp": "2026-09-08T17:50:34.862731+00:00", "pm1_0": 29.4, "pm2_5": 42.3, "latitude": 25.628263, "longitude": -100.30376 }, "geometry": { "type": "Point", "coordinates": [ -100.30376, 25.628263 ] } },
{ "type": "Feature", "properties": { "sensor_index": 228389, "name": "PEGS-Sensor-Canchas", "timestamp": "2026-09-08T17:50:34.862731+00:00", "pm1_0": 28.2, "pm2_5": 38.4, "latitude": 25.670425, "longitude": -100.35683 }, "geometry": { "type": "Point", "coordinates": [ -100.35683, 25.670425 ] } },
{ "type": "Feature", "properties": { "sensor_index": 228407, "name": "CEDES", "timestamp": "2026-09-08T17:50:34.862731+00:00", "pm1_0": 25.4, "pm2_5": 32.3, "latitude": 25.653677, "longitude": -100.29242 }, "geometry": { "type": "Point", "coordinates": [ -100.29242, 25.653677 ] } },
{ "type": "Feature", "properties": { "sensor_index": 278863, "name": "Rio Balsas", "timestamp": "2026-09-08T18:20:35.729069+00:00", "pm1_0": 26.6, "pm2_5": 36.2, "latitude": 25.662691, "longitude": -100.37312 }, "geometry": { "type": "Point", "coordinates": [ -100.37312, 25.662691 ] } },
{ "type": "Feature", "properties": { "sensor_index": 278869, "name": "Veredalta", "timestamp": "2026-09-08T18:20:35.729069+00:00", "pm1_0": 28.0, "pm2_5": 39.1, "latitude": 25.638226, "longitude": -100.3525 }, "geometry": { "type": "Point", "coordinates": [ -100.3525, 25.638226 ] } },
{ "type": "Feature", "properties": { "sensor_index": 278871, "name": "Parroquia Reina de Los Ángeles", "timestamp": "2026-09-08T18:20:35.729069+00:00", "pm1_0": 13.3, "pm2_5": 21.0, "latitude": 25.636341, "longitude": -100.36872 }, "geometry": { "type": "Point", "coordinates": [ -100.36872, 25.636341 ] } },
{ "type": "Feature", "properties": { "sensor_index": 278875, "name": "Secretaría de Relaciones Exteriores", "timestamp": "2026-09-08T18:20:35.729069+00:00", "pm1_0": 26.4, "pm2_5": 36.5, "latitude": 25.667723, "longitude": -100.38136 }, "geometry": { "type": "Point", "coordinates": [ -100.38136, 25.667723 ] } },
{ "type": "Feature", "properties": { "sensor_index": 278883, "name": "Mater International Institute", "timestamp": "2026-09-08T18:20:35.729069+00:00", "pm1_0": 27.1, "pm2_5": 38.2, "latitude": 25.641127, "longitude": -100.362755 }, "geometry": { "type": "Point", "coordinates": [ -100.362755, 25.641127 ] } },
{ "type": "Feature", "properties": { "sensor_index": 278889, "name": "Chipinque Meseta", "timestamp": "2026-09-08T18:20:35.729069+00:00", "pm1_0": 28.1, "pm2_5": 43.5, "latitude": 25.607624, "longitude": -100.355156 }, "geometry": { "type": "Point", "coordinates": [ -100.355156, 25.607624 ] } },
{ "type": "Feature", "properties": { "sensor_index": 278901, "name": "OFICINAS SAN PEDRO PARQUES", "timestamp": "2026-09-08T18:20:35.729069+00:00", "pm1_0": 28.2, "pm2_5": 37.8, "latitude": 25.644024, "longitude": -100.376305 }, "geometry": { "type": "Point", "coordinates": [ -100.376305, 25.644024 ] } },
{ "type": "Feature", "properties": { "sensor_index": 278919, "name": "Residencia Tabachín", "timestamp": "2026-09-08T18:20:35.729069+00:00", "pm1_0": 26.4, "pm2_5": 38.8, "latitude": 25.630367, "longitude": -100.34808 }, "geometry": { "type": "Point", "coordinates": [ -100.34808, 25.630367 ] } },
{ "type": "Feature", "properties": { "sensor_index": 278929, "name": "Rio Caura", "timestamp": "2026-09-08T18:20:35.729069+00:00", "pm1_0": 26.8, "pm2_5": 37.9, "latitude": 25.659946, "longitude": -100.38283 }, "geometry": { "type": "Point", "coordinates": [ -100.38283, 25.659946 ] } },
{ "type": "Feature", "properties": { "sensor_index": 278931, "name": "Residencia Platon", "timestamp": "2026-09-08T18:20:35.729069+00:00", "pm1_0": 27.2, "pm2_5": 38.4, "latitude": 25.630522, "longitude": -100.36023 }, "geometry": { "type": "Point", "coordinates": [ -100.36023, 25.630522 ] } },
{ "type": "Feature", "properties": { "sensor_index": 278937, "name": "Residencia Saqqara", "timestamp": "2026-09-08T18:20:35.729069+00:00", "pm1_0": 30.6, "pm2_5": 43.4, "latitude": 25.652473, "longitude": -100.349236 }, "geometry": { "type": "Point", "coordinates": [ -100.349236, 25.652473 ] } },
{ "type": "Feature", "properties": { "sensor_index": 278939, "name": "Residencia Rio Rosas", "timestamp": "2026-09-08T18:20:35.729069+00:00", "pm1_0": 27.5, "pm2_5": 37.6, "latitude": 25.656303, "longitude": -100.36027 }, "geometry": { "type": "Point", "coordinates": [ -100.36027, 25.656303 ] } },
{ "type": "Feature", "properties": { "sensor_index": 278951, "name": "Parque El Capitán", "timestamp": "2026-09-08T18:20:35.729069+00:00", "pm1_0": 26.9, "pm2_5": 36.0, "latitude": 25.663504, "longitude": -100.35734 }, "geometry": { "type": "Point", "coordinates": [ -100.35734, 25.663504 ] } },
{ "type": "Feature", "properties": { "sensor_index": 278957, "name": "Los Pinos", "timestamp": "2026-09-08T18:20:35.729069+00:00", "pm1_0": 23.0, "pm2_5": 33.8, "latitude": 25.672205, "longitude": -100.397354 }, "geometry": { "type": "Point", "coordinates": [ -100.397354, 25.672205 ] } },
{ "type": "Feature", "properties": { "sensor_index": 278959, "name": "Colegio Nobel", "timestamp": "2026-09-08T18:20:35.729069+00:00", "pm1_0": 24.5, "pm2_5": 33.2, "latitude": 25.657562, "longitude": -100.39641 }, "geometry": { "type": "Point", "coordinates": [ -100.39641, 25.657562 ] } },
{ "type": "Feature", "properties": { "sensor_index": 278955, "name": "Residencia San Mateo", "timestamp": "2026-09-08T18:20:35.729069+00:00", "pm1_0": 19.8, "pm2_5": 26.5, "latitude": 25.643766, "longitude": -100.31643 }, "geometry": { "type": "Point", "coordinates": [ -100.31643, 25.643766 ] } },
{ "type": "Feature", "properties": { "sensor_index": 279836, "name": "San Roberto International School San Agustin", "timestamp": "2026-09-08T18:20:35.729069+00:00", "pm1_0": 28.4, "pm2_5": 39.6, "latitude": 25.646032, "longitude": -100.338165 }, "geometry": { "type": "Point", "coordinates": [ -100.338165, 25.646032 ] } },
{ "type": "Feature", "properties": { "sensor_index": 279834, "name": "Colegio Ingles Campus Encino", "timestamp": "2026-09-08T18:20:35.729069+00:00", "pm1_0": 31.8, "pm2_5": 45.5, "latitude": 25.637669, "longitude": -100.33746 }, "geometry": { "type": "Point", "coordinates": [ -100.33746, 25.637669 ] } },
{ "type": "Feature", "properties": { "sensor_index": 279854, "name": "Pinos", "timestamp": "2026-09-08T18:20:35.729069+00:00", "pm1_0": 24.6, "pm2_5": 31.4, "latitude": 25.65975, "longitude": -100.349976 }, "geometry": { "type": "Point", "coordinates": [ -100.349976, 25.65975 ] } },
{ "type": "Feature", "properties": { "sensor_index": 279866, "name": "Lomas del Campestre", "timestamp": "2026-09-08T18:20:35.729069+00:00", "pm1_0": 29.2, "pm2_5": 40.2, "latitude": 25.638052, "longitude": -100.33173 }, "geometry": { "type": "Point", "coordinates": [ -100.33173, 25.638052 ] } },
{ "type": "Feature", "properties": { "sensor_index": 279890, "name": "María Desatadora de Nudos", "timestamp": "2026-09-08T18:20:35.729069+00:00", "pm1_0": 29.5, "pm2_5": 41.8, "latitude": 25.624146, "longitude": -100.37315 }, "geometry": { "type": "Point", "coordinates": [ -100.37315, 25.624146 ] } },
{ "type": "Feature", "properties": { "sensor_index": 279926, "name": "Parque Mississippi", "timestamp": "2026-09-08T18:20:35.729069+00:00", "pm1_0": 28.9, "pm2_5": 38.7, "latitude": 25.657495, "longitude": -100.36317 }, "geometry": { "type": "Point", "coordinates": [ -100.36317, 25.657495 ] } },
{ "type": "Feature", "properties": { "sensor_index": 280524, "name": "Privada Paso de la Sierra", "timestamp": "2026-09-08T18:20:35.729069+00:00", "pm1_0": 28.9, "pm2_5": 39.4, "latitude": 25.648457, "longitude": -100.36256 }, "geometry": { "type": "Point", "coordinates": [ -100.36256, 25.648457 ] } },
{ "type": "Feature", "properties": { "sensor_index": 280520, "name": "Irish International School Campus First School", "timestamp": "2026-09-08T18:20:35.729069+00:00", "pm1_0": 29.3, "pm2_5": 40.2, "latitude": 25.639212, "longitude": -100.34154 }, "geometry": { "type": "Point", "coordinates": [ -100.34154, 25.639212 ] } },
{ "type": "Feature", "properties": { "sensor_index": 280532, "name": "Museo La Milarca", "timestamp": "2026-09-08T18:20:35.729069+00:00", "pm1_0": 28.9, "pm2_5": 39.1, "latitude": 25.64443, "longitude": -100.32734 }, "geometry": { "type": "Point", "coordinates": [ -100.32734, 25.64443 ] } },
{ "type": "Feature", "properties": { "sensor_index": 280534, "name": "Residencia Savotino", "timestamp": "2026-09-08T18:20:35.729069+00:00", "pm1_0": 29.3, "pm2_5": 41.0, "latitude": 25.662497, "longitude": -100.36313 }, "geometry": { "type": "Point", "coordinates": [ -100.36313, 25.662497 ] } },
{ "type": "Feature", "properties": { "sensor_index": 280644, "name": "Residencia nogal", "timestamp": "2026-09-08T18:20:35.729069+00:00", "pm1_0": 28.3, "pm2_5": 40.7, "latitude": 25.61478, "longitude": -100.368286 }, "geometry": { "type": "Point", "coordinates": [ -100.368286, 25.61478 ] } },
{ "type": "Feature", "properties": { "sensor_index": 280900, "name": "Rio Necaxa", "timestamp": "2026-09-08T18:20:35.729069+00:00", "pm1_0": 29.5, "pm2_5": 40.9, "latitude": 25.65677, "longitude": -100.344666 }, "geometry": { "type": "Point", "coordinates": [ -100.344666, 25.65677 ] } },
{ "type": "Feature", "properties": { "sensor_index": 280902, "name": "Residencia Rio Pesqueria", "timestamp": "2026-09-08T18:20:35.729069+00:00", "pm1_0": 28.1, "pm2_5": 38.4, "latitude": 25.658936, "longitude": -100.37394 }, "geometry": { "type": "Point", "coordinates": [ -100.37394, 25.658936 ] } },
{ "type": "Feature", "properties": { "sensor_index": 284960, "name": "Esquina Barranquilla y Patagonia (Altavista)", "timestamp": "2026-09-08T18:20:35.729069+00:00", "pm1_0": 31.6, "pm2_5": 41.6, "latitude": 25.644045, "longitude": -100.29044 }, "geometry": { "type": "Point", "coordinates": [ -100.29044, 25.644045 ] } },
{ "type": "Feature", "properties": { "sensor_index": 286238, "name": "Oasis", "timestamp": "2026-09-08T18:20:35.729069+00:00", "pm1_0": 24.0, "pm2_5": 29.7, "latitude": 25.640884, "longitude": -100.30304 }, "geometry": { "type": "Point", "coordinates": [ -100.30304, 25.640884 ] } },
{ "type": "Feature", "properties": { "sensor_index": 286240, "name": "Casa Naranjos", "timestamp": "2026-09-08T18:20:35.729069+00:00", "pm1_0": 24.7, "pm2_5": 32.3, "latitude": 25.654285, "longitude": -100.28977 }, "geometry": { "type": "Point", "coordinates": [ -100.28977, 25.654285 ] } },
{ "type": "Feature", "properties": { "sensor_index": 288064, "name": "Terminal", "timestamp": "2026-09-08T18:20:35.729069+00:00", "pm1_0": 29.6, "pm2_5": 40.3, "latitude": 25.686438, "longitude": -100.29351 }, "geometry": { "type": "Point", "coordinates": [ -100.29351, 25.686438 ] } },
{ "type": "Feature", "properties": { "sensor_index": 288066, "name": "Hospital de San Vicente", "timestamp": "2026-09-08T18:20:35.729069+00:00", "pm1_0": 27.3, "pm2_5": 37.2, "latitude": 25.67851, "longitude": -100.324974 }, "geometry": { "type": "Point", "coordinates": [ -100.324974, 25.67851 ] } },
{ "type": "Feature", "properties": { "sensor_index": 288332, "name": "Facultad de Salud Pública y Nutrición", "timestamp": "2026-09-08T18:20:35.729069+00:00", "pm1_0": 28.1, "pm2_5": 38.3, "latitude": 25.688875, "longitude": -100.34783 }, "geometry": { "type": "Point", "coordinates": [ -100.34783, 25.688875 ] } },
{ "type": "Feature", "properties": { "sensor_index": 292893, "name": "TEC-AMM-RB-005", "timestamp": "2026-09-08T18:20:35.729069+00:00", "pm1_0": 28.1, "pm2_5": 38.9, "latitude": 25.658117, "longitude": -100.26312 }, "geometry": { "type": "Point", "coordinates": [ -100.26312, 25.658117 ] } },
{ "type": "Feature", "properties": { "sensor_index": 292895, "name": "TEC-AMM-RD-004", "timestamp": "2026-09-08T18:20:35.729069+00:00", "pm1_0": 25.3, "pm2_5": 33.5, "latitude": 25.774128, "longitude": -100.26622 }, "geometry": { "type": "Point", "coordinates": [ -100.26622, 25.774128 ] } },
{ "type": "Feature", "properties": { "sensor_index": 292889, "name": "TEC-AMM-RB-003", "timestamp": "2026-09-08T18:20:35.729069+00:00", "pm1_0": 30.1, "pm2_5": 42.9, "latitude": 25.654068, "longitude": -100.22748 }, "geometry": { "type": "Point", "coordinates": [ -100.22748, 25.654068 ] } },
{ "type": "Feature", "properties": { "sensor_index": 292891, "name": "TEC-AMM-RC-004", "timestamp": "2026-09-08T18:20:35.729069+00:00", "pm1_0": 25.1, "pm2_5": 32.4, "latitude": 25.639277, "longitude": -100.17398 }, "geometry": { "type": "Point", "coordinates": [ -100.17398, 25.639277 ] } },
{ "type": "Feature", "properties": { "sensor_index": 292901, "name": "TEC-AMM-RF-004", "timestamp": "2026-09-08T18:20:35.729069+00:00", "pm1_0": 24.9, "pm2_5": 31.9, "latitude": 25.738094, "longitude": -100.30651 }, "geometry": { "type": "Point", "coordinates": [ -100.30651, 25.738094 ] } },
{ "type": "Feature", "properties": { "sensor_index": 292901, "name": "TEC-AMM-RF-004", "timestamp": "2026-09-08T18:20:35.729069+00:00", "pm1_0": 24.9, "pm2_5": 31.9, "latitude": 25.73373, "longitude": -100.31656 }, "geometry": { "type": "Point", "coordinates": [ -100.31656, 25.73373 ] } },
{ "type": "Feature", "properties": { "sensor_index": 292897, "name": "TEC-AMM-RF-005", "timestamp": "2026-09-08T18:20:35.729069+00:00", "pm1_0": 29.6, "pm2_5": 40.1, "latitude": 25.770947, "longitude": -100.36825 }, "geometry": { "type": "Point", "coordinates": [ -100.36825, 25.770947 ] } },
{ "type": "Feature", "properties": { "sensor_index": 292905, "name": "TEC-AMM-RC-006", "timestamp": "2026-09-08T18:20:35.729069+00:00", "pm1_0": 25.5, "pm2_5": 32.7, "latitude": 25.608519, "longitude": -100.1551 }, "geometry": { "type": "Point", "coordinates": [ -100.1551, 25.608519 ] } },
{ "type": "Feature", "properties": { "sensor_index": 292941, "name": "TEC-AMM-RD-005", "timestamp": "2026-09-08T18:20:35.729069+00:00", "pm1_0": 8.8, "pm2_5": 11.6, "latitude": 25.760899, "longitude": -100.16765 }, "geometry": { "type": "Point", "coordinates": [ -100.16765, 25.760899 ] } },
{ "type": "Feature", "properties": { "sensor_index": 292943, "name": "TEC-AMM-RC-005", "timestamp": "2026-09-08T18:20:35.729069+00:00", "pm1_0": 25.1, "pm2_5": 33.1, "latitude": 25.646128, "longitude": -100.14929 }, "geometry": { "type": "Point", "coordinates": [ -100.14929, 25.646128 ] } },
{ "type": "Feature", "properties": { "sensor_index": 292939, "name": "TEC-AMM-RA-001", "timestamp": "2026-09-08T18:20:35.729069+00:00", "pm1_0": 27.6, "pm2_5": 37.4, "latitude": 25.658657, "longitude": -100.399 }, "geometry": { "type": "Point", "coordinates": [ -100.399, 25.658657 ] } },
{ "type": "Feature", "properties": { "sensor_index": 292949, "name": "TEC-AMM-RA-003", "timestamp": "2026-09-08T18:20:35.729069+00:00", "pm1_0": 25.9, "pm2_5": 34.7, "latitude": 25.661757, "longitude": -100.36972 }, "geometry": { "type": "Point", "coordinates": [ -100.36972, 25.661757 ] } },
{ "type": "Feature", "properties": { "sensor_index": 292951, "name": "TEC-AMM-RB-004", "timestamp": "2026-09-08T18:20:35.729069+00:00", "pm1_0": 28.9, "pm2_5": 40.8, "latitude": 25.66194, "longitude": -100.3313 }, "geometry": { "type": "Point", "coordinates": [ -100.3313, 25.66194 ] } },
{ "type": "Feature", "properties": { "sensor_index": 292947, "name": "TEC-AMM-RA-004", "timestamp": "2026-09-08T18:20:35.729069+00:00", "pm1_0": 27.9, "pm2_5": 37.3, "latitude": 25.684696, "longitude": -100.36298 }, "geometry": { "type": "Point", "coordinates": [ -100.36298, 25.684696 ] } },
{ "type": "Feature", "properties": { "sensor_index": 292957, "name": "TEC-AMM-RC-008", "timestamp": "2026-09-08T18:20:35.729069+00:00", "pm1_0": 22.2, "pm2_5": 29.7, "latitude": 25.731503, "longitude": -100.13724 }, "geometry": { "type": "Point", "coordinates": [ -100.13724, 25.731503 ] } },
{ "type": "Feature", "properties": { "sensor_index": 292973, "name": "TEC-AMM-RC-003", "timestamp": "2026-09-08T18:20:35.729069+00:00", "pm1_0": 27.2, "pm2_5": 37.1, "latitude": 25.684975, "longitude": -100.17443 }, "geometry": { "type": "Point", "coordinates": [ -100.17443, 25.684975 ] } },
{ "type": "Feature", "properties": { "sensor_index": 292983, "name": "TEC-AMM-RC-007", "timestamp": "2026-09-08T18:20:35.729069+00:00", "pm1_0": 17.7, "pm2_5": 24.9, "latitude": 25.650148, "longitude": -100.11657 }, "geometry": { "type": "Point", "coordinates": [ -100.11657, 25.650148 ] } },
{ "type": "Feature", "properties": { "sensor_index": 292997, "name": "TEC-AMM-RF-004", "timestamp": "2026-09-08T18:20:35.729069+00:00", "pm1_0": 26.4, "pm2_5": 35.1, "latitude": 25.738094, "longitude": -100.30651 }, "geometry": { "type": "Point", "coordinates": [ -100.30651, 25.738094 ] } },
{ "type": "Feature", "properties": { "sensor_index": 292997, "name": "TEC-AMM-RF-004", "timestamp": "2026-09-08T18:20:35.729069+00:00", "pm1_0": 26.4, "pm2_5": 35.1, "latitude": 25.73373, "longitude": -100.31656 }, "geometry": { "type": "Point", "coordinates": [ -100.31656, 25.73373 ] } },
{ "type": "Feature", "properties": { "sensor_index": 292999, "name": "TEC-AMM-RE-002", "timestamp": "2026-09-08T18:20:35.729069+00:00", "pm1_0": 23.7, "pm2_5": 31.4, "latitude": 25.772509, "longitude": -100.31119 }, "geometry": { "type": "Point", "coordinates": [ -100.31119, 25.772509 ] } },
{ "type": "Feature", "properties": { "sensor_index": 293001, "name": "TEC-AMM-RF-006", "timestamp": "2026-09-08T18:20:35.729069+00:00", "pm1_0": 26.9, "pm2_5": 36.8, "latitude": 25.71829, "longitude": -100.37077 }, "geometry": { "type": "Point", "coordinates": [ -100.37077, 25.71829 ] } },
{ "type": "Feature", "properties": { "sensor_index": 293003, "name": "TEC-AMM-RB-006", "timestamp": "2026-09-08T18:20:35.729069+00:00", "pm1_0": 28.1, "pm2_5": 38.3, "latitude": 25.676483, "longitude": -100.29272 }, "geometry": { "type": "Point", "coordinates": [ -100.29272, 25.676483 ] } },
{ "type": "Feature", "properties": { "sensor_index": 293469, "name": "Leon Ortigosa ABP", "timestamp": "2026-09-08T18:20:35.729069+00:00", "pm1_0": 29.0, "pm2_5": 41.0, "latitude": 25.67212, "longitude": -100.33521 }, "geometry": { "type": "Point", "coordinates": [ -100.33521, 25.67212 ] } },
{ "type": "Feature", "properties": { "sensor_index": 293465, "name": "Loma Larga", "timestamp": "2026-09-08T18:20:35.729069+00:00", "pm1_0": 29.4, "pm2_5": 42.5, "latitude": 25.665812, "longitude": -100.34373 }, "geometry": { "type": "Point", "coordinates": [ -100.34373, 25.665812 ] } },
{ "type": "Feature", "properties": { "sensor_index": 293467, "name": "UMF37", "timestamp": "2026-09-08T18:20:35.729069+00:00", "pm1_0": 25.9, "pm2_5": 35.8, "latitude": 25.687622, "longitude": -100.342964 }, "geometry": { "type": "Point", "coordinates": [ -100.342964, 25.687622 ] } },
{ "type": "Feature", "properties": { "sensor_index": 33027, "name": "Lagos del Bosque", "timestamp": "2026-09-08T18:20:35.729069+00:00", "pm1_0": 12.3, "pm2_5": 19.2, "latitude": 25.600061, "longitude": -100.26256 }, "geometry": { "type": "Point", "coordinates": [ -100.26256, 25.600061 ] } },
{ "type": "Feature", "properties": { "sensor_index": 33117, "name": "Liceo de Monterrey", "timestamp": "2026-09-08T18:20:35.729069+00:00", "pm1_0": 32.4, "pm2_5": 48.8, "latitude": 25.650322, "longitude": -100.32849 }, "geometry": { "type": "Point", "coordinates": [ -100.32849, 25.650322 ] } },
{ "type": "Feature", "properties": { "sensor_index": 34441, "name": "Callejon de los Ayala", "timestamp": "2026-09-08T18:20:35.729069+00:00", "pm1_0": 6.2, "pm2_5": 11.2, "latitude": 25.6665, "longitude": -100.3976 }, "geometry": { "type": "Point", "coordinates": [ -100.3976, 25.6665 ] } },
{ "type": "Feature", "properties": { "sensor_index": 34499, "name": "San Patricio #106", "timestamp": "2026-09-08T18:20:35.729069+00:00", "pm1_0": 0.0, "pm2_5": 0.0, "latitude": 25.641743, "longitude": -100.3472 }, "geometry": { "type": "Point", "coordinates": [ -100.3472, 25.641743 ] } },
{ "type": "Feature", "properties": { "sensor_index": 34511, "name": "Rosario", "timestamp": "2026-09-08T18:20:35.729069+00:00", "pm1_0": 22.1, "pm2_5": 36.9, "latitude": 25.640432, "longitude": -100.392265 }, "geometry": { "type": "Point", "coordinates": [ -100.392265, 25.640432 ] } },
{ "type": "Feature", "properties": { "sensor_index": 38663, "name": "Rayon Norte", "timestamp": "2026-09-08T18:20:35.729069+00:00", "pm1_0": 14.2, "pm2_5": 19.1, "latitude": 25.678823, "longitude": -100.319695 }, "geometry": { "type": "Point", "coordinates": [ -100.319695, 25.678823 ] } },
{ "type": "Feature", "properties": { "sensor_index": 42211, "name": "RF", "timestamp": "2026-09-08T18:20:35.729069+00:00", "pm1_0": 29.2, "pm2_5": 44.8, "latitude": 25.61638, "longitude": -100.316124 }, "geometry": { "type": "Point", "coordinates": [ -100.316124, 25.61638 ] } },
{ "type": "Feature", "properties": { "sensor_index": 305140, "name": "Bicla", "timestamp": "2026-09-08T18:20:35.729069+00:00", "pm1_0": 26.4, "pm2_5": 36.9, "latitude": 25.700935, "longitude": -100.33541 }, "geometry": { "type": "Point", "coordinates": [ -100.33541, 25.700935 ] } },
{ "type": "Feature", "properties": { "sensor_index": 305164, "name": "NuevaMaderoDave", "timestamp": "2026-09-08T18:20:35.729069+00:00", "pm1_0": 28.6, "pm2_5": 40.0, "latitude": 25.688787, "longitude": -100.27929 }, "geometry": { "type": "Point", "coordinates": [ -100.27929, 25.688787 ] } },
{ "type": "Feature", "properties": { "sensor_index": 305192, "name": "11a avenida cumbres 1 sector", "timestamp": "2026-09-08T18:20:35.729069+00:00", "pm1_0": 26.4, "pm2_5": 35.2, "latitude": 25.69958, "longitude": -100.35898 }, "geometry": { "type": "Point", "coordinates": [ -100.35898, 25.69958 ] } },
{ "type": "Feature", "properties": { "sensor_index": 305232, "name": "PurpleAir Ancira Mty", "timestamp": "2026-09-08T18:20:35.729069+00:00", "pm1_0": 30.2, "pm2_5": 41.9, "latitude": 25.651157, "longitude": -100.3062 }, "geometry": { "type": "Point", "coordinates": [ -100.3062, 25.651157 ] } },
{ "type": "Feature", "properties": { "sensor_index": 43627, "name": "Liceo de Monterrey Rosemont", "timestamp": "2026-09-08T18:20:35.729069+00:00", "pm1_0": 11.1, "pm2_5": 15.7, "latitude": 25.67425, "longitude": -100.35398 }, "geometry": { "type": "Point", "coordinates": [ -100.35398, 25.67425 ] } },
{ "type": "Feature", "properties": { "sensor_index": 45769, "name": "Huascaran", "timestamp": "2026-09-08T18:20:35.729069+00:00", "pm1_0": 21.5, "pm2_5": 32.9, "latitude": 25.637255, "longitude": -100.399216 }, "geometry": { "type": "Point", "coordinates": [ -100.399216, 25.637255 ] } },
{ "type": "Feature", "properties": { "sensor_index": 308956, "name": "Jardín de las carreras", "timestamp": "2026-09-08T18:20:35.729069+00:00", "pm1_0": 25.3, "pm2_5": 34.8, "latitude": 25.650595, "longitude": -100.289 }, "geometry": { "type": "Point", "coordinates": [ -100.289, 25.650595 ] } },
{ "type": "Feature", "properties": { "sensor_index": 49949, "name": "El Horizonte", "timestamp": "2026-09-08T18:20:35.729069+00:00", "pm1_0": 22.1, "pm2_5": 35.0, "latitude": 25.677492, "longitude": -100.29761 }, "geometry": { "type": "Point", "coordinates": [ -100.29761, 25.677492 ] } },
{ "type": "Feature", "properties": { "sensor_index": 50555, "name": "Treviño", "timestamp": "2026-09-08T18:20:35.729069+00:00", "pm1_0": 0.0, "pm2_5": 0.0, "latitude": 25.638243, "longitude": -100.36743 }, "geometry": { "type": "Point", "coordinates": [ -100.36743, 25.638243 ] } },
{ "type": "Feature", "properties": { "sensor_index": 50871, "name": "TEC Garza Laguera", "timestamp": "2026-09-08T18:20:35.729069+00:00", "pm1_0": 11.8, "pm2_5": 17.2, "latitude": 25.61827, "longitude": -100.27293 }, "geometry": { "type": "Point", "coordinates": [ -100.27293, 25.61827 ] } },
{ "type": "Feature", "properties": { "sensor_index": 321194, "name": "Ramsesgs", "timestamp": "2026-09-08T18:20:35.729069+00:00", "pm1_0": 29.0, "pm2_5": 40.1, "latitude": 25.61975, "longitude": -100.29781 }, "geometry": { "type": "Point", "coordinates": [ -100.29781, 25.61975 ] } },
{ "type": "Feature", "properties": { "sensor_index": 119937, "name": "Grupo Reforma Cumbres", "timestamp": "2026-09-08T18:20:35.729069+00:00", "pm1_0": 18.2, "pm2_5": 26.3, "latitude": 25.71012, "longitude": -100.37474 }, "geometry": { "type": "Point", "coordinates": [ -100.37474, 25.71012 ] } },
{ "type": "Feature", "properties": { "sensor_index": 119965, "name": "Grupo Reforma El Norte", "timestamp": "2026-09-08T18:20:35.729069+00:00", "pm1_0": 18.9, "pm2_5": 26.6, "latitude": 25.674164, "longitude": -100.30816 }, "geometry": { "type": "Point", "coordinates": [ -100.30816, 25.674164 ] } },
{ "type": "Feature", "properties": { "sensor_index": 121825, "name": "Grupo Reforma Sierra Madre", "timestamp": "2026-09-08T18:20:35.729069+00:00", "pm1_0": 3308.9, "pm2_5": 3308.9, "latitude": 25.663378, "longitude": -100.36808 }, "geometry": { "type": "Point", "coordinates": [ -100.36808, 25.663378 ] } },
{ "type": "Feature", "properties": { "sensor_index": 136522, "name": "Bosques de La Pastora", "timestamp": "2026-09-08T18:20:35.729069+00:00", "pm1_0": 19.0, "pm2_5": 29.7, "latitude": 25.65773, "longitude": -100.251625 }, "geometry": { "type": "Point", "coordinates": [ -100.251625, 25.65773 ] } },
{ "type": "Feature", "properties": { "sensor_index": 147010, "name": "Santa Barbara", "timestamp": "2026-09-08T18:20:35.729069+00:00", "pm1_0": 20.2, "pm2_5": 28.5, "latitude": 25.661701, "longitude": -100.38932 }, "geometry": { "type": "Point", "coordinates": [ -100.38932, 25.661701 ] } },
{ "type": "Feature", "properties": { "sensor_index": 174781, "name": "Colegio Cambridge de Monterrey Campus Mitras", "timestamp": "2026-09-08T18:20:35.729069+00:00", "pm1_0": 24.0, "pm2_5": 31.6, "latitude": 25.696613, "longitude": -100.348114 }, "geometry": { "type": "Point", "coordinates": [ -100.348114, 25.696613 ] } },
{ "type": "Feature", "properties": { "sensor_index": 174787, "name": "Colegio Cambridge de Monterrey Campus Norte", "timestamp": "2026-09-08T18:20:35.729069+00:00", "pm1_0": 23.3, "pm2_5": 28.7, "latitude": 25.779613, "longitude": -100.28022 }, "geometry": { "type": "Point", "coordinates": [ -100.28022, 25.779613 ] } },
{ "type": "Feature", "properties": { "sensor_index": 189431, "name": "BEA", "timestamp": "2026-09-08T18:20:35.729069+00:00", "pm1_0": 25.3, "pm2_5": 38.0, "latitude": 25.65725, "longitude": -100.35996 }, "geometry": { "type": "Point", "coordinates": [ -100.35996, 25.65725 ] } },
{ "type": "Feature", "properties": { "sensor_index": 189435, "name": "Olinalá", "timestamp": "2026-09-08T18:20:35.729069+00:00", "pm1_0": 26.3, "pm2_5": 41.9, "latitude": 25.618986, "longitude": -100.37645 }, "geometry": { "type": "Point", "coordinates": [ -100.37645, 25.618986 ] } },
{ "type": "Feature", "properties": { "sensor_index": 189447, "name": "Río Amazonas NO", "timestamp": "2026-09-08T18:20:35.729069+00:00", "pm1_0": 26.9, "pm2_5": 40.2, "latitude": 25.662104, "longitude": -100.37172 }, "geometry": { "type": "Point", "coordinates": [ -100.37172, 25.662104 ] } },
{ "type": "Feature", "properties": { "sensor_index": 189455, "name": "CHIPINQUE CAV", "timestamp": "2026-09-08T18:20:35.729069+00:00", "pm1_0": 27.5, "pm2_5": 44.5, "latitude": 25.618307, "longitude": -100.359955 }, "geometry": { "type": "Point", "coordinates": [ -100.359955, 25.618307 ] } },
{ "type": "Feature", "properties": { "sensor_index": 189469, "name": "Hospital Zambran Hellion TecSalud", "timestamp": "2026-09-08T18:20:35.729069+00:00", "pm1_0": 28.8, "pm2_5": 44.9, "latitude": 25.64684, "longitude": -100.33364 }, "geometry": { "type": "Point", "coordinates": [ -100.33364, 25.64684 ] } },
{ "type": "Feature", "properties": { "sensor_index": 208785, "name": "Colegio Cambridge de Monterrey Campus Anáhuac", "timestamp": "2026-09-08T18:20:35.729069+00:00", "pm1_0": 24.3, "pm2_5": 31.3, "latitude": 25.77144, "longitude": -100.26785 }, "geometry": { "type": "Point", "coordinates": [ -100.26785, 25.77144 ] } },
{ "type": "Feature", "properties": { "sensor_index": 209147, "name": "Rincon de San Jeronimo", "timestamp": "2026-09-08T18:20:35.729069+00:00", "pm1_0": 22.1, "pm2_5": 34.6, "latitude": 25.691032, "longitude": -100.375786 }, "geometry": { "type": "Point", "coordinates": [ -100.375786, 25.691032 ] } },
{ "type": "Feature", "properties": { "sensor_index": 227879, "name": "Rectoria", "timestamp": "2026-09-08T18:20:35.729069+00:00", "pm1_0": 23.6, "pm2_5": 31.5, "latitude": 25.651268, "longitude": -100.291214 }, "geometry": { "type": "Point", "coordinates": [ -100.291214, 25.651268 ] } },
{ "type": "Feature", "properties": { "sensor_index": 227887, "name": "Sensor_Purple_Air-Explanada_EGP-Entrada_Prin", "timestamp": "2026-09-08T18:20:35.729069+00:00", "pm1_0": 13.7, "pm2_5": 16.9, "latitude": 25.64419, "longitude": -100.3255 }, "geometry": { "type": "Point", "coordinates": [ -100.3255, 25.64419 ] } },
{ "type": "Feature", "properties": { "sensor_index": 227889, "name": "Parque central", "timestamp": "2026-09-08T18:20:35.729069+00:00", "pm1_0": 21.7, "pm2_5": 28.4, "latitude": 25.652395, "longitude": -100.28713 }, "geometry": { "type": "Point", "coordinates": [ -100.28713, 25.652395 ] } },
{ "type": "Feature", "properties": { "sensor_index": 227907, "name": "Estacionamiento Alumnos", "timestamp": "2026-09-08T18:20:35.729069+00:00", "pm1_0": 23.3, "pm2_5": 30.8, "latitude": 25.744081, "longitude": -100.28277 }, "geometry": { "type": "Point", "coordinates": [ -100.28277, 25.744081 ] } },
{ "type": "Feature", "properties": { "sensor_index": 227913, "name": "EGADE-Sombrillas", "timestamp": "2026-09-08T18:20:35.729069+00:00", "pm1_0": 31.0, "pm2_5": 44.0, "latitude": 25.643106, "longitude": -100.32573 }, "geometry": { "type": "Point", "coordinates": [ -100.32573, 25.643106 ] } },
{ "type": "Feature", "properties": { "sensor_index": 228003, "name": "EGL-Jardín Robótica", "timestamp": "2026-09-08T18:20:35.729069+00:00", "pm1_0": 23.2, "pm2_5": 30.9, "latitude": 25.61803, "longitude": -100.27554 }, "geometry": { "type": "Point", "coordinates": [ -100.27554, 25.61803 ] } },
{ "type": "Feature", "properties": { "sensor_index": 228001, "name": "C-MTY Explanada 2", "timestamp": "2026-09-08T18:20:35.729069+00:00", "pm1_0": 29.4, "pm2_5": 41.4, "latitude": 25.656332, "longitude": -100.20696 }, "geometry": { "type": "Point", "coordinates": [ -100.20696, 25.656332 ] } },
{ "type": "Feature", "properties": { "sensor_index": 228383, "name": "Estadio Banorte", "timestamp": "2026-09-08T18:20:35.729069+00:00", "pm1_0": 26.6, "pm2_5": 35.6, "latitude": 25.654228, "longitude": -100.28651 }, "geometry": { "type": "Point", "coordinates": [ -100.28651, 25.654228 ] } },
{ "type": "Feature", "properties": { "sensor_index": 228381, "name": "C-MTY RAMPA CAFETERÍA", "timestamp": "2026-09-08T18:20:35.729069+00:00", "pm1_0": 28.5, "pm2_5": 40.8, "latitude": 25.628263, "longitude": -100.30376 }, "geometry": { "type": "Point", "coordinates": [ -100.30376, 25.628263 ] } },
{ "type": "Feature", "properties": { "sensor_index": 228389, "name": "PEGS-Sensor-Canchas", "timestamp": "2026-09-08T18:20:35.729069+00:00", "pm1_0": 30.4, "pm2_5": 41.9, "latitude": 25.670425, "longitude": -100.35683 }, "geometry": { "type": "Point", "coordinates": [ -100.35683, 25.670425 ] } },
{ "type": "Feature", "properties": { "sensor_index": 228407, "name": "CEDES", "timestamp": "2026-09-08T18:20:35.729069+00:00", "pm1_0": 23.5, "pm2_5": 30.6, "latitude": 25.653677, "longitude": -100.29242 }, "geometry": { "type": "Point", "coordinates": [ -100.29242, 25.653677 ] } },
{ "type": "Feature", "properties": { "sensor_index": 278863, "name": "Rio Balsas", "timestamp": "2026-09-08T18:41:50.844066+00:00", "pm1_0": 26.2, "pm2_5": 35.6, "latitude": 25.662691, "longitude": -100.37312 }, "geometry": { "type": "Point", "coordinates": [ -100.37312, 25.662691 ] } },
{ "type": "Feature", "properties": { "sensor_index": 278869, "name": "Veredalta", "timestamp": "2026-09-08T18:41:50.844066+00:00", "pm1_0": 28.2, "pm2_5": 39.9, "latitude": 25.638226, "longitude": -100.3525 }, "geometry": { "type": "Point", "coordinates": [ -100.3525, 25.638226 ] } },
{ "type": "Feature", "properties": { "sensor_index": 278871, "name": "Parroquia Reina de Los Ángeles", "timestamp": "2026-09-08T18:41:50.844066+00:00", "pm1_0": 13.3, "pm2_5": 21.0, "latitude": 25.636341, "longitude": -100.36872 }, "geometry": { "type": "Point", "coordinates": [ -100.36872, 25.636341 ] } },
{ "type": "Feature", "properties": { "sensor_index": 278875, "name": "Secretaría de Relaciones Exteriores", "timestamp": "2026-09-08T18:41:50.844066+00:00", "pm1_0": 27.0, "pm2_5": 38.1, "latitude": 25.667723, "longitude": -100.38136 }, "geometry": { "type": "Point", "coordinates": [ -100.38136, 25.667723 ] } },
{ "type": "Feature", "properties": { "sensor_index": 278883, "name": "Mater International Institute", "timestamp": "2026-09-08T18:41:50.844066+00:00", "pm1_0": 32.6, "pm2_5": 46.1, "latitude": 25.641127, "longitude": -100.362755 }, "geometry": { "type": "Point", "coordinates": [ -100.362755, 25.641127 ] } },
{ "type": "Feature", "properties": { "sensor_index": 278889, "name": "Chipinque Meseta", "timestamp": "2026-09-08T18:41:50.844066+00:00", "pm1_0": 29.0, "pm2_5": 44.5, "latitude": 25.607624, "longitude": -100.355156 }, "geometry": { "type": "Point", "coordinates": [ -100.355156, 25.607624 ] } },
{ "type": "Feature", "properties": { "sensor_index": 278901, "name": "OFICINAS SAN PEDRO PARQUES", "timestamp": "2026-09-08T18:41:50.844066+00:00", "pm1_0": 28.9, "pm2_5": 38.8, "latitude": 25.644024, "longitude": -100.376305 }, "geometry": { "type": "Point", "coordinates": [ -100.376305, 25.644024 ] } },
{ "type": "Feature", "properties": { "sensor_index": 278919, "name": "Residencia Tabachín", "timestamp": "2026-09-08T18:41:50.844066+00:00", "pm1_0": 25.0, "pm2_5": 36.1, "latitude": 25.630367, "longitude": -100.34808 }, "geometry": { "type": "Point", "coordinates": [ -100.34808, 25.630367 ] } },
{ "type": "Feature", "properties": { "sensor_index": 278929, "name": "Rio Caura", "timestamp": "2026-09-08T18:41:50.844066+00:00", "pm1_0": 28.0, "pm2_5": 40.4, "latitude": 25.659946, "longitude": -100.38283 }, "geometry": { "type": "Point", "coordinates": [ -100.38283, 25.659946 ] } },
{ "type": "Feature", "properties": { "sensor_index": 278931, "name": "Residencia Platon", "timestamp": "2026-09-08T18:41:50.844066+00:00", "pm1_0": 27.6, "pm2_5": 38.9, "latitude": 25.630522, "longitude": -100.36023 }, "geometry": { "type": "Point", "coordinates": [ -100.36023, 25.630522 ] } },
{ "type": "Feature", "properties": { "sensor_index": 278937, "name": "Residencia Saqqara", "timestamp": "2026-09-08T18:41:50.844066+00:00", "pm1_0": 28.3, "pm2_5": 41.6, "latitude": 25.652473, "longitude": -100.349236 }, "geometry": { "type": "Point", "coordinates": [ -100.349236, 25.652473 ] } },
{ "type": "Feature", "properties": { "sensor_index": 278939, "name": "Residencia Rio Rosas", "timestamp": "2026-09-08T18:41:50.844066+00:00", "pm1_0": 27.7, "pm2_5": 39.2, "latitude": 25.656303, "longitude": -100.36027 }, "geometry": { "type": "Point", "coordinates": [ -100.36027, 25.656303 ] } },
{ "type": "Feature", "properties": { "sensor_index": 278951, "name": "Parque El Capitán", "timestamp": "2026-09-08T18:41:50.844066+00:00", "pm1_0": 26.4, "pm2_5": 35.0, "latitude": 25.663504, "longitude": -100.35734 }, "geometry": { "type": "Point", "coordinates": [ -100.35734, 25.663504 ] } },
{ "type": "Feature", "properties": { "sensor_index": 278957, "name": "Los Pinos", "timestamp": "2026-09-08T18:41:50.844066+00:00", "pm1_0": 22.4, "pm2_5": 33.0, "latitude": 25.672205, "longitude": -100.397354 }, "geometry": { "type": "Point", "coordinates": [ -100.397354, 25.672205 ] } },
{ "type": "Feature", "properties": { "sensor_index": 278959, "name": "Colegio Nobel", "timestamp": "2026-09-08T18:41:50.844066+00:00", "pm1_0": 26.0, "pm2_5": 36.2, "latitude": 25.657562, "longitude": -100.39641 }, "geometry": { "type": "Point", "coordinates": [ -100.39641, 25.657562 ] } },
{ "type": "Feature", "properties": { "sensor_index": 278955, "name": "Residencia San Mateo", "timestamp": "2026-09-08T18:41:50.844066+00:00", "pm1_0": 19.8, "pm2_5": 26.5, "latitude": 25.643766, "longitude": -100.31643 }, "geometry": { "type": "Point", "coordinates": [ -100.31643, 25.643766 ] } },
{ "type": "Feature", "properties": { "sensor_index": 279836, "name": "San Roberto International School San Agustin", "timestamp": "2026-09-08T18:41:50.844066+00:00", "pm1_0": 24.5, "pm2_5": 33.8, "latitude": 25.646032, "longitude": -100.338165 }, "geometry": { "type": "Point", "coordinates": [ -100.338165, 25.646032 ] } },
{ "type": "Feature", "properties": { "sensor_index": 279834, "name": "Colegio Ingles Campus Encino", "timestamp": "2026-09-08T18:41:50.844066+00:00", "pm1_0": 30.3, "pm2_5": 41.7, "latitude": 25.637669, "longitude": -100.33746 }, "geometry": { "type": "Point", "coordinates": [ -100.33746, 25.637669 ] } },
{ "type": "Feature", "properties": { "sensor_index": 279854, "name": "Pinos", "timestamp": "2026-09-08T18:41:50.844066+00:00", "pm1_0": 22.9, "pm2_5": 29.3, "latitude": 25.65975, "longitude": -100.349976 }, "geometry": { "type": "Point", "coordinates": [ -100.349976, 25.65975 ] } },
{ "type": "Feature", "properties": { "sensor_index": 279866, "name": "Lomas del Campestre", "timestamp": "2026-09-08T18:41:50.844066+00:00", "pm1_0": 26.1, "pm2_5": 35.8, "latitude": 25.638052, "longitude": -100.33173 }, "geometry": { "type": "Point", "coordinates": [ -100.33173, 25.638052 ] } },
{ "type": "Feature", "properties": { "sensor_index": 279890, "name": "María Desatadora de Nudos", "timestamp": "2026-09-08T18:41:50.844066+00:00", "pm1_0": 30.1, "pm2_5": 42.8, "latitude": 25.624146, "longitude": -100.37315 }, "geometry": { "type": "Point", "coordinates": [ -100.37315, 25.624146 ] } },
{ "type": "Feature", "properties": { "sensor_index": 279926, "name": "Parque Mississippi", "timestamp": "2026-09-08T18:41:50.844066+00:00", "pm1_0": 27.3, "pm2_5": 36.0, "latitude": 25.657495, "longitude": -100.36317 }, "geometry": { "type": "Point", "coordinates": [ -100.36317, 25.657495 ] } },
{ "type": "Feature", "properties": { "sensor_index": 280524, "name": "Privada Paso de la Sierra", "timestamp": "2026-09-08T18:41:50.844066+00:00", "pm1_0": 27.6, "pm2_5": 37.2, "latitude": 25.648457, "longitude": -100.36256 }, "geometry": { "type": "Point", "coordinates": [ -100.36256, 25.648457 ] } },
{ "type": "Feature", "properties": { "sensor_index": 280520, "name": "Irish International School Campus First School", "timestamp": "2026-09-08T18:41:50.844066+00:00", "pm1_0": 29.9, "pm2_5": 40.7, "latitude": 25.639212, "longitude": -100.34154 }, "geometry": { "type": "Point", "coordinates": [ -100.34154, 25.639212 ] } },
{ "type": "Feature", "properties": { "sensor_index": 280532, "name": "Museo La Milarca", "timestamp": "2026-09-08T18:41:50.844066+00:00", "pm1_0": 26.4, "pm2_5": 35.2, "latitude": 25.64443, "longitude": -100.32734 }, "geometry": { "type": "Point", "coordinates": [ -100.32734, 25.64443 ] } },
{ "type": "Feature", "properties": { "sensor_index": 280534, "name": "Residencia Savotino", "timestamp": "2026-09-08T18:41:50.844066+00:00", "pm1_0": 29.8, "pm2_5": 41.6, "latitude": 25.662497, "longitude": -100.36313 }, "geometry": { "type": "Point", "coordinates": [ -100.36313, 25.662497 ] } },
{ "type": "Feature", "properties": { "sensor_index": 280644, "name": "Residencia nogal", "timestamp": "2026-09-08T18:41:50.844066+00:00", "pm1_0": 30.7, "pm2_5": 45.2, "latitude": 25.61478, "longitude": -100.368286 }, "geometry": { "type": "Point", "coordinates": [ -100.368286, 25.61478 ] } },
{ "type": "Feature", "properties": { "sensor_index": 280900, "name": "Rio Necaxa", "timestamp": "2026-09-08T18:41:50.844066+00:00", "pm1_0": 27.2, "pm2_5": 36.1, "latitude": 25.65677, "longitude": -100.344666 }, "geometry": { "type": "Point", "coordinates": [ -100.344666, 25.65677 ] } },
{ "type": "Feature", "properties": { "sensor_index": 280902, "name": "Residencia Rio Pesqueria", "timestamp": "2026-09-08T18:41:50.844066+00:00", "pm1_0": 27.7, "pm2_5": 37.7, "latitude": 25.658936, "longitude": -100.37394 }, "geometry": { "type": "Point", "coordinates": [ -100.37394, 25.658936 ] } },
{ "type": "Feature", "properties": { "sensor_index": 284960, "name": "Esquina Barranquilla y Patagonia (Altavista)", "timestamp": "2026-09-08T18:41:50.844066+00:00", "pm1_0": 27.9, "pm2_5": 37.8, "latitude": 25.644045, "longitude": -100.29044 }, "geometry": { "type": "Point", "coordinates": [ -100.29044, 25.644045 ] } },
{ "type": "Feature", "properties": { "sensor_index": 286238, "name": "Oasis", "timestamp": "2026-09-08T18:41:50.844066+00:00", "pm1_0": 22.5, "pm2_5": 28.4, "latitude": 25.640884, "longitude": -100.30304 }, "geometry": { "type": "Point", "coordinates": [ -100.30304, 25.640884 ] } },
{ "type": "Feature", "properties": { "sensor_index": 286240, "name": "Casa Naranjos", "timestamp": "2026-09-08T18:41:50.844066+00:00", "pm1_0": 26.0, "pm2_5": 34.0, "latitude": 25.654285, "longitude": -100.28977 }, "geometry": { "type": "Point", "coordinates": [ -100.28977, 25.654285 ] } },
{ "type": "Feature", "properties": { "sensor_index": 288064, "name": "Terminal", "timestamp": "2026-09-08T18:41:50.844066+00:00", "pm1_0": 26.2, "pm2_5": 35.0, "latitude": 25.686438, "longitude": -100.29351 }, "geometry": { "type": "Point", "coordinates": [ -100.29351, 25.686438 ] } },
{ "type": "Feature", "properties": { "sensor_index": 288066, "name": "Hospital de San Vicente", "timestamp": "2026-09-08T18:41:50.844066+00:00", "pm1_0": 31.7, "pm2_5": 43.0, "latitude": 25.67851, "longitude": -100.324974 }, "geometry": { "type": "Point", "coordinates": [ -100.324974, 25.67851 ] } },
{ "type": "Feature", "properties": { "sensor_index": 288332, "name": "Facultad de Salud Pública y Nutrición", "timestamp": "2026-09-08T18:41:50.844066+00:00", "pm1_0": 26.9, "pm2_5": 36.2, "latitude": 25.688875, "longitude": -100.34783 }, "geometry": { "type": "Point", "coordinates": [ -100.34783, 25.688875 ] } },
{ "type": "Feature", "properties": { "sensor_index": 292893, "name": "TEC-AMM-RB-005", "timestamp": "2026-09-08T18:41:50.844066+00:00", "pm1_0": 29.0, "pm2_5": 40.8, "latitude": 25.658117, "longitude": -100.26312 }, "geometry": { "type": "Point", "coordinates": [ -100.26312, 25.658117 ] } },
{ "type": "Feature", "properties": { "sensor_index": 292895, "name": "TEC-AMM-RD-004", "timestamp": "2026-09-08T18:41:50.844066+00:00", "pm1_0": 25.5, "pm2_5": 34.0, "latitude": 25.774128, "longitude": -100.26622 }, "geometry": { "type": "Point", "coordinates": [ -100.26622, 25.774128 ] } },
{ "type": "Feature", "properties": { "sensor_index": 292889, "name": "TEC-AMM-RB-003", "timestamp": "2026-09-08T18:41:50.844066+00:00", "pm1_0": 30.0, "pm2_5": 42.6, "latitude": 25.654068, "longitude": -100.22748 }, "geometry": { "type": "Point", "coordinates": [ -100.22748, 25.654068 ] } },
{ "type": "Feature", "properties": { "sensor_index": 292891, "name": "TEC-AMM-RC-004", "timestamp": "2026-09-08T18:41:50.844066+00:00", "pm1_0": 25.3, "pm2_5": 32.5, "latitude": 25.639277, "longitude": -100.17398 }, "geometry": { "type": "Point", "coordinates": [ -100.17398, 25.639277 ] } },
{ "type": "Feature", "properties": { "sensor_index": 292901, "name": "TEC-AMM-RF-004", "timestamp": "2026-09-08T18:41:50.844066+00:00", "pm1_0": 22.5, "pm2_5": 28.2, "latitude": 25.738094, "longitude": -100.30651 }, "geometry": { "type": "Point", "coordinates": [ -100.30651, 25.738094 ] } },
{ "type": "Feature", "properties": { "sensor_index": 292901, "name": "TEC-AMM-RF-004", "timestamp": "2026-09-08T18:41:50.844066+00:00", "pm1_0": 22.5, "pm2_5": 28.2, "latitude": 25.73373, "longitude": -100.31656 }, "geometry": { "type": "Point", "coordinates": [ -100.31656, 25.73373 ] } },
{ "type": "Feature", "properties": { "sensor_index": 292897, "name": "TEC-AMM-RF-005", "timestamp": "2026-09-08T18:41:50.844066+00:00", "pm1_0": 23.7, "pm2_5": 31.6, "latitude": 25.770947, "longitude": -100.36825 }, "geometry": { "type": "Point", "coordinates": [ -100.36825, 25.770947 ] } },
{ "type": "Feature", "properties": { "sensor_index": 292905, "name": "TEC-AMM-RC-006", "timestamp": "2026-09-08T18:41:50.844066+00:00", "pm1_0": 24.7, "pm2_5": 32.0, "latitude": 25.608519, "longitude": -100.1551 }, "geometry": { "type": "Point", "coordinates": [ -100.1551, 25.608519 ] } },
{ "type": "Feature", "properties": { "sensor_index": 292941, "name": "TEC-AMM-RD-005", "timestamp": "2026-09-08T18:41:50.844066+00:00", "pm1_0": 8.8, "pm2_5": 11.6, "latitude": 25.760899, "longitude": -100.16765 }, "geometry": { "type": "Point", "coordinates": [ -100.16765, 25.760899 ] } },
{ "type": "Feature", "properties": { "sensor_index": 292943, "name": "TEC-AMM-RC-005", "timestamp": "2026-09-08T18:41:50.844066+00:00", "pm1_0": 25.1, "pm2_5": 32.3, "latitude": 25.646128, "longitude": -100.14929 }, "geometry": { "type": "Point", "coordinates": [ -100.14929, 25.646128 ] } },
{ "type": "Feature", "properties": { "sensor_index": 292939, "name": "TEC-AMM-RA-001", "timestamp": "2026-09-08T18:41:50.844066+00:00", "pm1_0": 27.8, "pm2_5": 38.6, "latitude": 25.658657, "longitude": -100.399 }, "geometry": { "type": "Point", "coordinates": [ -100.399, 25.658657 ] } },
{ "type": "Feature", "properties": { "sensor_index": 292949, "name": "TEC-AMM-RA-003", "timestamp": "2026-09-08T18:41:50.844066+00:00", "pm1_0": 26.4, "pm2_5": 35.7, "latitude": 25.661757, "longitude": -100.36972 }, "geometry": { "type": "Point", "coordinates": [ -100.36972, 25.661757 ] } },
{ "type": "Feature", "properties": { "sensor_index": 292951, "name": "TEC-AMM-RB-004", "timestamp": "2026-09-08T18:41:50.844066+00:00", "pm1_0": 26.5, "pm2_5": 36.9, "latitude": 25.66194, "longitude": -100.3313 }, "geometry": { "type": "Point", "coordinates": [ -100.3313, 25.66194 ] } },
{ "type": "Feature", "properties": { "sensor_index": 292947, "name": "TEC-AMM-RA-004", "timestamp": "2026-09-08T18:41:50.844066+00:00", "pm1_0": 29.0, "pm2_5": 39.0, "latitude": 25.684696, "longitude": -100.36298 }, "geometry": { "type": "Point", "coordinates": [ -100.36298, 25.684696 ] } },
{ "type": "Feature", "properties": { "sensor_index": 292957, "name": "TEC-AMM-RC-008", "timestamp": "2026-09-08T18:41:50.844066+00:00", "pm1_0": 22.2, "pm2_5": 29.7, "latitude": 25.731503, "longitude": -100.13724 }, "geometry": { "type": "Point", "coordinates": [ -100.13724, 25.731503 ] } },
{ "type": "Feature", "properties": { "sensor_index": 292973, "name": "TEC-AMM-RC-003", "timestamp": "2026-09-08T18:41:50.844066+00:00", "pm1_0": 27.9, "pm2_5": 38.4, "latitude": 25.684975, "longitude": -100.17443 }, "geometry": { "type": "Point", "coordinates": [ -100.17443, 25.684975 ] } },
{ "type": "Feature", "properties": { "sensor_index": 292983, "name": "TEC-AMM-RC-007", "timestamp": "2026-09-08T18:41:50.844066+00:00", "pm1_0": 17.7, "pm2_5": 24.9, "latitude": 25.650148, "longitude": -100.11657 }, "geometry": { "type": "Point", "coordinates": [ -100.11657, 25.650148 ] } },
{ "type": "Feature", "properties": { "sensor_index": 292997, "name": "TEC-AMM-RF-004", "timestamp": "2026-09-08T18:41:50.844066+00:00", "pm1_0": 25.1, "pm2_5": 33.5, "latitude": 25.738094, "longitude": -100.30651 }, "geometry": { "type": "Point", "coordinates": [ -100.30651, 25.738094 ] } },
{ "type": "Feature", "properties": { "sensor_index": 292997, "name": "TEC-AMM-RF-004", "timestamp": "2026-09-08T18:41:50.844066+00:00", "pm1_0": 25.1, "pm2_5": 33.5, "latitude": 25.73373, "longitude": -100.31656 }, "geometry": { "type": "Point", "coordinates": [ -100.31656, 25.73373 ] } },
{ "type": "Feature", "properties": { "sensor_index": 292999, "name": "TEC-AMM-RE-002", "timestamp": "2026-09-08T18:41:50.844066+00:00", "pm1_0": 25.1, "pm2_5": 33.2, "latitude": 25.772509, "longitude": -100.31119 }, "geometry": { "type": "Point", "coordinates": [ -100.31119, 25.772509 ] } },
{ "type": "Feature", "properties": { "sensor_index": 293001, "name": "TEC-AMM-RF-006", "timestamp": "2026-09-08T18:41:50.844066+00:00", "pm1_0": 23.1, "pm2_5": 31.6, "latitude": 25.71829, "longitude": -100.37077 }, "geometry": { "type": "Point", "coordinates": [ -100.37077, 25.71829 ] } },
{ "type": "Feature", "properties": { "sensor_index": 293003, "name": "TEC-AMM-RB-006", "timestamp": "2026-09-08T18:41:50.844066+00:00", "pm1_0": 26.3, "pm2_5": 34.6, "latitude": 25.676483, "longitude": -100.29272 }, "geometry": { "type": "Point", "coordinates": [ -100.29272, 25.676483 ] } },
{ "type": "Feature", "properties": { "sensor_index": 293469, "name": "Leon Ortigosa ABP", "timestamp": "2026-09-08T18:41:50.844066+00:00", "pm1_0": 27.5, "pm2_5": 38.6, "latitude": 25.67212, "longitude": -100.33521 }, "geometry": { "type": "Point", "coordinates": [ -100.33521, 25.67212 ] } },
{ "type": "Feature", "properties": { "sensor_index": 293465, "name": "Loma Larga", "timestamp": "2026-09-08T18:41:50.844066+00:00", "pm1_0": 26.5, "pm2_5": 37.3, "latitude": 25.665812, "longitude": -100.34373 }, "geometry": { "type": "Point", "coordinates": [ -100.34373, 25.665812 ] } },
{ "type": "Feature", "properties": { "sensor_index": 293467, "name": "UMF37", "timestamp": "2026-09-08T18:41:50.844066+00:00", "pm1_0": 25.6, "pm2_5": 36.8, "latitude": 25.687622, "longitude": -100.342964 }, "geometry": { "type": "Point", "coordinates": [ -100.342964, 25.687622 ] } },
{ "type": "Feature", "properties": { "sensor_index": 33027, "name": "Lagos del Bosque", "timestamp": "2026-09-08T18:41:50.844066+00:00", "pm1_0": 11.4, "pm2_5": 17.2, "latitude": 25.600061, "longitude": -100.26256 }, "geometry": { "type": "Point", "coordinates": [ -100.26256, 25.600061 ] } },
{ "type": "Feature", "properties": { "sensor_index": 33117, "name": "Liceo de Monterrey", "timestamp": "2026-09-08T18:41:50.844066+00:00", "pm1_0": 27.8, "pm2_5": 42.4, "latitude": 25.650322, "longitude": -100.32849 }, "geometry": { "type": "Point", "coordinates": [ -100.32849, 25.650322 ] } },
{ "type": "Feature", "properties": { "sensor_index": 34441, "name": "Callejon de los Ayala", "timestamp": "2026-09-08T18:41:50.844066+00:00", "pm1_0": 7.2, "pm2_5": 11.9, "latitude": 25.6665, "longitude": -100.3976 }, "geometry": { "type": "Point", "coordinates": [ -100.3976, 25.6665 ] } },
{ "type": "Feature", "properties": { "sensor_index": 34499, "name": "San Patricio #106", "timestamp": "2026-09-08T18:41:50.844066+00:00", "pm1_0": 0.0, "pm2_5": 0.0, "latitude": 25.641743, "longitude": -100.3472 }, "geometry": { "type": "Point", "coordinates": [ -100.3472, 25.641743 ] } },
{ "type": "Feature", "properties": { "sensor_index": 34511, "name": "Rosario", "timestamp": "2026-09-08T18:41:50.844066+00:00", "pm1_0": 21.4, "pm2_5": 34.9, "latitude": 25.640432, "longitude": -100.392265 }, "geometry": { "type": "Point", "coordinates": [ -100.392265, 25.640432 ] } },
{ "type": "Feature", "properties": { "sensor_index": 38663, "name": "Rayon Norte", "timestamp": "2026-09-08T18:41:50.844066+00:00", "pm1_0": 14.2, "pm2_5": 19.1, "latitude": 25.678823, "longitude": -100.319695 }, "geometry": { "type": "Point", "coordinates": [ -100.319695, 25.678823 ] } },
{ "type": "Feature", "properties": { "sensor_index": 42211, "name": "RF", "timestamp": "2026-09-08T18:41:50.844066+00:00", "pm1_0": 26.1, "pm2_5": 39.4, "latitude": 25.61638, "longitude": -100.316124 }, "geometry": { "type": "Point", "coordinates": [ -100.316124, 25.61638 ] } },
{ "type": "Feature", "properties": { "sensor_index": 305140, "name": "Bicla", "timestamp": "2026-09-08T18:41:50.844066+00:00", "pm1_0": 26.9, "pm2_5": 37.5, "latitude": 25.700935, "longitude": -100.33541 }, "geometry": { "type": "Point", "coordinates": [ -100.33541, 25.700935 ] } },
{ "type": "Feature", "properties": { "sensor_index": 305164, "name": "NuevaMaderoDave", "timestamp": "2026-09-08T18:41:50.844066+00:00", "pm1_0": 28.3, "pm2_5": 40.0, "latitude": 25.688787, "longitude": -100.27929 }, "geometry": { "type": "Point", "coordinates": [ -100.27929, 25.688787 ] } },
{ "type": "Feature", "properties": { "sensor_index": 305192, "name": "11a avenida cumbres 1 sector", "timestamp": "2026-09-08T18:41:50.844066+00:00", "pm1_0": 27.9, "pm2_5": 37.7, "latitude": 25.69958, "longitude": -100.35898 }, "geometry": { "type": "Point", "coordinates": [ -100.35898, 25.69958 ] } },
{ "type": "Feature", "properties": { "sensor_index": 305232, "name": "PurpleAir Ancira Mty", "timestamp": "2026-09-08T18:41:50.844066+00:00", "pm1_0": 28.9, "pm2_5": 40.0, "latitude": 25.651157, "longitude": -100.3062 }, "geometry": { "type": "Point", "coordinates": [ -100.3062, 25.651157 ] } },
{ "type": "Feature", "properties": { "sensor_index": 43627, "name": "Liceo de Monterrey Rosemont", "timestamp": "2026-09-08T18:41:50.844066+00:00", "pm1_0": 10.4, "pm2_5": 14.8, "latitude": 25.67425, "longitude": -100.35398 }, "geometry": { "type": "Point", "coordinates": [ -100.35398, 25.67425 ] } },
{ "type": "Feature", "properties": { "sensor_index": 45769, "name": "Huascaran", "timestamp": "2026-09-08T18:41:50.844066+00:00", "pm1_0": 21.0, "pm2_5": 31.6, "latitude": 25.637255, "longitude": -100.399216 }, "geometry": { "type": "Point", "coordinates": [ -100.399216, 25.637255 ] } },
{ "type": "Feature", "properties": { "sensor_index": 308956, "name": "Jardín de las carreras", "timestamp": "2026-09-08T18:41:50.844066+00:00", "pm1_0": 26.0, "pm2_5": 36.0, "latitude": 25.650595, "longitude": -100.289 }, "geometry": { "type": "Point", "coordinates": [ -100.289, 25.650595 ] } },
{ "type": "Feature", "properties": { "sensor_index": 49949, "name": "El Horizonte", "timestamp": "2026-09-08T18:41:50.844066+00:00", "pm1_0": 21.0, "pm2_5": 31.9, "latitude": 25.677492, "longitude": -100.29761 }, "geometry": { "type": "Point", "coordinates": [ -100.29761, 25.677492 ] } },
{ "type": "Feature", "properties": { "sensor_index": 50555, "name": "Treviño", "timestamp": "2026-09-08T18:41:50.844066+00:00", "pm1_0": 0.0, "pm2_5": 0.0, "latitude": 25.638243, "longitude": -100.36743 }, "geometry": { "type": "Point", "coordinates": [ -100.36743, 25.638243 ] } },
{ "type": "Feature", "properties": { "sensor_index": 50871, "name": "TEC Garza Laguera", "timestamp": "2026-09-08T18:41:50.844066+00:00", "pm1_0": 11.8, "pm2_5": 17.2, "latitude": 25.61827, "longitude": -100.27293 }, "geometry": { "type": "Point", "coordinates": [ -100.27293, 25.61827 ] } },
{ "type": "Feature", "properties": { "sensor_index": 321194, "name": "Ramsesgs", "timestamp": "2026-09-08T18:41:50.844066+00:00", "pm1_0": 27.0, "pm2_5": 37.2, "latitude": 25.61975, "longitude": -100.29781 }, "geometry": { "type": "Point", "coordinates": [ -100.29781, 25.61975 ] } },
{ "type": "Feature", "properties": { "sensor_index": 119937, "name": "Grupo Reforma Cumbres", "timestamp": "2026-09-08T18:41:50.844066+00:00", "pm1_0": 13.4, "pm2_5": 23.5, "latitude": 25.71012, "longitude": -100.37474 }, "geometry": { "type": "Point", "coordinates": [ -100.37474, 25.71012 ] } },
{ "type": "Feature", "properties": { "sensor_index": 119965, "name": "Grupo Reforma El Norte", "timestamp": "2026-09-08T18:41:50.844066+00:00", "pm1_0": 19.0, "pm2_5": 27.3, "latitude": 25.674164, "longitude": -100.30816 }, "geometry": { "type": "Point", "coordinates": [ -100.30816, 25.674164 ] } },
{ "type": "Feature", "properties": { "sensor_index": 121825, "name": "Grupo Reforma Sierra Madre", "timestamp": "2026-09-08T18:41:50.844066+00:00", "pm1_0": 3275.8, "pm2_5": 3275.8, "latitude": 25.663378, "longitude": -100.36808 }, "geometry": { "type": "Point", "coordinates": [ -100.36808, 25.663378 ] } },
{ "type": "Feature", "properties": { "sensor_index": 136522, "name": "Bosques de La Pastora", "timestamp": "2026-09-08T18:41:50.844066+00:00", "pm1_0": 19.0, "pm2_5": 30.0, "latitude": 25.65773, "longitude": -100.251625 }, "geometry": { "type": "Point", "coordinates": [ -100.251625, 25.65773 ] } },
{ "type": "Feature", "properties": { "sensor_index": 147010, "name": "Santa Barbara", "timestamp": "2026-09-08T18:41:50.844066+00:00", "pm1_0": 22.0, "pm2_5": 32.0, "latitude": 25.661701, "longitude": -100.38932 }, "geometry": { "type": "Point", "coordinates": [ -100.38932, 25.661701 ] } },
{ "type": "Feature", "properties": { "sensor_index": 174781, "name": "Colegio Cambridge de Monterrey Campus Mitras", "timestamp": "2026-09-08T18:41:50.844066+00:00", "pm1_0": 24.2, "pm2_5": 31.8, "latitude": 25.696613, "longitude": -100.348114 }, "geometry": { "type": "Point", "coordinates": [ -100.348114, 25.696613 ] } },
{ "type": "Feature", "properties": { "sensor_index": 174787, "name": "Colegio Cambridge de Monterrey Campus Norte", "timestamp": "2026-09-08T18:41:50.844066+00:00", "pm1_0": 23.7, "pm2_5": 29.3, "latitude": 25.779613, "longitude": -100.28022 }, "geometry": { "type": "Point", "coordinates": [ -100.28022, 25.779613 ] } },
{ "type": "Feature", "properties": { "sensor_index": 189431, "name": "BEA", "timestamp": "2026-09-08T18:41:50.844066+00:00", "pm1_0": 25.4, "pm2_5": 38.3, "latitude": 25.65725, "longitude": -100.35996 }, "geometry": { "type": "Point", "coordinates": [ -100.35996, 25.65725 ] } },
{ "type": "Feature", "properties": { "sensor_index": 189435, "name": "Olinalá", "timestamp": "2026-09-08T18:41:50.844066+00:00", "pm1_0": 28.6, "pm2_5": 46.6, "latitude": 25.618986, "longitude": -100.37645 }, "geometry": { "type": "Point", "coordinates": [ -100.37645, 25.618986 ] } },
{ "type": "Feature", "properties": { "sensor_index": 189447, "name": "Río Amazonas NO", "timestamp": "2026-09-08T18:41:50.844066+00:00", "pm1_0": 26.9, "pm2_5": 39.2, "latitude": 25.662104, "longitude": -100.37172 }, "geometry": { "type": "Point", "coordinates": [ -100.37172, 25.662104 ] } },
{ "type": "Feature", "properties": { "sensor_index": 189455, "name": "CHIPINQUE CAV", "timestamp": "2026-09-08T18:41:50.844066+00:00", "pm1_0": 26.3, "pm2_5": 41.7, "latitude": 25.618307, "longitude": -100.359955 }, "geometry": { "type": "Point", "coordinates": [ -100.359955, 25.618307 ] } },
{ "type": "Feature", "properties": { "sensor_index": 189469, "name": "Hospital Zambran Hellion TecSalud", "timestamp": "2026-09-08T18:41:50.844066+00:00", "pm1_0": 25.2, "pm2_5": 40.3, "latitude": 25.64684, "longitude": -100.33364 }, "geometry": { "type": "Point", "coordinates": [ -100.33364, 25.64684 ] } },
{ "type": "Feature", "properties": { "sensor_index": 208785, "name": "Colegio Cambridge de Monterrey Campus Anáhuac", "timestamp": "2026-09-08T18:41:50.844066+00:00", "pm1_0": 24.3, "pm2_5": 31.0, "latitude": 25.77144, "longitude": -100.26785 }, "geometry": { "type": "Point", "coordinates": [ -100.26785, 25.77144 ] } },
{ "type": "Feature", "properties": { "sensor_index": 209147, "name": "Rincon de San Jeronimo", "timestamp": "2026-09-08T18:41:50.844066+00:00", "pm1_0": 23.1, "pm2_5": 36.5, "latitude": 25.691032, "longitude": -100.375786 }, "geometry": { "type": "Point", "coordinates": [ -100.375786, 25.691032 ] } },
{ "type": "Feature", "properties": { "sensor_index": 227879, "name": "Rectoria", "timestamp": "2026-09-08T18:41:50.844066+00:00", "pm1_0": 23.6, "pm2_5": 31.6, "latitude": 25.651268, "longitude": -100.291214 }, "geometry": { "type": "Point", "coordinates": [ -100.291214, 25.651268 ] } },
{ "type": "Feature", "properties": { "sensor_index": 227887, "name": "Sensor_Purple_Air-Explanada_EGP-Entrada_Prin", "timestamp": "2026-09-08T18:41:50.844066+00:00", "pm1_0": 13.7, "pm2_5": 16.9, "latitude": 25.64419, "longitude": -100.3255 }, "geometry": { "type": "Point", "coordinates": [ -100.3255, 25.64419 ] } },
{ "type": "Feature", "properties": { "sensor_index": 227889, "name": "Parque central", "timestamp": "2026-09-08T18:41:50.844066+00:00", "pm1_0": 22.9, "pm2_5": 29.9, "latitude": 25.652395, "longitude": -100.28713 }, "geometry": { "type": "Point", "coordinates": [ -100.28713, 25.652395 ] } },
{ "type": "Feature", "properties": { "sensor_index": 227907, "name": "Estacionamiento Alumnos", "timestamp": "2026-09-08T18:41:50.844066+00:00", "pm1_0": 20.8, "pm2_5": 27.9, "latitude": 25.744081, "longitude": -100.28277 }, "geometry": { "type": "Point", "coordinates": [ -100.28277, 25.744081 ] } },
{ "type": "Feature", "properties": { "sensor_index": 227913, "name": "EGADE-Sombrillas", "timestamp": "2026-09-08T18:41:50.844066+00:00", "pm1_0": 28.2, "pm2_5": 39.7, "latitude": 25.643106, "longitude": -100.32573 }, "geometry": { "type": "Point", "coordinates": [ -100.32573, 25.643106 ] } },
{ "type": "Feature", "properties": { "sensor_index": 228003, "name": "EGL-Jardín Robótica", "timestamp": "2026-09-08T18:41:50.844066+00:00", "pm1_0": 23.3, "pm2_5": 31.8, "latitude": 25.61803, "longitude": -100.27554 }, "geometry": { "type": "Point", "coordinates": [ -100.27554, 25.61803 ] } },
{ "type": "Feature", "properties": { "sensor_index": 228001, "name": "C-MTY Explanada 2", "timestamp": "2026-09-08T18:41:50.844066+00:00", "pm1_0": 31.2, "pm2_5": 44.5, "latitude": 25.656332, "longitude": -100.20696 }, "geometry": { "type": "Point", "coordinates": [ -100.20696, 25.656332 ] } },
{ "type": "Feature", "properties": { "sensor_index": 228383, "name": "Estadio Banorte", "timestamp": "2026-09-08T18:41:50.844066+00:00", "pm1_0": 28.0, "pm2_5": 38.3, "latitude": 25.654228, "longitude": -100.28651 }, "geometry": { "type": "Point", "coordinates": [ -100.28651, 25.654228 ] } },
{ "type": "Feature", "properties": { "sensor_index": 228381, "name": "C-MTY RAMPA CAFETERÍA", "timestamp": "2026-09-08T18:41:50.844066+00:00", "pm1_0": 26.9, "pm2_5": 37.4, "latitude": 25.628263, "longitude": -100.30376 }, "geometry": { "type": "Point", "coordinates": [ -100.30376, 25.628263 ] } },
{ "type": "Feature", "properties": { "sensor_index": 228389, "name": "PEGS-Sensor-Canchas", "timestamp": "2026-09-08T18:41:50.844066+00:00", "pm1_0": 27.4, "pm2_5": 37.0, "latitude": 25.670425, "longitude": -100.35683 }, "geometry": { "type": "Point", "coordinates": [ -100.35683, 25.670425 ] } },
{ "type": "Feature", "properties": { "sensor_index": 228407, "name": "CEDES", "timestamp": "2026-09-08T18:41:50.844066+00:00", "pm1_0": 23.5, "pm2_5": 30.6, "latitude": 25.653677, "longitude": -100.29242 }, "geometry": { "type": "Point", "coordinates": [ -100.29242, 25.653677 ] } },
{ "type": "Feature", "properties": { "sensor_index": 278863, "name": "Rio Balsas", "timestamp": "2026-09-08T19:15:44.446878+00:00", "pm1_0": 25.0, "pm2_5": 33.2, "latitude": 25.662691, "longitude": -100.37312 }, "geometry": { "type": "Point", "coordinates": [ -100.37312, 25.662691 ] } },
{ "type": "Feature", "properties": { "sensor_index": 278869, "name": "Veredalta", "timestamp": "2026-09-08T19:15:44.446878+00:00", "pm1_0": 23.1, "pm2_5": 30.5, "latitude": 25.638226, "longitude": -100.3525 }, "geometry": { "type": "Point", "coordinates": [ -100.3525, 25.638226 ] } },
{ "type": "Feature", "properties": { "sensor_index": 278871, "name": "Parroquia Reina de Los Ángeles", "timestamp": "2026-09-08T19:15:44.446878+00:00", "pm1_0": 13.3, "pm2_5": 21.0, "latitude": 25.636341, "longitude": -100.36872 }, "geometry": { "type": "Point", "coordinates": [ -100.36872, 25.636341 ] } },
{ "type": "Feature", "properties": { "sensor_index": 278875, "name": "Secretaría de Relaciones Exteriores", "timestamp": "2026-09-08T19:15:44.446878+00:00", "pm1_0": 24.0, "pm2_5": 33.7, "latitude": 25.667723, "longitude": -100.38136 }, "geometry": { "type": "Point", "coordinates": [ -100.38136, 25.667723 ] } },
{ "type": "Feature", "properties": { "sensor_index": 278883, "name": "Mater International Institute", "timestamp": "2026-09-08T19:15:44.446878+00:00", "pm1_0": 23.7, "pm2_5": 31.8, "latitude": 25.641127, "longitude": -100.362755 }, "geometry": { "type": "Point", "coordinates": [ -100.362755, 25.641127 ] } },
{ "type": "Feature", "properties": { "sensor_index": 278889, "name": "Chipinque Meseta", "timestamp": "2026-09-08T19:15:44.446878+00:00", "pm1_0": 27.5, "pm2_5": 42.7, "latitude": 25.607624, "longitude": -100.355156 }, "geometry": { "type": "Point", "coordinates": [ -100.355156, 25.607624 ] } },
{ "type": "Feature", "properties": { "sensor_index": 278901, "name": "OFICINAS SAN PEDRO PARQUES", "timestamp": "2026-09-08T19:15:44.446878+00:00", "pm1_0": 24.9, "pm2_5": 32.7, "latitude": 25.644024, "longitude": -100.376305 }, "geometry": { "type": "Point", "coordinates": [ -100.376305, 25.644024 ] } },
{ "type": "Feature", "properties": { "sensor_index": 278919, "name": "Residencia Tabachín", "timestamp": "2026-09-08T19:15:44.446878+00:00", "pm1_0": 21.6, "pm2_5": 30.5, "latitude": 25.630367, "longitude": -100.34808 }, "geometry": { "type": "Point", "coordinates": [ -100.34808, 25.630367 ] } },
{ "type": "Feature", "properties": { "sensor_index": 278929, "name": "Rio Caura", "timestamp": "2026-09-08T19:15:44.446878+00:00", "pm1_0": 27.2, "pm2_5": 38.6, "latitude": 25.659946, "longitude": -100.38283 }, "geometry": { "type": "Point", "coordinates": [ -100.38283, 25.659946 ] } },
{ "type": "Feature", "properties": { "sensor_index": 278931, "name": "Residencia Platon", "timestamp": "2026-09-08T19:15:44.446878+00:00", "pm1_0": 24.0, "pm2_5": 32.8, "latitude": 25.630522, "longitude": -100.36023 }, "geometry": { "type": "Point", "coordinates": [ -100.36023, 25.630522 ] } },
{ "type": "Feature", "properties": { "sensor_index": 278937, "name": "Residencia Saqqara", "timestamp": "2026-09-08T19:15:44.446878+00:00", "pm1_0": 24.6, "pm2_5": 34.8, "latitude": 25.652473, "longitude": -100.349236 }, "geometry": { "type": "Point", "coordinates": [ -100.349236, 25.652473 ] } },
{ "type": "Feature", "properties": { "sensor_index": 278939, "name": "Residencia Rio Rosas", "timestamp": "2026-09-08T19:15:44.446878+00:00", "pm1_0": 24.8, "pm2_5": 34.8, "latitude": 25.656303, "longitude": -100.36027 }, "geometry": { "type": "Point", "coordinates": [ -100.36027, 25.656303 ] } },
{ "type": "Feature", "properties": { "sensor_index": 278951, "name": "Parque El Capitán", "timestamp": "2026-09-08T19:15:44.446878+00:00", "pm1_0": 23.3, "pm2_5": 29.8, "latitude": 25.663504, "longitude": -100.35734 }, "geometry": { "type": "Point", "coordinates": [ -100.35734, 25.663504 ] } },
{ "type": "Feature", "properties": { "sensor_index": 278957, "name": "Los Pinos", "timestamp": "2026-09-08T19:15:44.446878+00:00", "pm1_0": 21.8, "pm2_5": 32.1, "latitude": 25.672205, "longitude": -100.397354 }, "geometry": { "type": "Point", "coordinates": [ -100.397354, 25.672205 ] } },
{ "type": "Feature", "properties": { "sensor_index": 278959, "name": "Colegio Nobel", "timestamp": "2026-09-08T19:15:44.446878+00:00", "pm1_0": 24.2, "pm2_5": 33.4, "latitude": 25.657562, "longitude": -100.39641 }, "geometry": { "type": "Point", "coordinates": [ -100.39641, 25.657562 ] } },
{ "type": "Feature", "properties": { "sensor_index": 278955, "name": "Residencia San Mateo", "timestamp": "2026-09-08T19:15:44.446878+00:00", "pm1_0": 19.8, "pm2_5": 26.5, "latitude": 25.643766, "longitude": -100.31643 }, "geometry": { "type": "Point", "coordinates": [ -100.31643, 25.643766 ] } },
{ "type": "Feature", "properties": { "sensor_index": 279836, "name": "San Roberto International School San Agustin", "timestamp": "2026-09-08T19:15:44.446878+00:00", "pm1_0": 20.7, "pm2_5": 28.0, "latitude": 25.646032, "longitude": -100.338165 }, "geometry": { "type": "Point", "coordinates": [ -100.338165, 25.646032 ] } },
{ "type": "Feature", "properties": { "sensor_index": 279834, "name": "Colegio Ingles Campus Encino", "timestamp": "2026-09-08T19:15:44.446878+00:00", "pm1_0": 30.3, "pm2_5": 41.7, "latitude": 25.637669, "longitude": -100.33746 }, "geometry": { "type": "Point", "coordinates": [ -100.33746, 25.637669 ] } },
{ "type": "Feature", "properties": { "sensor_index": 279854, "name": "Pinos", "timestamp": "2026-09-08T19:15:44.446878+00:00", "pm1_0": 20.4, "pm2_5": 25.2, "latitude": 25.65975, "longitude": -100.349976 }, "geometry": { "type": "Point", "coordinates": [ -100.349976, 25.65975 ] } },
{ "type": "Feature", "properties": { "sensor_index": 279866, "name": "Lomas del Campestre", "timestamp": "2026-09-08T19:15:44.446878+00:00", "pm1_0": 24.0, "pm2_5": 31.5, "latitude": 25.638052, "longitude": -100.33173 }, "geometry": { "type": "Point", "coordinates": [ -100.33173, 25.638052 ] } },
{ "type": "Feature", "properties": { "sensor_index": 279890, "name": "María Desatadora de Nudos", "timestamp": "2026-09-08T19:15:44.446878+00:00", "pm1_0": 27.7, "pm2_5": 38.4, "latitude": 25.624146, "longitude": -100.37315 }, "geometry": { "type": "Point", "coordinates": [ -100.37315, 25.624146 ] } },
{ "type": "Feature", "properties": { "sensor_index": 279926, "name": "Parque Mississippi", "timestamp": "2026-09-08T19:15:44.446878+00:00", "pm1_0": 25.6, "pm2_5": 33.5, "latitude": 25.657495, "longitude": -100.36317 }, "geometry": { "type": "Point", "coordinates": [ -100.36317, 25.657495 ] } },
{ "type": "Feature", "properties": { "sensor_index": 280524, "name": "Privada Paso de la Sierra", "timestamp": "2026-09-08T19:15:44.446878+00:00", "pm1_0": 26.0, "pm2_5": 34.5, "latitude": 25.648457, "longitude": -100.36256 }, "geometry": { "type": "Point", "coordinates": [ -100.36256, 25.648457 ] } },
{ "type": "Feature", "properties": { "sensor_index": 280520, "name": "Irish International School Campus First School", "timestamp": "2026-09-08T19:15:44.446878+00:00", "pm1_0": 24.7, "pm2_5": 32.4, "latitude": 25.639212, "longitude": -100.34154 }, "geometry": { "type": "Point", "coordinates": [ -100.34154, 25.639212 ] } },
{ "type": "Feature", "properties": { "sensor_index": 280532, "name": "Museo La Milarca", "timestamp": "2026-09-08T19:15:44.446878+00:00", "pm1_0": 22.1, "pm2_5": 29.2, "latitude": 25.64443, "longitude": -100.32734 }, "geometry": { "type": "Point", "coordinates": [ -100.32734, 25.64443 ] } },
{ "type": "Feature", "properties": { "sensor_index": 280534, "name": "Residencia Savotino", "timestamp": "2026-09-08T19:15:44.446878+00:00", "pm1_0": 27.2, "pm2_5": 37.6, "latitude": 25.662497, "longitude": -100.36313 }, "geometry": { "type": "Point", "coordinates": [ -100.36313, 25.662497 ] } },
{ "type": "Feature", "properties": { "sensor_index": 280644, "name": "Residencia nogal", "timestamp": "2026-09-08T19:15:44.446878+00:00", "pm1_0": 27.2, "pm2_5": 38.5, "latitude": 25.61478, "longitude": -100.368286 }, "geometry": { "type": "Point", "coordinates": [ -100.368286, 25.61478 ] } },
{ "type": "Feature", "properties": { "sensor_index": 280900, "name": "Rio Necaxa", "timestamp": "2026-09-08T19:15:44.446878+00:00", "pm1_0": 23.0, "pm2_5": 31.2, "latitude": 25.65677, "longitude": -100.344666 }, "geometry": { "type": "Point", "coordinates": [ -100.344666, 25.65677 ] } },
{ "type": "Feature", "properties": { "sensor_index": 280902, "name": "Residencia Rio Pesqueria", "timestamp": "2026-09-08T19:15:44.446878+00:00", "pm1_0": 26.9, "pm2_5": 36.6, "latitude": 25.658936, "longitude": -100.37394 }, "geometry": { "type": "Point", "coordinates": [ -100.37394, 25.658936 ] } },
{ "type": "Feature", "properties": { "sensor_index": 284960, "name": "Esquina Barranquilla y Patagonia (Altavista)", "timestamp": "2026-09-08T19:15:44.446878+00:00", "pm1_0": 29.0, "pm2_5": 38.7, "latitude": 25.644045, "longitude": -100.29044 }, "geometry": { "type": "Point", "coordinates": [ -100.29044, 25.644045 ] } },
{ "type": "Feature", "properties": { "sensor_index": 286238, "name": "Oasis", "timestamp": "2026-09-08T19:15:44.446878+00:00", "pm1_0": 24.4, "pm2_5": 31.3, "latitude": 25.640884, "longitude": -100.30304 }, "geometry": { "type": "Point", "coordinates": [ -100.30304, 25.640884 ] } },
{ "type": "Feature", "properties": { "sensor_index": 286240, "name": "Casa Naranjos", "timestamp": "2026-09-08T19:15:44.446878+00:00", "pm1_0": 27.7, "pm2_5": 36.1, "latitude": 25.654285, "longitude": -100.28977 }, "geometry": { "type": "Point", "coordinates": [ -100.28977, 25.654285 ] } },
{ "type": "Feature", "properties": { "sensor_index": 288064, "name": "Terminal", "timestamp": "2026-09-08T19:15:44.446878+00:00", "pm1_0": 25.7, "pm2_5": 33.4, "latitude": 25.686438, "longitude": -100.29351 }, "geometry": { "type": "Point", "coordinates": [ -100.29351, 25.686438 ] } },
{ "type": "Feature", "properties": { "sensor_index": 288066, "name": "Hospital de San Vicente", "timestamp": "2026-09-08T19:15:44.446878+00:00", "pm1_0": 26.2, "pm2_5": 33.7, "latitude": 25.67851, "longitude": -100.324974 }, "geometry": { "type": "Point", "coordinates": [ -100.324974, 25.67851 ] } },
{ "type": "Feature", "properties": { "sensor_index": 288332, "name": "Facultad de Salud Pública y Nutrición", "timestamp": "2026-09-08T19:15:44.446878+00:00", "pm1_0": 25.8, "pm2_5": 34.8, "latitude": 25.688875, "longitude": -100.34783 }, "geometry": { "type": "Point", "coordinates": [ -100.34783, 25.688875 ] } },
{ "type": "Feature", "properties": { "sensor_index": 292893, "name": "TEC-AMM-RB-005", "timestamp": "2026-09-08T19:15:44.446878+00:00", "pm1_0": 28.0, "pm2_5": 39.0, "latitude": 25.658117, "longitude": -100.26312 }, "geometry": { "type": "Point", "coordinates": [ -100.26312, 25.658117 ] } },
{ "type": "Feature", "properties": { "sensor_index": 292895, "name": "TEC-AMM-RD-004", "timestamp": "2026-09-08T19:15:44.446878+00:00", "pm1_0": 23.7, "pm2_5": 31.8, "latitude": 25.774128, "longitude": -100.26622 }, "geometry": { "type": "Point", "coordinates": [ -100.26622, 25.774128 ] } },
{ "type": "Feature", "properties": { "sensor_index": 292889, "name": "TEC-AMM-RB-003", "timestamp": "2026-09-08T19:15:44.446878+00:00", "pm1_0": 27.0, "pm2_5": 36.8, "latitude": 25.654068, "longitude": -100.22748 }, "geometry": { "type": "Point", "coordinates": [ -100.22748, 25.654068 ] } },
{ "type": "Feature", "properties": { "sensor_index": 292891, "name": "TEC-AMM-RC-004", "timestamp": "2026-09-08T19:15:44.446878+00:00", "pm1_0": 22.9, "pm2_5": 28.9, "latitude": 25.639277, "longitude": -100.17398 }, "geometry": { "type": "Point", "coordinates": [ -100.17398, 25.639277 ] } },
{ "type": "Feature", "properties": { "sensor_index": 292901, "name": "TEC-AMM-RF-004", "timestamp": "2026-09-08T19:15:44.446878+00:00", "pm1_0": 20.7, "pm2_5": 25.1, "latitude": 25.738094, "longitude": -100.30651 }, "geometry": { "type": "Point", "coordinates": [ -100.30651, 25.738094 ] } },
{ "type": "Feature", "properties": { "sensor_index": 292901, "name": "TEC-AMM-RF-004", "timestamp": "2026-09-08T19:15:44.446878+00:00", "pm1_0": 20.7, "pm2_5": 25.1, "latitude": 25.73373, "longitude": -100.31656 }, "geometry": { "type": "Point", "coordinates": [ -100.31656, 25.73373 ] } },
{ "type": "Feature", "properties": { "sensor_index": 292897, "name": "TEC-AMM-RF-005", "timestamp": "2026-09-08T19:15:44.446878+00:00", "pm1_0": 25.9, "pm2_5": 34.3, "latitude": 25.770947, "longitude": -100.36825 }, "geometry": { "type": "Point", "coordinates": [ -100.36825, 25.770947 ] } },
{ "type": "Feature", "properties": { "sensor_index": 292905, "name": "TEC-AMM-RC-006", "timestamp": "2026-09-08T19:15:44.446878+00:00", "pm1_0": 23.1, "pm2_5": 29.6, "latitude": 25.608519, "longitude": -100.1551 }, "geometry": { "type": "Point", "coordinates": [ -100.1551, 25.608519 ] } },
{ "type": "Feature", "properties": { "sensor_index": 292941, "name": "TEC-AMM-RD-005", "timestamp": "2026-09-08T19:15:44.446878+00:00", "pm1_0": 8.8, "pm2_5": 11.6, "latitude": 25.760899, "longitude": -100.16765 }, "geometry": { "type": "Point", "coordinates": [ -100.16765, 25.760899 ] } },
{ "type": "Feature", "properties": { "sensor_index": 292943, "name": "TEC-AMM-RC-005", "timestamp": "2026-09-08T19:15:44.446878+00:00", "pm1_0": 24.0, "pm2_5": 32.0, "latitude": 25.646128, "longitude": -100.14929 }, "geometry": { "type": "Point", "coordinates": [ -100.14929, 25.646128 ] } },
{ "type": "Feature", "properties": { "sensor_index": 292939, "name": "TEC-AMM-RA-001", "timestamp": "2026-09-08T19:15:44.446878+00:00", "pm1_0": 27.0, "pm2_5": 36.9, "latitude": 25.658657, "longitude": -100.399 }, "geometry": { "type": "Point", "coordinates": [ -100.399, 25.658657 ] } },
{ "type": "Feature", "properties": { "sensor_index": 292949, "name": "TEC-AMM-RA-003", "timestamp": "2026-09-08T19:15:44.446878+00:00", "pm1_0": 24.6, "pm2_5": 32.9, "latitude": 25.661757, "longitude": -100.36972 }, "geometry": { "type": "Point", "coordinates": [ -100.36972, 25.661757 ] } },
{ "type": "Feature", "properties": { "sensor_index": 292951, "name": "TEC-AMM-RB-004", "timestamp": "2026-09-08T19:15:44.446878+00:00", "pm1_0": 23.5, "pm2_5": 32.0, "latitude": 25.66194, "longitude": -100.3313 }, "geometry": { "type": "Point", "coordinates": [ -100.3313, 25.66194 ] } },
{ "type": "Feature", "properties": { "sensor_index": 292947, "name": "TEC-AMM-RA-004", "timestamp": "2026-09-08T19:15:44.446878+00:00", "pm1_0": 27.5, "pm2_5": 36.7, "latitude": 25.684696, "longitude": -100.36298 }, "geometry": { "type": "Point", "coordinates": [ -100.36298, 25.684696 ] } },
{ "type": "Feature", "properties": { "sensor_index": 292957, "name": "TEC-AMM-RC-008", "timestamp": "2026-09-08T19:15:44.446878+00:00", "pm1_0": 22.2, "pm2_5": 29.7, "latitude": 25.731503, "longitude": -100.13724 }, "geometry": { "type": "Point", "coordinates": [ -100.13724, 25.731503 ] } },
{ "type": "Feature", "properties": { "sensor_index": 292973, "name": "TEC-AMM-RC-003", "timestamp": "2026-09-08T19:15:44.446878+00:00", "pm1_0": 27.1, "pm2_5": 36.2, "latitude": 25.684975, "longitude": -100.17443 }, "geometry": { "type": "Point", "coordinates": [ -100.17443, 25.684975 ] } },
{ "type": "Feature", "properties": { "sensor_index": 292983, "name": "TEC-AMM-RC-007", "timestamp": "2026-09-08T19:15:44.446878+00:00", "pm1_0": 17.7, "pm2_5": 24.9, "latitude": 25.650148, "longitude": -100.11657 }, "geometry": { "type": "Point", "coordinates": [ -100.11657, 25.650148 ] } },
{ "type": "Feature", "properties": { "sensor_index": 292997, "name": "TEC-AMM-RF-004", "timestamp": "2026-09-08T19:15:44.446878+00:00", "pm1_0": 21.2, "pm2_5": 27.6, "latitude": 25.738094, "longitude": -100.30651 }, "geometry": { "type": "Point", "coordinates": [ -100.30651, 25.738094 ] } },
{ "type": "Feature", "properties": { "sensor_index": 292997, "name": "TEC-AMM-RF-004", "timestamp": "2026-09-08T19:15:44.446878+00:00", "pm1_0": 21.2, "pm2_5": 27.6, "latitude": 25.73373, "longitude": -100.31656 }, "geometry": { "type": "Point", "coordinates": [ -100.31656, 25.73373 ] } },
{ "type": "Feature", "properties": { "sensor_index": 292999, "name": "TEC-AMM-RE-002", "timestamp": "2026-09-08T19:15:44.446878+00:00", "pm1_0": 23.6, "pm2_5": 31.5, "latitude": 25.772509, "longitude": -100.31119 }, "geometry": { "type": "Point", "coordinates": [ -100.31119, 25.772509 ] } },
{ "type": "Feature", "properties": { "sensor_index": 293001, "name": "TEC-AMM-RF-006", "timestamp": "2026-09-08T19:15:44.446878+00:00", "pm1_0": 23.3, "pm2_5": 31.6, "latitude": 25.71829, "longitude": -100.37077 }, "geometry": { "type": "Point", "coordinates": [ -100.37077, 25.71829 ] } },
{ "type": "Feature", "properties": { "sensor_index": 293003, "name": "TEC-AMM-RB-006", "timestamp": "2026-09-08T19:15:44.446878+00:00", "pm1_0": 25.6, "pm2_5": 33.9, "latitude": 25.676483, "longitude": -100.29272 }, "geometry": { "type": "Point", "coordinates": [ -100.29272, 25.676483 ] } },
{ "type": "Feature", "properties": { "sensor_index": 293469, "name": "Leon Ortigosa ABP", "timestamp": "2026-09-08T19:15:44.446878+00:00", "pm1_0": 23.0, "pm2_5": 31.5, "latitude": 25.67212, "longitude": -100.33521 }, "geometry": { "type": "Point", "coordinates": [ -100.33521, 25.67212 ] } },
{ "type": "Feature", "properties": { "sensor_index": 293465, "name": "Loma Larga", "timestamp": "2026-09-08T19:15:44.446878+00:00", "pm1_0": 24.9, "pm2_5": 34.8, "latitude": 25.665812, "longitude": -100.34373 }, "geometry": { "type": "Point", "coordinates": [ -100.34373, 25.665812 ] } },
{ "type": "Feature", "properties": { "sensor_index": 293467, "name": "UMF37", "timestamp": "2026-09-08T19:15:44.446878+00:00", "pm1_0": 25.1, "pm2_5": 35.7, "latitude": 25.687622, "longitude": -100.342964 }, "geometry": { "type": "Point", "coordinates": [ -100.342964, 25.687622 ] } },
{ "type": "Feature", "properties": { "sensor_index": 33027, "name": "Lagos del Bosque", "timestamp": "2026-09-08T19:15:44.446878+00:00", "pm1_0": 10.9, "pm2_5": 16.7, "latitude": 25.600061, "longitude": -100.26256 }, "geometry": { "type": "Point", "coordinates": [ -100.26256, 25.600061 ] } },
{ "type": "Feature", "properties": { "sensor_index": 33117, "name": "Liceo de Monterrey", "timestamp": "2026-09-08T19:15:44.446878+00:00", "pm1_0": 25.3, "pm2_5": 38.2, "latitude": 25.650322, "longitude": -100.32849 }, "geometry": { "type": "Point", "coordinates": [ -100.32849, 25.650322 ] } },
{ "type": "Feature", "properties": { "sensor_index": 34441, "name": "Callejon de los Ayala", "timestamp": "2026-09-08T19:15:44.446878+00:00", "pm1_0": 6.6, "pm2_5": 12.2, "latitude": 25.6665, "longitude": -100.3976 }, "geometry": { "type": "Point", "coordinates": [ -100.3976, 25.6665 ] } },
{ "type": "Feature", "properties": { "sensor_index": 34499, "name": "San Patricio #106", "timestamp": "2026-09-08T19:15:44.446878+00:00", "pm1_0": 0.0, "pm2_5": 0.1, "latitude": 25.641743, "longitude": -100.3472 }, "geometry": { "type": "Point", "coordinates": [ -100.3472, 25.641743 ] } },
{ "type": "Feature", "properties": { "sensor_index": 34511, "name": "Rosario", "timestamp": "2026-09-08T19:15:44.446878+00:00", "pm1_0": 20.4, "pm2_5": 33.6, "latitude": 25.640432, "longitude": -100.392265 }, "geometry": { "type": "Point", "coordinates": [ -100.392265, 25.640432 ] } },
{ "type": "Feature", "properties": { "sensor_index": 38663, "name": "Rayon Norte", "timestamp": "2026-09-08T19:15:44.446878+00:00", "pm1_0": 14.2, "pm2_5": 19.1, "latitude": 25.678823, "longitude": -100.319695 }, "geometry": { "type": "Point", "coordinates": [ -100.319695, 25.678823 ] } },
{ "type": "Feature", "properties": { "sensor_index": 42211, "name": "RF", "timestamp": "2026-09-08T19:15:44.446878+00:00", "pm1_0": 19.6, "pm2_5": 30.3, "latitude": 25.61638, "longitude": -100.316124 }, "geometry": { "type": "Point", "coordinates": [ -100.316124, 25.61638 ] } },
{ "type": "Feature", "properties": { "sensor_index": 305140, "name": "Bicla", "timestamp": "2026-09-08T19:15:44.446878+00:00", "pm1_0": 24.7, "pm2_5": 34.5, "latitude": 25.700935, "longitude": -100.33541 }, "geometry": { "type": "Point", "coordinates": [ -100.33541, 25.700935 ] } },
{ "type": "Feature", "properties": { "sensor_index": 305164, "name": "NuevaMaderoDave", "timestamp": "2026-09-08T19:15:44.446878+00:00", "pm1_0": 23.6, "pm2_5": 32.0, "latitude": 25.688787, "longitude": -100.27929 }, "geometry": { "type": "Point", "coordinates": [ -100.27929, 25.688787 ] } },
{ "type": "Feature", "properties": { "sensor_index": 305192, "name": "11a avenida cumbres 1 sector", "timestamp": "2026-09-08T19:15:44.446878+00:00", "pm1_0": 25.1, "pm2_5": 33.2, "latitude": 25.69958, "longitude": -100.35898 }, "geometry": { "type": "Point", "coordinates": [ -100.35898, 25.69958 ] } },
{ "type": "Feature", "properties": { "sensor_index": 305232, "name": "PurpleAir Ancira Mty", "timestamp": "2026-09-08T19:15:44.446878+00:00", "pm1_0": 27.4, "pm2_5": 37.2, "latitude": 25.651157, "longitude": -100.3062 }, "geometry": { "type": "Point", "coordinates": [ -100.3062, 25.651157 ] } },
{ "type": "Feature", "properties": { "sensor_index": 43627, "name": "Liceo de Monterrey Rosemont", "timestamp": "2026-09-08T19:15:44.446878+00:00", "pm1_0": 11.3, "pm2_5": 14.8, "latitude": 25.67425, "longitude": -100.35398 }, "geometry": { "type": "Point", "coordinates": [ -100.35398, 25.67425 ] } },
{ "type": "Feature", "properties": { "sensor_index": 45769, "name": "Huascaran", "timestamp": "2026-09-08T19:15:44.446878+00:00", "pm1_0": 19.7, "pm2_5": 29.4, "latitude": 25.637255, "longitude": -100.399216 }, "geometry": { "type": "Point", "coordinates": [ -100.399216, 25.637255 ] } },
{ "type": "Feature", "properties": { "sensor_index": 308956, "name": "Jardín de las carreras", "timestamp": "2026-09-08T19:15:44.446878+00:00", "pm1_0": 27.8, "pm2_5": 38.6, "latitude": 25.650595, "longitude": -100.289 }, "geometry": { "type": "Point", "coordinates": [ -100.289, 25.650595 ] } },
{ "type": "Feature", "properties": { "sensor_index": 49949, "name": "El Horizonte", "timestamp": "2026-09-08T19:15:44.446878+00:00", "pm1_0": 18.8, "pm2_5": 29.7, "latitude": 25.677492, "longitude": -100.29761 }, "geometry": { "type": "Point", "coordinates": [ -100.29761, 25.677492 ] } },
{ "type": "Feature", "properties": { "sensor_index": 50555, "name": "Treviño", "timestamp": "2026-09-08T19:15:44.446878+00:00", "pm1_0": 0.0, "pm2_5": 0.0, "latitude": 25.638243, "longitude": -100.36743 }, "geometry": { "type": "Point", "coordinates": [ -100.36743, 25.638243 ] } },
{ "type": "Feature", "properties": { "sensor_index": 50871, "name": "TEC Garza Laguera", "timestamp": "2026-09-08T19:15:44.446878+00:00", "pm1_0": 11.8, "pm2_5": 17.2, "latitude": 25.61827, "longitude": -100.27293 }, "geometry": { "type": "Point", "coordinates": [ -100.27293, 25.61827 ] } },
{ "type": "Feature", "properties": { "sensor_index": 321194, "name": "Ramsesgs", "timestamp": "2026-09-08T19:15:44.446878+00:00", "pm1_0": 25.0, "pm2_5": 34.3, "latitude": 25.61975, "longitude": -100.29781 }, "geometry": { "type": "Point", "coordinates": [ -100.29781, 25.61975 ] } },
{ "type": "Feature", "properties": { "sensor_index": 119937, "name": "Grupo Reforma Cumbres", "timestamp": "2026-09-08T19:15:44.446878+00:00", "pm1_0": 12.0, "pm2_5": 21.6, "latitude": 25.71012, "longitude": -100.37474 }, "geometry": { "type": "Point", "coordinates": [ -100.37474, 25.71012 ] } },
{ "type": "Feature", "properties": { "sensor_index": 119965, "name": "Grupo Reforma El Norte", "timestamp": "2026-09-08T19:15:44.446878+00:00", "pm1_0": 23.4, "pm2_5": 30.8, "latitude": 25.674164, "longitude": -100.30816 }, "geometry": { "type": "Point", "coordinates": [ -100.30816, 25.674164 ] } },
{ "type": "Feature", "properties": { "sensor_index": 121825, "name": "Grupo Reforma Sierra Madre", "timestamp": "2026-09-08T19:15:44.446878+00:00", "pm1_0": 3204.6, "pm2_5": 3204.6, "latitude": 25.663378, "longitude": -100.36808 }, "geometry": { "type": "Point", "coordinates": [ -100.36808, 25.663378 ] } },
{ "type": "Feature", "properties": { "sensor_index": 136522, "name": "Bosques de La Pastora", "timestamp": "2026-09-08T19:15:44.446878+00:00", "pm1_0": 18.0, "pm2_5": 26.6, "latitude": 25.65773, "longitude": -100.251625 }, "geometry": { "type": "Point", "coordinates": [ -100.251625, 25.65773 ] } },
{ "type": "Feature", "properties": { "sensor_index": 147010, "name": "Santa Barbara", "timestamp": "2026-09-08T19:15:44.446878+00:00", "pm1_0": 20.3, "pm2_5": 29.0, "latitude": 25.661701, "longitude": -100.38932 }, "geometry": { "type": "Point", "coordinates": [ -100.38932, 25.661701 ] } },
{ "type": "Feature", "properties": { "sensor_index": 174781, "name": "Colegio Cambridge de Monterrey Campus Mitras", "timestamp": "2026-09-08T19:15:44.446878+00:00", "pm1_0": 23.4, "pm2_5": 30.7, "latitude": 25.696613, "longitude": -100.348114 }, "geometry": { "type": "Point", "coordinates": [ -100.348114, 25.696613 ] } },
{ "type": "Feature", "properties": { "sensor_index": 174787, "name": "Colegio Cambridge de Monterrey Campus Norte", "timestamp": "2026-09-08T19:15:44.446878+00:00", "pm1_0": 23.0, "pm2_5": 28.4, "latitude": 25.779613, "longitude": -100.28022 }, "geometry": { "type": "Point", "coordinates": [ -100.28022, 25.779613 ] } },
{ "type": "Feature", "properties": { "sensor_index": 189431, "name": "BEA", "timestamp": "2026-09-08T19:15:44.446878+00:00", "pm1_0": 22.5, "pm2_5": 33.5, "latitude": 25.65725, "longitude": -100.35996 }, "geometry": { "type": "Point", "coordinates": [ -100.35996, 25.65725 ] } },
{ "type": "Feature", "properties": { "sensor_index": 189435, "name": "Olinalá", "timestamp": "2026-09-08T19:15:44.446878+00:00", "pm1_0": 24.9, "pm2_5": 40.0, "latitude": 25.618986, "longitude": -100.37645 }, "geometry": { "type": "Point", "coordinates": [ -100.37645, 25.618986 ] } },
{ "type": "Feature", "properties": { "sensor_index": 189447, "name": "Río Amazonas NO", "timestamp": "2026-09-08T19:15:44.446878+00:00", "pm1_0": 24.5, "pm2_5": 36.2, "latitude": 25.662104, "longitude": -100.37172 }, "geometry": { "type": "Point", "coordinates": [ -100.37172, 25.662104 ] } },
{ "type": "Feature", "properties": { "sensor_index": 189455, "name": "CHIPINQUE CAV", "timestamp": "2026-09-08T19:15:44.446878+00:00", "pm1_0": 22.6, "pm2_5": 36.5, "latitude": 25.618307, "longitude": -100.359955 }, "geometry": { "type": "Point", "coordinates": [ -100.359955, 25.618307 ] } },
{ "type": "Feature", "properties": { "sensor_index": 189469, "name": "Hospital Zambran Hellion TecSalud", "timestamp": "2026-09-08T19:15:44.446878+00:00", "pm1_0": 21.8, "pm2_5": 33.2, "latitude": 25.64684, "longitude": -100.33364 }, "geometry": { "type": "Point", "coordinates": [ -100.33364, 25.64684 ] } },
{ "type": "Feature", "properties": { "sensor_index": 208785, "name": "Colegio Cambridge de Monterrey Campus Anáhuac", "timestamp": "2026-09-08T19:15:44.446878+00:00", "pm1_0": 25.0, "pm2_5": 30.8, "latitude": 25.77144, "longitude": -100.26785 }, "geometry": { "type": "Point", "coordinates": [ -100.26785, 25.77144 ] } },
{ "type": "Feature", "properties": { "sensor_index": 209147, "name": "Rincon de San Jeronimo", "timestamp": "2026-09-08T19:15:44.446878+00:00", "pm1_0": 22.0, "pm2_5": 33.9, "latitude": 25.691032, "longitude": -100.375786 }, "geometry": { "type": "Point", "coordinates": [ -100.375786, 25.691032 ] } },
{ "type": "Feature", "properties": { "sensor_index": 227879, "name": "Rectoria", "timestamp": "2026-09-08T19:15:44.446878+00:00", "pm1_0": 25.7, "pm2_5": 33.5, "latitude": 25.651268, "longitude": -100.291214 }, "geometry": { "type": "Point", "coordinates": [ -100.291214, 25.651268 ] } },
{ "type": "Feature", "properties": { "sensor_index": 227887, "name": "Sensor_Purple_Air-Explanada_EGP-Entrada_Prin", "timestamp": "2026-09-08T19:15:44.446878+00:00", "pm1_0": 13.7, "pm2_5": 16.9, "latitude": 25.64419, "longitude": -100.3255 }, "geometry": { "type": "Point", "coordinates": [ -100.3255, 25.64419 ] } },
{ "type": "Feature", "properties": { "sensor_index": 227889, "name": "Parque central", "timestamp": "2026-09-08T19:15:44.446878+00:00", "pm1_0": 23.3, "pm2_5": 30.5, "latitude": 25.652395, "longitude": -100.28713 }, "geometry": { "type": "Point", "coordinates": [ -100.28713, 25.652395 ] } },
{ "type": "Feature", "properties": { "sensor_index": 227907, "name": "Estacionamiento Alumnos", "timestamp": "2026-09-08T19:15:44.446878+00:00", "pm1_0": 20.4, "pm2_5": 27.0, "latitude": 25.744081, "longitude": -100.28277 }, "geometry": { "type": "Point", "coordinates": [ -100.28277, 25.744081 ] } },
{ "type": "Feature", "properties": { "sensor_index": 227913, "name": "EGADE-Sombrillas", "timestamp": "2026-09-08T19:15:44.446878+00:00", "pm1_0": 24.8, "pm2_5": 34.7, "latitude": 25.643106, "longitude": -100.32573 }, "geometry": { "type": "Point", "coordinates": [ -100.32573, 25.643106 ] } },
{ "type": "Feature", "properties": { "sensor_index": 228003, "name": "EGL-Jardín Robótica", "timestamp": "2026-09-08T19:15:44.446878+00:00", "pm1_0": 19.4, "pm2_5": 25.2, "latitude": 25.61803, "longitude": -100.27554 }, "geometry": { "type": "Point", "coordinates": [ -100.27554, 25.61803 ] } },
{ "type": "Feature", "properties": { "sensor_index": 228001, "name": "C-MTY Explanada 2", "timestamp": "2026-09-08T19:15:44.446878+00:00", "pm1_0": 26.2, "pm2_5": 35.2, "latitude": 25.656332, "longitude": -100.20696 }, "geometry": { "type": "Point", "coordinates": [ -100.20696, 25.656332 ] } },
{ "type": "Feature", "properties": { "sensor_index": 228383, "name": "Estadio Banorte", "timestamp": "2026-09-08T19:15:44.446878+00:00", "pm1_0": 27.7, "pm2_5": 37.2, "latitude": 25.654228, "longitude": -100.28651 }, "geometry": { "type": "Point", "coordinates": [ -100.28651, 25.654228 ] } },
{ "type": "Feature", "properties": { "sensor_index": 228381, "name": "C-MTY RAMPA CAFETERÍA", "timestamp": "2026-09-08T19:15:44.446878+00:00", "pm1_0": 24.8, "pm2_5": 34.3, "latitude": 25.628263, "longitude": -100.30376 }, "geometry": { "type": "Point", "coordinates": [ -100.30376, 25.628263 ] } },
{ "type": "Feature", "properties": { "sensor_index": 228389, "name": "PEGS-Sensor-Canchas", "timestamp": "2026-09-08T19:15:44.446878+00:00", "pm1_0": 26.2, "pm2_5": 35.2, "latitude": 25.670425, "longitude": -100.35683 }, "geometry": { "type": "Point", "coordinates": [ -100.35683, 25.670425 ] } },
{ "type": "Feature", "properties": { "sensor_index": 228407, "name": "CEDES", "timestamp": "2026-09-08T19:15:44.446878+00:00", "pm1_0": 22.1, "pm2_5": 28.0, "latitude": 25.653677, "longitude": -100.29242 }, "geometry": { "type": "Point", "coordinates": [ -100.29242, 25.653677 ] } },
{ "type": "Feature", "properties": { "sensor_index": 278863, "name": "Rio Balsas", "timestamp": "2026-09-08T19:32:28.107942+00:00", "pm1_0": 23.5, "pm2_5": 31.1, "latitude": 25.662691, "longitude": -100.37312 }, "geometry": { "type": "Point", "coordinates": [ -100.37312, 25.662691 ] } },
{ "type": "Feature", "properties": { "sensor_index": 278869, "name": "Veredalta", "timestamp": "2026-09-08T19:32:28.107942+00:00", "pm1_0": 19.7, "pm2_5": 25.3, "latitude": 25.638226, "longitude": -100.3525 }, "geometry": { "type": "Point", "coordinates": [ -100.3525, 25.638226 ] } },
{ "type": "Feature", "properties": { "sensor_index": 278871, "name": "Parroquia Reina de Los Ángeles", "timestamp": "2026-09-08T19:32:28.107942+00:00", "pm1_0": 13.3, "pm2_5": 21.0, "latitude": 25.636341, "longitude": -100.36872 }, "geometry": { "type": "Point", "coordinates": [ -100.36872, 25.636341 ] } },
{ "type": "Feature", "properties": { "sensor_index": 278875, "name": "Secretaría de Relaciones Exteriores", "timestamp": "2026-09-08T19:32:28.107942+00:00", "pm1_0": 24.1, "pm2_5": 32.9, "latitude": 25.667723, "longitude": -100.38136 }, "geometry": { "type": "Point", "coordinates": [ -100.38136, 25.667723 ] } },
{ "type": "Feature", "properties": { "sensor_index": 278883, "name": "Mater International Institute", "timestamp": "2026-09-08T19:32:28.107942+00:00", "pm1_0": 19.4, "pm2_5": 26.3, "latitude": 25.641127, "longitude": -100.362755 }, "geometry": { "type": "Point", "coordinates": [ -100.362755, 25.641127 ] } },
{ "type": "Feature", "properties": { "sensor_index": 278889, "name": "Chipinque Meseta", "timestamp": "2026-09-08T19:32:28.107942+00:00", "pm1_0": 22.3, "pm2_5": 32.7, "latitude": 25.607624, "longitude": -100.355156 }, "geometry": { "type": "Point", "coordinates": [ -100.355156, 25.607624 ] } },
{ "type": "Feature", "properties": { "sensor_index": 278901, "name": "OFICINAS SAN PEDRO PARQUES", "timestamp": "2026-09-08T19:32:28.107942+00:00", "pm1_0": 21.4, "pm2_5": 27.8, "latitude": 25.644024, "longitude": -100.376305 }, "geometry": { "type": "Point", "coordinates": [ -100.376305, 25.644024 ] } },
{ "type": "Feature", "properties": { "sensor_index": 278919, "name": "Residencia Tabachín", "timestamp": "2026-09-08T19:32:28.107942+00:00", "pm1_0": 19.1, "pm2_5": 25.9, "latitude": 25.630367, "longitude": -100.34808 }, "geometry": { "type": "Point", "coordinates": [ -100.34808, 25.630367 ] } },
{ "type": "Feature", "properties": { "sensor_index": 278929, "name": "Rio Caura", "timestamp": "2026-09-08T19:32:28.107942+00:00", "pm1_0": 24.8, "pm2_5": 35.0, "latitude": 25.659946, "longitude": -100.38283 }, "geometry": { "type": "Point", "coordinates": [ -100.38283, 25.659946 ] } },
{ "type": "Feature", "properties": { "sensor_index": 278931, "name": "Residencia Platon", "timestamp": "2026-09-08T19:32:28.107942+00:00", "pm1_0": 21.3, "pm2_5": 28.7, "latitude": 25.630522, "longitude": -100.36023 }, "geometry": { "type": "Point", "coordinates": [ -100.36023, 25.630522 ] } },
{ "type": "Feature", "properties": { "sensor_index": 278937, "name": "Residencia Saqqara", "timestamp": "2026-09-08T19:32:28.107942+00:00", "pm1_0": 22.4, "pm2_5": 30.0, "latitude": 25.652473, "longitude": -100.349236 }, "geometry": { "type": "Point", "coordinates": [ -100.349236, 25.652473 ] } },
{ "type": "Feature", "properties": { "sensor_index": 278939, "name": "Residencia Rio Rosas", "timestamp": "2026-09-08T19:32:28.107942+00:00", "pm1_0": 23.6, "pm2_5": 32.3, "latitude": 25.656303, "longitude": -100.36027 }, "geometry": { "type": "Point", "coordinates": [ -100.36027, 25.656303 ] } },
{ "type": "Feature", "properties": { "sensor_index": 278951, "name": "Parque El Capitán", "timestamp": "2026-09-08T19:32:28.107942+00:00", "pm1_0": 22.0, "pm2_5": 29.2, "latitude": 25.663504, "longitude": -100.35734 }, "geometry": { "type": "Point", "coordinates": [ -100.35734, 25.663504 ] } },
{ "type": "Feature", "properties": { "sensor_index": 278957, "name": "Los Pinos", "timestamp": "2026-09-08T19:32:28.107942+00:00", "pm1_0": 21.9, "pm2_5": 32.4, "latitude": 25.672205, "longitude": -100.397354 }, "geometry": { "type": "Point", "coordinates": [ -100.397354, 25.672205 ] } },
{ "type": "Feature", "properties": { "sensor_index": 278959, "name": "Colegio Nobel", "timestamp": "2026-09-08T19:32:28.107942+00:00", "pm1_0": 24.4, "pm2_5": 33.7, "latitude": 25.657562, "longitude": -100.39641 }, "geometry": { "type": "Point", "coordinates": [ -100.39641, 25.657562 ] } },
{ "type": "Feature", "properties": { "sensor_index": 278955, "name": "Residencia San Mateo", "timestamp": "2026-09-08T19:32:28.107942+00:00", "pm1_0": 20.1, "pm2_5": 26.2, "latitude": 25.643766, "longitude": -100.31643 }, "geometry": { "type": "Point", "coordinates": [ -100.31643, 25.643766 ] } },
{ "type": "Feature", "properties": { "sensor_index": 279836, "name": "San Roberto International School San Agustin", "timestamp": "2026-09-08T19:32:28.107942+00:00", "pm1_0": 18.9, "pm2_5": 25.0, "latitude": 25.646032, "longitude": -100.338165 }, "geometry": { "type": "Point", "coordinates": [ -100.338165, 25.646032 ] } },
{ "type": "Feature", "properties": { "sensor_index": 279834, "name": "Colegio Ingles Campus Encino", "timestamp": "2026-09-08T19:32:28.107942+00:00", "pm1_0": 24.2, "pm2_5": 32.7, "latitude": 25.637669, "longitude": -100.33746 }, "geometry": { "type": "Point", "coordinates": [ -100.33746, 25.637669 ] } },
{ "type": "Feature", "properties": { "sensor_index": 279854, "name": "Pinos", "timestamp": "2026-09-08T19:32:28.107942+00:00", "pm1_0": 18.3, "pm2_5": 21.8, "latitude": 25.65975, "longitude": -100.349976 }, "geometry": { "type": "Point", "coordinates": [ -100.349976, 25.65975 ] } },
{ "type": "Feature", "properties": { "sensor_index": 279866, "name": "Lomas del Campestre", "timestamp": "2026-09-08T19:32:28.107942+00:00", "pm1_0": 20.2, "pm2_5": 26.6, "latitude": 25.638052, "longitude": -100.33173 }, "geometry": { "type": "Point", "coordinates": [ -100.33173, 25.638052 ] } },
{ "type": "Feature", "properties": { "sensor_index": 279890, "name": "María Desatadora de Nudos", "timestamp": "2026-09-08T19:32:28.107942+00:00", "pm1_0": 21.6, "pm2_5": 27.9, "latitude": 25.624146, "longitude": -100.37315 }, "geometry": { "type": "Point", "coordinates": [ -100.37315, 25.624146 ] } },
{ "type": "Feature", "properties": { "sensor_index": 279926, "name": "Parque Mississippi", "timestamp": "2026-09-08T19:32:28.107942+00:00", "pm1_0": 22.9, "pm2_5": 30.3, "latitude": 25.657495, "longitude": -100.36317 }, "geometry": { "type": "Point", "coordinates": [ -100.36317, 25.657495 ] } },
{ "type": "Feature", "properties": { "sensor_index": 280524, "name": "Privada Paso de la Sierra", "timestamp": "2026-09-08T19:32:28.107942+00:00", "pm1_0": 21.8, "pm2_5": 28.5, "latitude": 25.648457, "longitude": -100.36256 }, "geometry": { "type": "Point", "coordinates": [ -100.36256, 25.648457 ] } },
{ "type": "Feature", "properties": { "sensor_index": 280520, "name": "Irish International School Campus First School", "timestamp": "2026-09-08T19:32:28.107942+00:00", "pm1_0": 20.8, "pm2_5": 26.8, "latitude": 25.639212, "longitude": -100.34154 }, "geometry": { "type": "Point", "coordinates": [ -100.34154, 25.639212 ] } },
{ "type": "Feature", "properties": { "sensor_index": 280532, "name": "Museo La Milarca", "timestamp": "2026-09-08T19:32:28.107942+00:00", "pm1_0": 22.9, "pm2_5": 30.0, "latitude": 25.64443, "longitude": -100.32734 }, "geometry": { "type": "Point", "coordinates": [ -100.32734, 25.64443 ] } },
{ "type": "Feature", "properties": { "sensor_index": 280534, "name": "Residencia Savotino", "timestamp": "2026-09-08T19:32:28.107942+00:00", "pm1_0": 25.7, "pm2_5": 35.0, "latitude": 25.662497, "longitude": -100.36313 }, "geometry": { "type": "Point", "coordinates": [ -100.36313, 25.662497 ] } },
{ "type": "Feature", "properties": { "sensor_index": 280644, "name": "Residencia nogal", "timestamp": "2026-09-08T19:32:28.107942+00:00", "pm1_0": 22.0, "pm2_5": 31.1, "latitude": 25.61478, "longitude": -100.368286 }, "geometry": { "type": "Point", "coordinates": [ -100.368286, 25.61478 ] } },
{ "type": "Feature", "properties": { "sensor_index": 280900, "name": "Rio Necaxa", "timestamp": "2026-09-08T19:32:28.107942+00:00", "pm1_0": 21.8, "pm2_5": 29.3, "latitude": 25.65677, "longitude": -100.344666 }, "geometry": { "type": "Point", "coordinates": [ -100.344666, 25.65677 ] } },
{ "type": "Feature", "properties": { "sensor_index": 280902, "name": "Residencia Rio Pesqueria", "timestamp": "2026-09-08T19:32:28.107942+00:00", "pm1_0": 24.9, "pm2_5": 33.5, "latitude": 25.658936, "longitude": -100.37394 }, "geometry": { "type": "Point", "coordinates": [ -100.37394, 25.658936 ] } },
{ "type": "Feature", "properties": { "sensor_index": 284960, "name": "Esquina Barranquilla y Patagonia (Altavista)", "timestamp": "2026-09-08T19:32:28.107942+00:00", "pm1_0": 26.6, "pm2_5": 35.2, "latitude": 25.644045, "longitude": -100.29044 }, "geometry": { "type": "Point", "coordinates": [ -100.29044, 25.644045 ] } },
{ "type": "Feature", "properties": { "sensor_index": 286238, "name": "Oasis", "timestamp": "2026-09-08T19:32:28.107942+00:00", "pm1_0": 21.0, "pm2_5": 26.3, "latitude": 25.640884, "longitude": -100.30304 }, "geometry": { "type": "Point", "coordinates": [ -100.30304, 25.640884 ] } },
{ "type": "Feature", "properties": { "sensor_index": 286240, "name": "Casa Naranjos", "timestamp": "2026-09-08T19:32:28.107942+00:00", "pm1_0": 25.6, "pm2_5": 33.5, "latitude": 25.654285, "longitude": -100.28977 }, "geometry": { "type": "Point", "coordinates": [ -100.28977, 25.654285 ] } },
{ "type": "Feature", "properties": { "sensor_index": 288064, "name": "Terminal", "timestamp": "2026-09-08T19:32:28.107942+00:00", "pm1_0": 25.8, "pm2_5": 33.6, "latitude": 25.686438, "longitude": -100.29351 }, "geometry": { "type": "Point", "coordinates": [ -100.29351, 25.686438 ] } },
{ "type": "Feature", "properties": { "sensor_index": 288066, "name": "Hospital de San Vicente", "timestamp": "2026-09-08T19:32:28.107942+00:00", "pm1_0": 24.5, "pm2_5": 31.8, "latitude": 25.67851, "longitude": -100.324974 }, "geometry": { "type": "Point", "coordinates": [ -100.324974, 25.67851 ] } },
{ "type": "Feature", "properties": { "sensor_index": 288332, "name": "Facultad de Salud Pública y Nutrición", "timestamp": "2026-09-08T19:32:28.107942+00:00", "pm1_0": 24.0, "pm2_5": 32.3, "latitude": 25.688875, "longitude": -100.34783 }, "geometry": { "type": "Point", "coordinates": [ -100.34783, 25.688875 ] } },
{ "type": "Feature", "properties": { "sensor_index": 292893, "name": "TEC-AMM-RB-005", "timestamp": "2026-09-08T19:32:28.107942+00:00", "pm1_0": 25.6, "pm2_5": 34.5, "latitude": 25.658117, "longitude": -100.26312 }, "geometry": { "type": "Point", "coordinates": [ -100.26312, 25.658117 ] } },
{ "type": "Feature", "properties": { "sensor_index": 292895, "name": "TEC-AMM-RD-004", "timestamp": "2026-09-08T19:32:28.107942+00:00", "pm1_0": 25.8, "pm2_5": 33.8, "latitude": 25.774128, "longitude": -100.26622 }, "geometry": { "type": "Point", "coordinates": [ -100.26622, 25.774128 ] } },
{ "type": "Feature", "properties": { "sensor_index": 292889, "name": "TEC-AMM-RB-003", "timestamp": "2026-09-08T19:32:28.107942+00:00", "pm1_0": 22.8, "pm2_5": 31.0, "latitude": 25.654068, "longitude": -100.22748 }, "geometry": { "type": "Point", "coordinates": [ -100.22748, 25.654068 ] } },
{ "type": "Feature", "properties": { "sensor_index": 292891, "name": "TEC-AMM-RC-004", "timestamp": "2026-09-08T19:32:28.107942+00:00", "pm1_0": 20.8, "pm2_5": 25.3, "latitude": 25.639277, "longitude": -100.17398 }, "geometry": { "type": "Point", "coordinates": [ -100.17398, 25.639277 ] } },
{ "type": "Feature", "properties": { "sensor_index": 292901, "name": "TEC-AMM-RF-004", "timestamp": "2026-09-08T19:32:28.107942+00:00", "pm1_0": 20.6, "pm2_5": 25.0, "latitude": 25.738094, "longitude": -100.30651 }, "geometry": { "type": "Point", "coordinates": [ -100.30651, 25.738094 ] } },
{ "type": "Feature", "properties": { "sensor_index": 292901, "name": "TEC-AMM-RF-004", "timestamp": "2026-09-08T19:32:28.107942+00:00", "pm1_0": 20.6, "pm2_5": 25.0, "latitude": 25.73373, "longitude": -100.31656 }, "geometry": { "type": "Point", "coordinates": [ -100.31656, 25.73373 ] } },
{ "type": "Feature", "properties": { "sensor_index": 292897, "name": "TEC-AMM-RF-005", "timestamp": "2026-09-08T19:32:28.107942+00:00", "pm1_0": 24.6, "pm2_5": 32.9, "latitude": 25.770947, "longitude": -100.36825 }, "geometry": { "type": "Point", "coordinates": [ -100.36825, 25.770947 ] } },
{ "type": "Feature", "properties": { "sensor_index": 292905, "name": "TEC-AMM-RC-006", "timestamp": "2026-09-08T19:32:28.107942+00:00", "pm1_0": 21.4, "pm2_5": 27.9, "latitude": 25.608519, "longitude": -100.1551 }, "geometry": { "type": "Point", "coordinates": [ -100.1551, 25.608519 ] } },
{ "type": "Feature", "properties": { "sensor_index": 292941, "name": "TEC-AMM-RD-005", "timestamp": "2026-09-08T19:32:28.107942+00:00", "pm1_0": 8.8, "pm2_5": 11.6, "latitude": 25.760899, "longitude": -100.16765 }, "geometry": { "type": "Point", "coordinates": [ -100.16765, 25.760899 ] } },
{ "type": "Feature", "properties": { "sensor_index": 292943, "name": "TEC-AMM-RC-005", "timestamp": "2026-09-08T19:32:28.107942+00:00", "pm1_0": 24.0, "pm2_5": 31.3, "latitude": 25.646128, "longitude": -100.14929 }, "geometry": { "type": "Point", "coordinates": [ -100.14929, 25.646128 ] } },
{ "type": "Feature", "properties": { "sensor_index": 292939, "name": "TEC-AMM-RA-001", "timestamp": "2026-09-08T19:32:28.107942+00:00", "pm1_0": 26.3, "pm2_5": 36.4, "latitude": 25.658657, "longitude": -100.399 }, "geometry": { "type": "Point", "coordinates": [ -100.399, 25.658657 ] } },
{ "type": "Feature", "properties": { "sensor_index": 292949, "name": "TEC-AMM-RA-003", "timestamp": "2026-09-08T19:32:28.107942+00:00", "pm1_0": 22.8, "pm2_5": 30.5, "latitude": 25.661757, "longitude": -100.36972 }, "geometry": { "type": "Point", "coordinates": [ -100.36972, 25.661757 ] } },
{ "type": "Feature", "properties": { "sensor_index": 292951, "name": "TEC-AMM-RB-004", "timestamp": "2026-09-08T19:32:28.107942+00:00", "pm1_0": 20.9, "pm2_5": 27.8, "latitude": 25.66194, "longitude": -100.3313 }, "geometry": { "type": "Point", "coordinates": [ -100.3313, 25.66194 ] } },
{ "type": "Feature", "properties": { "sensor_index": 292947, "name": "TEC-AMM-RA-004", "timestamp": "2026-09-08T19:32:28.107942+00:00", "pm1_0": 25.7, "pm2_5": 33.2, "latitude": 25.684696, "longitude": -100.36298 }, "geometry": { "type": "Point", "coordinates": [ -100.36298, 25.684696 ] } },
{ "type": "Feature", "properties": { "sensor_index": 292957, "name": "TEC-AMM-RC-008", "timestamp": "2026-09-08T19:32:28.107942+00:00", "pm1_0": 22.2, "pm2_5": 29.7, "latitude": 25.731503, "longitude": -100.13724 }, "geometry": { "type": "Point", "coordinates": [ -100.13724, 25.731503 ] } },
{ "type": "Feature", "properties": { "sensor_index": 292973, "name": "TEC-AMM-RC-003", "timestamp": "2026-09-08T19:32:28.107942+00:00", "pm1_0": 27.2, "pm2_5": 36.4, "latitude": 25.684975, "longitude": -100.17443 }, "geometry": { "type": "Point", "coordinates": [ -100.17443, 25.684975 ] } },
{ "type": "Feature", "properties": { "sensor_index": 292983, "name": "TEC-AMM-RC-007", "timestamp": "2026-09-08T19:32:28.107942+00:00", "pm1_0": 17.7, "pm2_5": 24.9, "latitude": 25.650148, "longitude": -100.11657 }, "geometry": { "type": "Point", "coordinates": [ -100.11657, 25.650148 ] } },
{ "type": "Feature", "properties": { "sensor_index": 292997, "name": "TEC-AMM-RF-004", "timestamp": "2026-09-08T19:32:28.107942+00:00", "pm1_0": 23.9, "pm2_5": 31.4, "latitude": 25.738094, "longitude": -100.30651 }, "geometry": { "type": "Point", "coordinates": [ -100.30651, 25.738094 ] } },
{ "type": "Feature", "properties": { "sensor_index": 292997, "name": "TEC-AMM-RF-004", "timestamp": "2026-09-08T19:32:28.107942+00:00", "pm1_0": 23.9, "pm2_5": 31.4, "latitude": 25.73373, "longitude": -100.31656 }, "geometry": { "type": "Point", "coordinates": [ -100.31656, 25.73373 ] } },
{ "type": "Feature", "properties": { "sensor_index": 292999, "name": "TEC-AMM-RE-002", "timestamp": "2026-09-08T19:32:28.107942+00:00", "pm1_0": 23.5, "pm2_5": 31.0, "latitude": 25.772509, "longitude": -100.31119 }, "geometry": { "type": "Point", "coordinates": [ -100.31119, 25.772509 ] } },
{ "type": "Feature", "properties": { "sensor_index": 293001, "name": "TEC-AMM-RF-006", "timestamp": "2026-09-08T19:32:28.107942+00:00", "pm1_0": 21.9, "pm2_5": 29.5, "latitude": 25.71829, "longitude": -100.37077 }, "geometry": { "type": "Point", "coordinates": [ -100.37077, 25.71829 ] } },
{ "type": "Feature", "properties": { "sensor_index": 293003, "name": "TEC-AMM-RB-006", "timestamp": "2026-09-08T19:32:28.107942+00:00", "pm1_0": 25.5, "pm2_5": 33.6, "latitude": 25.676483, "longitude": -100.29272 }, "geometry": { "type": "Point", "coordinates": [ -100.29272, 25.676483 ] } },
{ "type": "Feature", "properties": { "sensor_index": 293469, "name": "Leon Ortigosa ABP", "timestamp": "2026-09-08T19:32:28.107942+00:00", "pm1_0": 22.1, "pm2_5": 30.3, "latitude": 25.67212, "longitude": -100.33521 }, "geometry": { "type": "Point", "coordinates": [ -100.33521, 25.67212 ] } },
{ "type": "Feature", "properties": { "sensor_index": 293465, "name": "Loma Larga", "timestamp": "2026-09-08T19:32:28.107942+00:00", "pm1_0": 21.8, "pm2_5": 30.2, "latitude": 25.665812, "longitude": -100.34373 }, "geometry": { "type": "Point", "coordinates": [ -100.34373, 25.665812 ] } },
{ "type": "Feature", "properties": { "sensor_index": 293467, "name": "UMF37", "timestamp": "2026-09-08T19:32:28.107942+00:00", "pm1_0": 23.4, "pm2_5": 33.4, "latitude": 25.687622, "longitude": -100.342964 }, "geometry": { "type": "Point", "coordinates": [ -100.342964, 25.687622 ] } },
{ "type": "Feature", "properties": { "sensor_index": 33027, "name": "Lagos del Bosque", "timestamp": "2026-09-08T19:32:28.107942+00:00", "pm1_0": 11.6, "pm2_5": 18.0, "latitude": 25.600061, "longitude": -100.26256 }, "geometry": { "type": "Point", "coordinates": [ -100.26256, 25.600061 ] } },
{ "type": "Feature", "properties": { "sensor_index": 33117, "name": "Liceo de Monterrey", "timestamp": "2026-09-08T19:32:28.107942+00:00", "pm1_0": 24.3, "pm2_5": 37.0, "latitude": 25.650322, "longitude": -100.32849 }, "geometry": { "type": "Point", "coordinates": [ -100.32849, 25.650322 ] } },
{ "type": "Feature", "properties": { "sensor_index": 34441, "name": "Callejon de los Ayala", "timestamp": "2026-09-08T19:32:28.107942+00:00", "pm1_0": 6.8, "pm2_5": 11.8, "latitude": 25.6665, "longitude": -100.3976 }, "geometry": { "type": "Point", "coordinates": [ -100.3976, 25.6665 ] } },
{ "type": "Feature", "properties": { "sensor_index": 34499, "name": "San Patricio #106", "timestamp": "2026-09-08T19:32:28.107942+00:00", "pm1_0": 0.0, "pm2_5": 0.0, "latitude": 25.641743, "longitude": -100.3472 }, "geometry": { "type": "Point", "coordinates": [ -100.3472, 25.641743 ] } },
{ "type": "Feature", "properties": { "sensor_index": 34511, "name": "Rosario", "timestamp": "2026-09-08T19:32:28.107942+00:00", "pm1_0": 17.4, "pm2_5": 28.7, "latitude": 25.640432, "longitude": -100.392265 }, "geometry": { "type": "Point", "coordinates": [ -100.392265, 25.640432 ] } },
{ "type": "Feature", "properties": { "sensor_index": 38663, "name": "Rayon Norte", "timestamp": "2026-09-08T19:32:28.107942+00:00", "pm1_0": 14.2, "pm2_5": 19.1, "latitude": 25.678823, "longitude": -100.319695 }, "geometry": { "type": "Point", "coordinates": [ -100.319695, 25.678823 ] } },
{ "type": "Feature", "properties": { "sensor_index": 42211, "name": "RF", "timestamp": "2026-09-08T19:32:28.107942+00:00", "pm1_0": 17.8, "pm2_5": 25.7, "latitude": 25.61638, "longitude": -100.316124 }, "geometry": { "type": "Point", "coordinates": [ -100.316124, 25.61638 ] } },
{ "type": "Feature", "properties": { "sensor_index": 305140, "name": "Bicla", "timestamp": "2026-09-08T19:32:28.107942+00:00", "pm1_0": 24.2, "pm2_5": 33.1, "latitude": 25.700935, "longitude": -100.33541 }, "geometry": { "type": "Point", "coordinates": [ -100.33541, 25.700935 ] } },
{ "type": "Feature", "properties": { "sensor_index": 305164, "name": "NuevaMaderoDave", "timestamp": "2026-09-08T19:32:28.107942+00:00", "pm1_0": 22.4, "pm2_5": 30.4, "latitude": 25.688787, "longitude": -100.27929 }, "geometry": { "type": "Point", "coordinates": [ -100.27929, 25.688787 ] } },
{ "type": "Feature", "properties": { "sensor_index": 305192, "name": "11a avenida cumbres 1 sector", "timestamp": "2026-09-08T19:32:28.107942+00:00", "pm1_0": 23.0, "pm2_5": 31.0, "latitude": 25.69958, "longitude": -100.35898 }, "geometry": { "type": "Point", "coordinates": [ -100.35898, 25.69958 ] } },
{ "type": "Feature", "properties": { "sensor_index": 305232, "name": "PurpleAir Ancira Mty", "timestamp": "2026-09-08T19:32:28.107942+00:00", "pm1_0": 23.6, "pm2_5": 32.0, "latitude": 25.651157, "longitude": -100.3062 }, "geometry": { "type": "Point", "coordinates": [ -100.3062, 25.651157 ] } },
{ "type": "Feature", "properties": { "sensor_index": 43627, "name": "Liceo de Monterrey Rosemont", "timestamp": "2026-09-08T19:32:28.107942+00:00", "pm1_0": 9.5, "pm2_5": 12.7, "latitude": 25.67425, "longitude": -100.35398 }, "geometry": { "type": "Point", "coordinates": [ -100.35398, 25.67425 ] } },
{ "type": "Feature", "properties": { "sensor_index": 45769, "name": "Huascaran", "timestamp": "2026-09-08T19:32:28.107942+00:00", "pm1_0": 19.5, "pm2_5": 29.7, "latitude": 25.637255, "longitude": -100.399216 }, "geometry": { "type": "Point", "coordinates": [ -100.399216, 25.637255 ] } },
{ "type": "Feature", "properties": { "sensor_index": 308956, "name": "Jardín de las carreras", "timestamp": "2026-09-08T19:32:28.107942+00:00", "pm1_0": 24.0, "pm2_5": 33.0, "latitude": 25.650595, "longitude": -100.289 }, "geometry": { "type": "Point", "coordinates": [ -100.289, 25.650595 ] } },
{ "type": "Feature", "properties": { "sensor_index": 49949, "name": "El Horizonte", "timestamp": "2026-09-08T19:32:28.107942+00:00", "pm1_0": 19.4, "pm2_5": 31.2, "latitude": 25.677492, "longitude": -100.29761 }, "geometry": { "type": "Point", "coordinates": [ -100.29761, 25.677492 ] } },
{ "type": "Feature", "properties": { "sensor_index": 50555, "name": "Treviño", "timestamp": "2026-09-08T19:32:28.107942+00:00", "pm1_0": 0.0, "pm2_5": 0.0, "latitude": 25.638243, "longitude": -100.36743 }, "geometry": { "type": "Point", "coordinates": [ -100.36743, 25.638243 ] } },
{ "type": "Feature", "properties": { "sensor_index": 50871, "name": "TEC Garza Laguera", "timestamp": "2026-09-08T19:32:28.107942+00:00", "pm1_0": 11.8, "pm2_5": 17.2, "latitude": 25.61827, "longitude": -100.27293 }, "geometry": { "type": "Point", "coordinates": [ -100.27293, 25.61827 ] } },
{ "type": "Feature", "properties": { "sensor_index": 321194, "name": "Ramsesgs", "timestamp": "2026-09-08T19:32:28.107942+00:00", "pm1_0": 22.2, "pm2_5": 30.1, "latitude": 25.61975, "longitude": -100.29781 }, "geometry": { "type": "Point", "coordinates": [ -100.29781, 25.61975 ] } },
{ "type": "Feature", "properties": { "sensor_index": 119937, "name": "Grupo Reforma Cumbres", "timestamp": "2026-09-08T19:32:28.107942+00:00", "pm1_0": 9.0, "pm2_5": 20.0, "latitude": 25.71012, "longitude": -100.37474 }, "geometry": { "type": "Point", "coordinates": [ -100.37474, 25.71012 ] } },
{ "type": "Feature", "properties": { "sensor_index": 119965, "name": "Grupo Reforma El Norte", "timestamp": "2026-09-08T19:32:28.107942+00:00", "pm1_0": 16.2, "pm2_5": 23.1, "latitude": 25.674164, "longitude": -100.30816 }, "geometry": { "type": "Point", "coordinates": [ -100.30816, 25.674164 ] } },
{ "type": "Feature", "properties": { "sensor_index": 121825, "name": "Grupo Reforma Sierra Madre", "timestamp": "2026-09-08T19:32:28.107942+00:00", "pm1_0": 3163.9, "pm2_5": 3163.9, "latitude": 25.663378, "longitude": -100.36808 }, "geometry": { "type": "Point", "coordinates": [ -100.36808, 25.663378 ] } },
{ "type": "Feature", "properties": { "sensor_index": 136522, "name": "Bosques de La Pastora", "timestamp": "2026-09-08T19:32:28.107942+00:00", "pm1_0": 14.8, "pm2_5": 21.7, "latitude": 25.65773, "longitude": -100.251625 }, "geometry": { "type": "Point", "coordinates": [ -100.251625, 25.65773 ] } },
{ "type": "Feature", "properties": { "sensor_index": 147010, "name": "Santa Barbara", "timestamp": "2026-09-08T19:32:28.107942+00:00", "pm1_0": 19.5, "pm2_5": 27.8, "latitude": 25.661701, "longitude": -100.38932 }, "geometry": { "type": "Point", "coordinates": [ -100.38932, 25.661701 ] } },
{ "type": "Feature", "properties": { "sensor_index": 174781, "name": "Colegio Cambridge de Monterrey Campus Mitras", "timestamp": "2026-09-08T19:32:28.107942+00:00", "pm1_0": 21.9, "pm2_5": 28.9, "latitude": 25.696613, "longitude": -100.348114 }, "geometry": { "type": "Point", "coordinates": [ -100.348114, 25.696613 ] } },
{ "type": "Feature", "properties": { "sensor_index": 174787, "name": "Colegio Cambridge de Monterrey Campus Norte", "timestamp": "2026-09-08T19:32:28.107942+00:00", "pm1_0": 22.9, "pm2_5": 28.0, "latitude": 25.779613, "longitude": -100.28022 }, "geometry": { "type": "Point", "coordinates": [ -100.28022, 25.779613 ] } },
{ "type": "Feature", "properties": { "sensor_index": 189431, "name": "BEA", "timestamp": "2026-09-08T19:32:28.107942+00:00", "pm1_0": 21.1, "pm2_5": 31.2, "latitude": 25.65725, "longitude": -100.35996 }, "geometry": { "type": "Point", "coordinates": [ -100.35996, 25.65725 ] } },
{ "type": "Feature", "properties": { "sensor_index": 189435, "name": "Olinalá", "timestamp": "2026-09-08T19:32:28.107942+00:00", "pm1_0": 22.0, "pm2_5": 33.8, "latitude": 25.618986, "longitude": -100.37645 }, "geometry": { "type": "Point", "coordinates": [ -100.37645, 25.618986 ] } },
{ "type": "Feature", "properties": { "sensor_index": 189447, "name": "Río Amazonas NO", "timestamp": "2026-09-08T19:32:28.107942+00:00", "pm1_0": 22.8, "pm2_5": 33.5, "latitude": 25.662104, "longitude": -100.37172 }, "geometry": { "type": "Point", "coordinates": [ -100.37172, 25.662104 ] } },
{ "type": "Feature", "properties": { "sensor_index": 189455, "name": "CHIPINQUE CAV", "timestamp": "2026-09-08T19:32:28.107942+00:00", "pm1_0": 17.8, "pm2_5": 28.8, "latitude": 25.618307, "longitude": -100.359955 }, "geometry": { "type": "Point", "coordinates": [ -100.359955, 25.618307 ] } },
{ "type": "Feature", "properties": { "sensor_index": 189469, "name": "Hospital Zambran Hellion TecSalud", "timestamp": "2026-09-08T19:32:28.107942+00:00", "pm1_0": 20.8, "pm2_5": 31.9, "latitude": 25.64684, "longitude": -100.33364 }, "geometry": { "type": "Point", "coordinates": [ -100.33364, 25.64684 ] } },
{ "type": "Feature", "properties": { "sensor_index": 208785, "name": "Colegio Cambridge de Monterrey Campus Anáhuac", "timestamp": "2026-09-08T19:32:28.107942+00:00", "pm1_0": 24.0, "pm2_5": 31.4, "latitude": 25.77144, "longitude": -100.26785 }, "geometry": { "type": "Point", "coordinates": [ -100.26785, 25.77144 ] } },
{ "type": "Feature", "properties": { "sensor_index": 209147, "name": "Rincon de San Jeronimo", "timestamp": "2026-09-08T19:32:28.107942+00:00", "pm1_0": 21.3, "pm2_5": 32.7, "latitude": 25.691032, "longitude": -100.375786 }, "geometry": { "type": "Point", "coordinates": [ -100.375786, 25.691032 ] } },
{ "type": "Feature", "properties": { "sensor_index": 227879, "name": "Rectoria", "timestamp": "2026-09-08T19:32:28.107942+00:00", "pm1_0": 21.2, "pm2_5": 27.1, "latitude": 25.651268, "longitude": -100.291214 }, "geometry": { "type": "Point", "coordinates": [ -100.291214, 25.651268 ] } },
{ "type": "Feature", "properties": { "sensor_index": 227887, "name": "Sensor_Purple_Air-Explanada_EGP-Entrada_Prin", "timestamp": "2026-09-08T19:32:28.107942+00:00", "pm1_0": 13.7, "pm2_5": 16.9, "latitude": 25.64419, "longitude": -100.3255 }, "geometry": { "type": "Point", "coordinates": [ -100.3255, 25.64419 ] } },
{ "type": "Feature", "properties": { "sensor_index": 227889, "name": "Parque central", "timestamp": "2026-09-08T19:32:28.107942+00:00", "pm1_0": 22.3, "pm2_5": 29.4, "latitude": 25.652395, "longitude": -100.28713 }, "geometry": { "type": "Point", "coordinates": [ -100.28713, 25.652395 ] } },
{ "type": "Feature", "properties": { "sensor_index": 227907, "name": "Estacionamiento Alumnos", "timestamp": "2026-09-08T19:32:28.107942+00:00", "pm1_0": 20.6, "pm2_5": 27.0, "latitude": 25.744081, "longitude": -100.28277 }, "geometry": { "type": "Point", "coordinates": [ -100.28277, 25.744081 ] } },
{ "type": "Feature", "properties": { "sensor_index": 227913, "name": "EGADE-Sombrillas", "timestamp": "2026-09-08T19:32:28.107942+00:00", "pm1_0": 25.4, "pm2_5": 34.9, "latitude": 25.643106, "longitude": -100.32573 }, "geometry": { "type": "Point", "coordinates": [ -100.32573, 25.643106 ] } },
{ "type": "Feature", "properties": { "sensor_index": 228003, "name": "EGL-Jardín Robótica", "timestamp": "2026-09-08T19:32:28.107942+00:00", "pm1_0": 19.9, "pm2_5": 26.2, "latitude": 25.61803, "longitude": -100.27554 }, "geometry": { "type": "Point", "coordinates": [ -100.27554, 25.61803 ] } },
{ "type": "Feature", "properties": { "sensor_index": 228001, "name": "C-MTY Explanada 2", "timestamp": "2026-09-08T19:32:28.107942+00:00", "pm1_0": 25.7, "pm2_5": 34.2, "latitude": 25.656332, "longitude": -100.20696 }, "geometry": { "type": "Point", "coordinates": [ -100.20696, 25.656332 ] } },
{ "type": "Feature", "properties": { "sensor_index": 228383, "name": "Estadio Banorte", "timestamp": "2026-09-08T19:32:28.107942+00:00", "pm1_0": 27.5, "pm2_5": 36.7, "latitude": 25.654228, "longitude": -100.28651 }, "geometry": { "type": "Point", "coordinates": [ -100.28651, 25.654228 ] } },
{ "type": "Feature", "properties": { "sensor_index": 228381, "name": "C-MTY RAMPA CAFETERÍA", "timestamp": "2026-09-08T19:32:28.107942+00:00", "pm1_0": 21.6, "pm2_5": 30.1, "latitude": 25.628263, "longitude": -100.30376 }, "geometry": { "type": "Point", "coordinates": [ -100.30376, 25.628263 ] } },
{ "type": "Feature", "properties": { "sensor_index": 228389, "name": "PEGS-Sensor-Canchas", "timestamp": "2026-09-08T19:32:28.107942+00:00", "pm1_0": 23.0, "pm2_5": 30.3, "latitude": 25.670425, "longitude": -100.35683 }, "geometry": { "type": "Point", "coordinates": [ -100.35683, 25.670425 ] } },
{ "type": "Feature", "properties": { "sensor_index": 228407, "name": "CEDES", "timestamp": "2026-09-08T19:32:28.107942+00:00", "pm1_0": 24.1, "pm2_5": 31.2, "latitude": 25.653677, "longitude": -100.29242 }, "geometry": { "type": "Point", "coordinates": [ -100.29242, 25.653677 ] } },
{ "type": "Feature", "properties": { "sensor_index": 278863, "name": "Rio Balsas", "timestamp": "2026-09-08T19:50:07.343496+00:00", "pm1_0": 21.1, "pm2_5": 27.7, "latitude": 25.662691, "longitude": -100.37312 }, "geometry": { "type": "Point", "coordinates": [ -100.37312, 25.662691 ] } },
{ "type": "Feature", "properties": { "sensor_index": 278869, "name": "Veredalta", "timestamp": "2026-09-08T19:50:07.343496+00:00", "pm1_0": 19.6, "pm2_5": 24.6, "latitude": 25.638226, "longitude": -100.3525 }, "geometry": { "type": "Point", "coordinates": [ -100.3525, 25.638226 ] } },
{ "type": "Feature", "properties": { "sensor_index": 278871, "name": "Parroquia Reina de Los Ángeles", "timestamp": "2026-09-08T19:50:07.343496+00:00", "pm1_0": 13.3, "pm2_5": 21.0, "latitude": 25.636341, "longitude": -100.36872 }, "geometry": { "type": "Point", "coordinates": [ -100.36872, 25.636341 ] } },
{ "type": "Feature", "properties": { "sensor_index": 278875, "name": "Secretaría de Relaciones Exteriores", "timestamp": "2026-09-08T19:50:07.343496+00:00", "pm1_0": 22.4, "pm2_5": 30.7, "latitude": 25.667723, "longitude": -100.38136 }, "geometry": { "type": "Point", "coordinates": [ -100.38136, 25.667723 ] } },
{ "type": "Feature", "properties": { "sensor_index": 278883, "name": "Mater International Institute", "timestamp": "2026-09-08T19:50:07.343496+00:00", "pm1_0": 20.0, "pm2_5": 26.8, "latitude": 25.641127, "longitude": -100.362755 }, "geometry": { "type": "Point", "coordinates": [ -100.362755, 25.641127 ] } },
{ "type": "Feature", "properties": { "sensor_index": 278889, "name": "Chipinque Meseta", "timestamp": "2026-09-08T19:50:07.343496+00:00", "pm1_0": 17.6, "pm2_5": 24.7, "latitude": 25.607624, "longitude": -100.355156 }, "geometry": { "type": "Point", "coordinates": [ -100.355156, 25.607624 ] } },
{ "type": "Feature", "properties": { "sensor_index": 278901, "name": "OFICINAS SAN PEDRO PARQUES", "timestamp": "2026-09-08T19:50:07.343496+00:00", "pm1_0": 21.5, "pm2_5": 28.1, "latitude": 25.644024, "longitude": -100.376305 }, "geometry": { "type": "Point", "coordinates": [ -100.376305, 25.644024 ] } },
{ "type": "Feature", "properties": { "sensor_index": 278919, "name": "Residencia Tabachín", "timestamp": "2026-09-08T19:50:07.343496+00:00", "pm1_0": 17.7, "pm2_5": 23.6, "latitude": 25.630367, "longitude": -100.34808 }, "geometry": { "type": "Point", "coordinates": [ -100.34808, 25.630367 ] } },
{ "type": "Feature", "properties": { "sensor_index": 278929, "name": "Rio Caura", "timestamp": "2026-09-08T19:50:07.343496+00:00", "pm1_0": 22.1, "pm2_5": 30.8, "latitude": 25.659946, "longitude": -100.38283 }, "geometry": { "type": "Point", "coordinates": [ -100.38283, 25.659946 ] } },
{ "type": "Feature", "properties": { "sensor_index": 278931, "name": "Residencia Platon", "timestamp": "2026-09-08T19:50:07.343496+00:00", "pm1_0": 21.6, "pm2_5": 28.9, "latitude": 25.630522, "longitude": -100.36023 }, "geometry": { "type": "Point", "coordinates": [ -100.36023, 25.630522 ] } },
{ "type": "Feature", "properties": { "sensor_index": 278937, "name": "Residencia Saqqara", "timestamp": "2026-09-08T19:50:07.343496+00:00", "pm1_0": 21.4, "pm2_5": 28.8, "latitude": 25.652473, "longitude": -100.349236 }, "geometry": { "type": "Point", "coordinates": [ -100.349236, 25.652473 ] } },
{ "type": "Feature", "properties": { "sensor_index": 278939, "name": "Residencia Rio Rosas", "timestamp": "2026-09-08T19:50:07.343496+00:00", "pm1_0": 21.8, "pm2_5": 30.3, "latitude": 25.656303, "longitude": -100.36027 }, "geometry": { "type": "Point", "coordinates": [ -100.36027, 25.656303 ] } },
{ "type": "Feature", "properties": { "sensor_index": 278951, "name": "Parque El Capitán", "timestamp": "2026-09-08T19:50:07.343496+00:00", "pm1_0": 22.5, "pm2_5": 29.8, "latitude": 25.663504, "longitude": -100.35734 }, "geometry": { "type": "Point", "coordinates": [ -100.35734, 25.663504 ] } },
{ "type": "Feature", "properties": { "sensor_index": 278957, "name": "Los Pinos", "timestamp": "2026-09-08T19:50:07.343496+00:00", "pm1_0": 19.6, "pm2_5": 29.3, "latitude": 25.672205, "longitude": -100.397354 }, "geometry": { "type": "Point", "coordinates": [ -100.397354, 25.672205 ] } },
{ "type": "Feature", "properties": { "sensor_index": 278959, "name": "Colegio Nobel", "timestamp": "2026-09-08T19:50:07.343496+00:00", "pm1_0": 20.7, "pm2_5": 27.4, "latitude": 25.657562, "longitude": -100.39641 }, "geometry": { "type": "Point", "coordinates": [ -100.39641, 25.657562 ] } },
{ "type": "Feature", "properties": { "sensor_index": 278955, "name": "Residencia San Mateo", "timestamp": "2026-09-08T19:50:07.343496+00:00", "pm1_0": 15.8, "pm2_5": 18.9, "latitude": 25.643766, "longitude": -100.31643 }, "geometry": { "type": "Point", "coordinates": [ -100.31643, 25.643766 ] } },
{ "type": "Feature", "properties": { "sensor_index": 279836, "name": "San Roberto International School San Agustin", "timestamp": "2026-09-08T19:50:07.343496+00:00", "pm1_0": 20.5, "pm2_5": 26.5, "latitude": 25.646032, "longitude": -100.338165 }, "geometry": { "type": "Point", "coordinates": [ -100.338165, 25.646032 ] } },
{ "type": "Feature", "properties": { "sensor_index": 279834, "name": "Colegio Ingles Campus Encino", "timestamp": "2026-09-08T19:50:07.343496+00:00", "pm1_0": 23.3, "pm2_5": 31.1, "latitude": 25.637669, "longitude": -100.33746 }, "geometry": { "type": "Point", "coordinates": [ -100.33746, 25.637669 ] } },
{ "type": "Feature", "properties": { "sensor_index": 279854, "name": "Pinos", "timestamp": "2026-09-08T19:50:07.343496+00:00", "pm1_0": 20.2, "pm2_5": 25.4, "latitude": 25.65975, "longitude": -100.349976 }, "geometry": { "type": "Point", "coordinates": [ -100.349976, 25.65975 ] } },
{ "type": "Feature", "properties": { "sensor_index": 279866, "name": "Lomas del Campestre", "timestamp": "2026-09-08T19:50:07.343496+00:00", "pm1_0": 18.3, "pm2_5": 23.1, "latitude": 25.638052, "longitude": -100.33173 }, "geometry": { "type": "Point", "coordinates": [ -100.33173, 25.638052 ] } },
{ "type": "Feature", "properties": { "sensor_index": 279890, "name": "María Desatadora de Nudos", "timestamp": "2026-09-08T19:50:07.343496+00:00", "pm1_0": 20.3, "pm2_5": 26.4, "latitude": 25.624146, "longitude": -100.37315 }, "geometry": { "type": "Point", "coordinates": [ -100.37315, 25.624146 ] } },
{ "type": "Feature", "properties": { "sensor_index": 279926, "name": "Parque Mississippi", "timestamp": "2026-09-08T19:50:07.343496+00:00", "pm1_0": 21.8, "pm2_5": 29.0, "latitude": 25.657495, "longitude": -100.36317 }, "geometry": { "type": "Point", "coordinates": [ -100.36317, 25.657495 ] } },
{ "type": "Feature", "properties": { "sensor_index": 280524, "name": "Privada Paso de la Sierra", "timestamp": "2026-09-08T19:50:07.343496+00:00", "pm1_0": 22.1, "pm2_5": 29.2, "latitude": 25.648457, "longitude": -100.36256 }, "geometry": { "type": "Point", "coordinates": [ -100.36256, 25.648457 ] } },
{ "type": "Feature", "properties": { "sensor_index": 280520, "name": "Irish International School Campus First School", "timestamp": "2026-09-08T19:50:07.343496+00:00", "pm1_0": 20.4, "pm2_5": 26.3, "latitude": 25.639212, "longitude": -100.34154 }, "geometry": { "type": "Point", "coordinates": [ -100.34154, 25.639212 ] } },
{ "type": "Feature", "properties": { "sensor_index": 280532, "name": "Museo La Milarca", "timestamp": "2026-09-08T19:50:07.343496+00:00", "pm1_0": 19.6, "pm2_5": 25.8, "latitude": 25.64443, "longitude": -100.32734 }, "geometry": { "type": "Point", "coordinates": [ -100.32734, 25.64443 ] } },
{ "type": "Feature", "properties": { "sensor_index": 280534, "name": "Residencia Savotino", "timestamp": "2026-09-08T19:50:07.343496+00:00", "pm1_0": 24.2, "pm2_5": 33.3, "latitude": 25.662497, "longitude": -100.36313 }, "geometry": { "type": "Point", "coordinates": [ -100.36313, 25.662497 ] } },
{ "type": "Feature", "properties": { "sensor_index": 280644, "name": "Residencia nogal", "timestamp": "2026-09-08T19:50:07.343496+00:00", "pm1_0": 18.9, "pm2_5": 24.9, "latitude": 25.61478, "longitude": -100.368286 }, "geometry": { "type": "Point", "coordinates": [ -100.368286, 25.61478 ] } },
{ "type": "Feature", "properties": { "sensor_index": 280900, "name": "Rio Necaxa", "timestamp": "2026-09-08T19:50:07.343496+00:00", "pm1_0": 22.9, "pm2_5": 30.8, "latitude": 25.65677, "longitude": -100.344666 }, "geometry": { "type": "Point", "coordinates": [ -100.344666, 25.65677 ] } },
{ "type": "Feature", "properties": { "sensor_index": 280902, "name": "Residencia Rio Pesqueria", "timestamp": "2026-09-08T19:50:07.343496+00:00", "pm1_0": 21.2, "pm2_5": 28.5, "latitude": 25.658936, "longitude": -100.37394 }, "geometry": { "type": "Point", "coordinates": [ -100.37394, 25.658936 ] } },
{ "type": "Feature", "properties": { "sensor_index": 284960, "name": "Esquina Barranquilla y Patagonia (Altavista)", "timestamp": "2026-09-08T19:50:07.343496+00:00", "pm1_0": 21.9, "pm2_5": 27.9, "latitude": 25.644045, "longitude": -100.29044 }, "geometry": { "type": "Point", "coordinates": [ -100.29044, 25.644045 ] } },
{ "type": "Feature", "properties": { "sensor_index": 286238, "name": "Oasis", "timestamp": "2026-09-08T19:50:07.343496+00:00", "pm1_0": 17.0, "pm2_5": 19.2, "latitude": 25.640884, "longitude": -100.30304 }, "geometry": { "type": "Point", "coordinates": [ -100.30304, 25.640884 ] } },
{ "type": "Feature", "properties": { "sensor_index": 286240, "name": "Casa Naranjos", "timestamp": "2026-09-08T19:50:07.343496+00:00", "pm1_0": 19.8, "pm2_5": 23.9, "latitude": 25.654285, "longitude": -100.28977 }, "geometry": { "type": "Point", "coordinates": [ -100.28977, 25.654285 ] } },
{ "type": "Feature", "properties": { "sensor_index": 288064, "name": "Terminal", "timestamp": "2026-09-08T19:50:07.343496+00:00", "pm1_0": 22.8, "pm2_5": 29.3, "latitude": 25.686438, "longitude": -100.29351 }, "geometry": { "type": "Point", "coordinates": [ -100.29351, 25.686438 ] } },
{ "type": "Feature", "properties": { "sensor_index": 288066, "name": "Hospital de San Vicente", "timestamp": "2026-09-08T19:50:07.343496+00:00", "pm1_0": 25.6, "pm2_5": 32.7, "latitude": 25.67851, "longitude": -100.324974 }, "geometry": { "type": "Point", "coordinates": [ -100.324974, 25.67851 ] } },
{ "type": "Feature", "properties": { "sensor_index": 288332, "name": "Facultad de Salud Pública y Nutrición", "timestamp": "2026-09-08T19:50:07.343496+00:00", "pm1_0": 23.4, "pm2_5": 31.5, "latitude": 25.688875, "longitude": -100.34783 }, "geometry": { "type": "Point", "coordinates": [ -100.34783, 25.688875 ] } },
{ "type": "Feature", "properties": { "sensor_index": 292893, "name": "TEC-AMM-RB-005", "timestamp": "2026-09-08T19:50:07.343496+00:00", "pm1_0": 24.0, "pm2_5": 32.4, "latitude": 25.658117, "longitude": -100.26312 }, "geometry": { "type": "Point", "coordinates": [ -100.26312, 25.658117 ] } },
{ "type": "Feature", "properties": { "sensor_index": 292895, "name": "TEC-AMM-RD-004", "timestamp": "2026-09-08T19:50:07.343496+00:00", "pm1_0": 22.9, "pm2_5": 30.4, "latitude": 25.774128, "longitude": -100.26622 }, "geometry": { "type": "Point", "coordinates": [ -100.26622, 25.774128 ] } },
{ "type": "Feature", "properties": { "sensor_index": 292889, "name": "TEC-AMM-RB-003", "timestamp": "2026-09-08T19:50:07.343496+00:00", "pm1_0": 22.6, "pm2_5": 30.7, "latitude": 25.654068, "longitude": -100.22748 }, "geometry": { "type": "Point", "coordinates": [ -100.22748, 25.654068 ] } },
{ "type": "Feature", "properties": { "sensor_index": 292891, "name": "TEC-AMM-RC-004", "timestamp": "2026-09-08T19:50:07.343496+00:00", "pm1_0": 19.9, "pm2_5": 24.8, "latitude": 25.639277, "longitude": -100.17398 }, "geometry": { "type": "Point", "coordinates": [ -100.17398, 25.639277 ] } },
{ "type": "Feature", "properties": { "sensor_index": 292901, "name": "TEC-AMM-RF-004", "timestamp": "2026-09-08T19:50:07.343496+00:00", "pm1_0": 23.4, "pm2_5": 29.0, "latitude": 25.738094, "longitude": -100.30651 }, "geometry": { "type": "Point", "coordinates": [ -100.30651, 25.738094 ] } },
{ "type": "Feature", "properties": { "sensor_index": 292901, "name": "TEC-AMM-RF-004", "timestamp": "2026-09-08T19:50:07.343496+00:00", "pm1_0": 23.4, "pm2_5": 29.0, "latitude": 25.73373, "longitude": -100.31656 }, "geometry": { "type": "Point", "coordinates": [ -100.31656, 25.73373 ] } },
{ "type": "Feature", "properties": { "sensor_index": 292897, "name": "TEC-AMM-RF-005", "timestamp": "2026-09-08T19:50:07.343496+00:00", "pm1_0": 23.2, "pm2_5": 31.2, "latitude": 25.770947, "longitude": -100.36825 }, "geometry": { "type": "Point", "coordinates": [ -100.36825, 25.770947 ] } },
{ "type": "Feature", "properties": { "sensor_index": 292905, "name": "TEC-AMM-RC-006", "timestamp": "2026-09-08T19:50:07.343496+00:00", "pm1_0": 18.0, "pm2_5": 21.0, "latitude": 25.608519, "longitude": -100.1551 }, "geometry": { "type": "Point", "coordinates": [ -100.1551, 25.608519 ] } },
{ "type": "Feature", "properties": { "sensor_index": 292941, "name": "TEC-AMM-RD-005", "timestamp": "2026-09-08T19:50:07.343496+00:00", "pm1_0": 8.8, "pm2_5": 11.6, "latitude": 25.760899, "longitude": -100.16765 }, "geometry": { "type": "Point", "coordinates": [ -100.16765, 25.760899 ] } },
{ "type": "Feature", "properties": { "sensor_index": 292943, "name": "TEC-AMM-RC-005", "timestamp": "2026-09-08T19:50:07.343496+00:00", "pm1_0": 18.6, "pm2_5": 22.2, "latitude": 25.646128, "longitude": -100.14929 }, "geometry": { "type": "Point", "coordinates": [ -100.14929, 25.646128 ] } },
{ "type": "Feature", "properties": { "sensor_index": 292939, "name": "TEC-AMM-RA-001", "timestamp": "2026-09-08T19:50:07.343496+00:00", "pm1_0": 23.6, "pm2_5": 31.6, "latitude": 25.658657, "longitude": -100.399 }, "geometry": { "type": "Point", "coordinates": [ -100.399, 25.658657 ] } },
{ "type": "Feature", "properties": { "sensor_index": 292949, "name": "TEC-AMM-RA-003", "timestamp": "2026-09-08T19:50:07.343496+00:00", "pm1_0": 20.8, "pm2_5": 27.6, "latitude": 25.661757, "longitude": -100.36972 }, "geometry": { "type": "Point", "coordinates": [ -100.36972, 25.661757 ] } },
{ "type": "Feature", "properties": { "sensor_index": 292951, "name": "TEC-AMM-RB-004", "timestamp": "2026-09-08T19:50:07.343496+00:00", "pm1_0": 21.5, "pm2_5": 28.2, "latitude": 25.66194, "longitude": -100.3313 }, "geometry": { "type": "Point", "coordinates": [ -100.3313, 25.66194 ] } },
{ "type": "Feature", "properties": { "sensor_index": 292947, "name": "TEC-AMM-RA-004", "timestamp": "2026-09-08T19:50:07.343496+00:00", "pm1_0": 25.3, "pm2_5": 32.8, "latitude": 25.684696, "longitude": -100.36298 }, "geometry": { "type": "Point", "coordinates": [ -100.36298, 25.684696 ] } },
{ "type": "Feature", "properties": { "sensor_index": 292957, "name": "TEC-AMM-RC-008", "timestamp": "2026-09-08T19:50:07.343496+00:00", "pm1_0": 22.2, "pm2_5": 29.7, "latitude": 25.731503, "longitude": -100.13724 }, "geometry": { "type": "Point", "coordinates": [ -100.13724, 25.731503 ] } },
{ "type": "Feature", "properties": { "sensor_index": 292973, "name": "TEC-AMM-RC-003", "timestamp": "2026-09-08T19:50:07.343496+00:00", "pm1_0": 26.0, "pm2_5": 34.5, "latitude": 25.684975, "longitude": -100.17443 }, "geometry": { "type": "Point", "coordinates": [ -100.17443, 25.684975 ] } },
{ "type": "Feature", "properties": { "sensor_index": 292983, "name": "TEC-AMM-RC-007", "timestamp": "2026-09-08T19:50:07.343496+00:00", "pm1_0": 17.7, "pm2_5": 24.9, "latitude": 25.650148, "longitude": -100.11657 }, "geometry": { "type": "Point", "coordinates": [ -100.11657, 25.650148 ] } },
{ "type": "Feature", "properties": { "sensor_index": 292997, "name": "TEC-AMM-RF-004", "timestamp": "2026-09-08T19:50:07.343496+00:00", "pm1_0": 25.2, "pm2_5": 33.1, "latitude": 25.738094, "longitude": -100.30651 }, "geometry": { "type": "Point", "coordinates": [ -100.30651, 25.738094 ] } },
{ "type": "Feature", "properties": { "sensor_index": 292997, "name": "TEC-AMM-RF-004", "timestamp": "2026-09-08T19:50:07.343496+00:00", "pm1_0": 25.2, "pm2_5": 33.1, "latitude": 25.73373, "longitude": -100.31656 }, "geometry": { "type": "Point", "coordinates": [ -100.31656, 25.73373 ] } },
{ "type": "Feature", "properties": { "sensor_index": 292999, "name": "TEC-AMM-RE-002", "timestamp": "2026-09-08T19:50:07.343496+00:00", "pm1_0": 24.9, "pm2_5": 32.6, "latitude": 25.772509, "longitude": -100.31119 }, "geometry": { "type": "Point", "coordinates": [ -100.31119, 25.772509 ] } },
{ "type": "Feature", "properties": { "sensor_index": 293001, "name": "TEC-AMM-RF-006", "timestamp": "2026-09-08T19:50:07.343496+00:00", "pm1_0": 23.8, "pm2_5": 32.5, "latitude": 25.71829, "longitude": -100.37077 }, "geometry": { "type": "Point", "coordinates": [ -100.37077, 25.71829 ] } },
{ "type": "Feature", "properties": { "sensor_index": 293003, "name": "TEC-AMM-RB-006", "timestamp": "2026-09-08T19:50:07.343496+00:00", "pm1_0": 23.1, "pm2_5": 30.1, "latitude": 25.676483, "longitude": -100.29272 }, "geometry": { "type": "Point", "coordinates": [ -100.29272, 25.676483 ] } },
{ "type": "Feature", "properties": { "sensor_index": 293469, "name": "Leon Ortigosa ABP", "timestamp": "2026-09-08T19:50:07.343496+00:00", "pm1_0": 22.2, "pm2_5": 30.1, "latitude": 25.67212, "longitude": -100.33521 }, "geometry": { "type": "Point", "coordinates": [ -100.33521, 25.67212 ] } },
{ "type": "Feature", "properties": { "sensor_index": 293465, "name": "Loma Larga", "timestamp": "2026-09-08T19:50:07.343496+00:00", "pm1_0": 23.7, "pm2_5": 32.8, "latitude": 25.665812, "longitude": -100.34373 }, "geometry": { "type": "Point", "coordinates": [ -100.34373, 25.665812 ] } },
{ "type": "Feature", "properties": { "sensor_index": 293467, "name": "UMF37", "timestamp": "2026-09-08T19:50:07.343496+00:00", "pm1_0": 22.7, "pm2_5": 31.6, "latitude": 25.687622, "longitude": -100.342964 }, "geometry": { "type": "Point", "coordinates": [ -100.342964, 25.687622 ] } },
{ "type": "Feature", "properties": { "sensor_index": 33027, "name": "Lagos del Bosque", "timestamp": "2026-09-08T19:50:07.343496+00:00", "pm1_0": 11.2, "pm2_5": 16.4, "latitude": 25.600061, "longitude": -100.26256 }, "geometry": { "type": "Point", "coordinates": [ -100.26256, 25.600061 ] } },
{ "type": "Feature", "properties": { "sensor_index": 33117, "name": "Liceo de Monterrey", "timestamp": "2026-09-08T19:50:07.343496+00:00", "pm1_0": 23.1, "pm2_5": 34.9, "latitude": 25.650322, "longitude": -100.32849 }, "geometry": { "type": "Point", "coordinates": [ -100.32849, 25.650322 ] } },
{ "type": "Feature", "properties": { "sensor_index": 34441, "name": "Callejon de los Ayala", "timestamp": "2026-09-08T19:50:07.343496+00:00", "pm1_0": 5.3, "pm2_5": 8.6, "latitude": 25.6665, "longitude": -100.3976 }, "geometry": { "type": "Point", "coordinates": [ -100.3976, 25.6665 ] } },
{ "type": "Feature", "properties": { "sensor_index": 34499, "name": "San Patricio #106", "timestamp": "2026-09-08T19:50:07.343496+00:00", "pm1_0": 0.2, "pm2_5": 0.6, "latitude": 25.641743, "longitude": -100.3472 }, "geometry": { "type": "Point", "coordinates": [ -100.3472, 25.641743 ] } },
{ "type": "Feature", "properties": { "sensor_index": 34511, "name": "Rosario", "timestamp": "2026-09-08T19:50:07.343496+00:00", "pm1_0": 14.6, "pm2_5": 23.2, "latitude": 25.640432, "longitude": -100.392265 }, "geometry": { "type": "Point", "coordinates": [ -100.392265, 25.640432 ] } },
{ "type": "Feature", "properties": { "sensor_index": 38663, "name": "Rayon Norte", "timestamp": "2026-09-08T19:50:07.343496+00:00", "pm1_0": 14.2, "pm2_5": 19.1, "latitude": 25.678823, "longitude": -100.319695 }, "geometry": { "type": "Point", "coordinates": [ -100.319695, 25.678823 ] } },
{ "type": "Feature", "properties": { "sensor_index": 42211, "name": "RF", "timestamp": "2026-09-08T19:50:07.343496+00:00", "pm1_0": 11.7, "pm2_5": 16.4, "latitude": 25.61638, "longitude": -100.316124 }, "geometry": { "type": "Point", "coordinates": [ -100.316124, 25.61638 ] } },
{ "type": "Feature", "properties": { "sensor_index": 305140, "name": "Bicla", "timestamp": "2026-09-08T19:50:07.343496+00:00", "pm1_0": 23.9, "pm2_5": 32.5, "latitude": 25.700935, "longitude": -100.33541 }, "geometry": { "type": "Point", "coordinates": [ -100.33541, 25.700935 ] } },
{ "type": "Feature", "properties": { "sensor_index": 305164, "name": "NuevaMaderoDave", "timestamp": "2026-09-08T19:50:07.343496+00:00", "pm1_0": 22.9, "pm2_5": 31.3, "latitude": 25.688787, "longitude": -100.27929 }, "geometry": { "type": "Point", "coordinates": [ -100.27929, 25.688787 ] } },
{ "type": "Feature", "properties": { "sensor_index": 305192, "name": "11a avenida cumbres 1 sector", "timestamp": "2026-09-08T19:50:07.343496+00:00", "pm1_0": 23.3, "pm2_5": 31.3, "latitude": 25.69958, "longitude": -100.35898 }, "geometry": { "type": "Point", "coordinates": [ -100.35898, 25.69958 ] } },
{ "type": "Feature", "properties": { "sensor_index": 305232, "name": "PurpleAir Ancira Mty", "timestamp": "2026-09-08T19:50:07.343496+00:00", "pm1_0": 22.8, "pm2_5": 30.2, "latitude": 25.651157, "longitude": -100.3062 }, "geometry": { "type": "Point", "coordinates": [ -100.3062, 25.651157 ] } },
{ "type": "Feature", "properties": { "sensor_index": 43627, "name": "Liceo de Monterrey Rosemont", "timestamp": "2026-09-08T19:50:07.343496+00:00", "pm1_0": 8.5, "pm2_5": 11.3, "latitude": 25.67425, "longitude": -100.35398 }, "geometry": { "type": "Point", "coordinates": [ -100.35398, 25.67425 ] } },
{ "type": "Feature", "properties": { "sensor_index": 45769, "name": "Huascaran", "timestamp": "2026-09-08T19:50:07.343496+00:00", "pm1_0": 15.5, "pm2_5": 21.7, "latitude": 25.637255, "longitude": -100.399216 }, "geometry": { "type": "Point", "coordinates": [ -100.399216, 25.637255 ] } },
{ "type": "Feature", "properties": { "sensor_index": 308956, "name": "Jardín de las carreras", "timestamp": "2026-09-08T19:50:07.343496+00:00", "pm1_0": 15.9, "pm2_5": 20.4, "latitude": 25.650595, "longitude": -100.289 }, "geometry": { "type": "Point", "coordinates": [ -100.289, 25.650595 ] } },
{ "type": "Feature", "properties": { "sensor_index": 49949, "name": "El Horizonte", "timestamp": "2026-09-08T19:50:07.343496+00:00", "pm1_0": 18.9, "pm2_5": 28.0, "latitude": 25.677492, "longitude": -100.29761 }, "geometry": { "type": "Point", "coordinates": [ -100.29761, 25.677492 ] } },
{ "type": "Feature", "properties": { "sensor_index": 50555, "name": "Treviño", "timestamp": "2026-09-08T19:50:07.343496+00:00", "pm1_0": 0.0, "pm2_5": 0.0, "latitude": 25.638243, "longitude": -100.36743 }, "geometry": { "type": "Point", "coordinates": [ -100.36743, 25.638243 ] } },
{ "type": "Feature", "properties": { "sensor_index": 50871, "name": "TEC Garza Laguera", "timestamp": "2026-09-08T19:50:07.343496+00:00", "pm1_0": 11.8, "pm2_5": 17.2, "latitude": 25.61827, "longitude": -100.27293 }, "geometry": { "type": "Point", "coordinates": [ -100.27293, 25.61827 ] } },
{ "type": "Feature", "properties": { "sensor_index": 321194, "name": "Ramsesgs", "timestamp": "2026-09-08T19:50:07.343496+00:00", "pm1_0": 17.7, "pm2_5": 21.8, "latitude": 25.61975, "longitude": -100.29781 }, "geometry": { "type": "Point", "coordinates": [ -100.29781, 25.61975 ] } },
{ "type": "Feature", "properties": { "sensor_index": 119937, "name": "Grupo Reforma Cumbres", "timestamp": "2026-09-08T19:50:07.343496+00:00", "pm1_0": 13.7, "pm2_5": 22.9, "latitude": 25.71012, "longitude": -100.37474 }, "geometry": { "type": "Point", "coordinates": [ -100.37474, 25.71012 ] } },
{ "type": "Feature", "properties": { "sensor_index": 119965, "name": "Grupo Reforma El Norte", "timestamp": "2026-09-08T19:50:07.343496+00:00", "pm1_0": 15.8, "pm2_5": 21.4, "latitude": 25.674164, "longitude": -100.30816 }, "geometry": { "type": "Point", "coordinates": [ -100.30816, 25.674164 ] } },
{ "type": "Feature", "properties": { "sensor_index": 121825, "name": "Grupo Reforma Sierra Madre", "timestamp": "2026-09-08T19:50:07.343496+00:00", "pm1_0": 3132.8, "pm2_5": 3132.8, "latitude": 25.663378, "longitude": -100.36808 }, "geometry": { "type": "Point", "coordinates": [ -100.36808, 25.663378 ] } },
{ "type": "Feature", "properties": { "sensor_index": 136522, "name": "Bosques de La Pastora", "timestamp": "2026-09-08T19:50:07.343496+00:00", "pm1_0": 8.7, "pm2_5": 20.0, "latitude": 25.65773, "longitude": -100.251625 }, "geometry": { "type": "Point", "coordinates": [ -100.251625, 25.65773 ] } },
{ "type": "Feature", "properties": { "sensor_index": 147010, "name": "Santa Barbara", "timestamp": "2026-09-08T19:50:07.343496+00:00", "pm1_0": 17.8, "pm2_5": 24.1, "latitude": 25.661701, "longitude": -100.38932 }, "geometry": { "type": "Point", "coordinates": [ -100.38932, 25.661701 ] } },
{ "type": "Feature", "properties": { "sensor_index": 174781, "name": "Colegio Cambridge de Monterrey Campus Mitras", "timestamp": "2026-09-08T19:50:07.343496+00:00", "pm1_0": 21.8, "pm2_5": 28.6, "latitude": 25.696613, "longitude": -100.348114 }, "geometry": { "type": "Point", "coordinates": [ -100.348114, 25.696613 ] } },
{ "type": "Feature", "properties": { "sensor_index": 174787, "name": "Colegio Cambridge de Monterrey Campus Norte", "timestamp": "2026-09-08T19:50:07.343496+00:00", "pm1_0": 23.0, "pm2_5": 27.9, "latitude": 25.779613, "longitude": -100.28022 }, "geometry": { "type": "Point", "coordinates": [ -100.28022, 25.779613 ] } },
{ "type": "Feature", "properties": { "sensor_index": 189431, "name": "BEA", "timestamp": "2026-09-08T19:50:07.343496+00:00", "pm1_0": 20.3, "pm2_5": 30.4, "latitude": 25.65725, "longitude": -100.35996 }, "geometry": { "type": "Point", "coordinates": [ -100.35996, 25.65725 ] } },
{ "type": "Feature", "properties": { "sensor_index": 189435, "name": "Olinalá", "timestamp": "2026-09-08T19:50:07.343496+00:00", "pm1_0": 18.9, "pm2_5": 29.2, "latitude": 25.618986, "longitude": -100.37645 }, "geometry": { "type": "Point", "coordinates": [ -100.37645, 25.618986 ] } },
{ "type": "Feature", "properties": { "sensor_index": 189447, "name": "Río Amazonas NO", "timestamp": "2026-09-08T19:50:07.343496+00:00", "pm1_0": 20.6, "pm2_5": 30.9, "latitude": 25.662104, "longitude": -100.37172 }, "geometry": { "type": "Point", "coordinates": [ -100.37172, 25.662104 ] } },
{ "type": "Feature", "properties": { "sensor_index": 189455, "name": "CHIPINQUE CAV", "timestamp": "2026-09-08T19:50:07.343496+00:00", "pm1_0": 18.5, "pm2_5": 29.3, "latitude": 25.618307, "longitude": -100.359955 }, "geometry": { "type": "Point", "coordinates": [ -100.359955, 25.618307 ] } },
{ "type": "Feature", "properties": { "sensor_index": 189469, "name": "Hospital Zambran Hellion TecSalud", "timestamp": "2026-09-08T19:50:07.343496+00:00", "pm1_0": 19.1, "pm2_5": 30.0, "latitude": 25.64684, "longitude": -100.33364 }, "geometry": { "type": "Point", "coordinates": [ -100.33364, 25.64684 ] } },
{ "type": "Feature", "properties": { "sensor_index": 208785, "name": "Colegio Cambridge de Monterrey Campus Anáhuac", "timestamp": "2026-09-08T19:50:07.343496+00:00", "pm1_0": 22.0, "pm2_5": 28.4, "latitude": 25.77144, "longitude": -100.26785 }, "geometry": { "type": "Point", "coordinates": [ -100.26785, 25.77144 ] } },
{ "type": "Feature", "properties": { "sensor_index": 209147, "name": "Rincon de San Jeronimo", "timestamp": "2026-09-08T19:50:07.343496+00:00", "pm1_0": 20.8, "pm2_5": 32.2, "latitude": 25.691032, "longitude": -100.375786 }, "geometry": { "type": "Point", "coordinates": [ -100.375786, 25.691032 ] } },
{ "type": "Feature", "properties": { "sensor_index": 227879, "name": "Rectoria", "timestamp": "2026-09-08T19:50:07.343496+00:00", "pm1_0": 15.5, "pm2_5": 18.0, "latitude": 25.651268, "longitude": -100.291214 }, "geometry": { "type": "Point", "coordinates": [ -100.291214, 25.651268 ] } },
{ "type": "Feature", "properties": { "sensor_index": 227887, "name": "Sensor_Purple_Air-Explanada_EGP-Entrada_Prin", "timestamp": "2026-09-08T19:50:07.343496+00:00", "pm1_0": 13.7, "pm2_5": 16.9, "latitude": 25.64419, "longitude": -100.3255 }, "geometry": { "type": "Point", "coordinates": [ -100.3255, 25.64419 ] } },
{ "type": "Feature", "properties": { "sensor_index": 227889, "name": "Parque central", "timestamp": "2026-09-08T19:50:07.343496+00:00", "pm1_0": 17.9, "pm2_5": 21.2, "latitude": 25.652395, "longitude": -100.28713 }, "geometry": { "type": "Point", "coordinates": [ -100.28713, 25.652395 ] } },
{ "type": "Feature", "properties": { "sensor_index": 227907, "name": "Estacionamiento Alumnos", "timestamp": "2026-09-08T19:50:07.343496+00:00", "pm1_0": 21.1, "pm2_5": 27.6, "latitude": 25.744081, "longitude": -100.28277 }, "geometry": { "type": "Point", "coordinates": [ -100.28277, 25.744081 ] } },
{ "type": "Feature", "properties": { "sensor_index": 227913, "name": "EGADE-Sombrillas", "timestamp": "2026-09-08T19:50:07.343496+00:00", "pm1_0": 21.3, "pm2_5": 28.9, "latitude": 25.643106, "longitude": -100.32573 }, "geometry": { "type": "Point", "coordinates": [ -100.32573, 25.643106 ] } },
{ "type": "Feature", "properties": { "sensor_index": 228003, "name": "EGL-Jardín Robótica", "timestamp": "2026-09-08T19:50:07.343496+00:00", "pm1_0": 20.9, "pm2_5": 27.4, "latitude": 25.61803, "longitude": -100.27554 }, "geometry": { "type": "Point", "coordinates": [ -100.27554, 25.61803 ] } },
{ "type": "Feature", "properties": { "sensor_index": 228001, "name": "C-MTY Explanada 2", "timestamp": "2026-09-08T19:50:07.343496+00:00", "pm1_0": 24.8, "pm2_5": 33.0, "latitude": 25.656332, "longitude": -100.20696 }, "geometry": { "type": "Point", "coordinates": [ -100.20696, 25.656332 ] } },
{ "type": "Feature", "properties": { "sensor_index": 228383, "name": "Estadio Banorte", "timestamp": "2026-09-08T19:50:07.343496+00:00", "pm1_0": 23.7, "pm2_5": 31.5, "latitude": 25.654228, "longitude": -100.28651 }, "geometry": { "type": "Point", "coordinates": [ -100.28651, 25.654228 ] } },
{ "type": "Feature", "properties": { "sensor_index": 228381, "name": "C-MTY RAMPA CAFETERÍA", "timestamp": "2026-09-08T19:50:07.343496+00:00", "pm1_0": 19.5, "pm2_5": 26.1, "latitude": 25.628263, "longitude": -100.30376 }, "geometry": { "type": "Point", "coordinates": [ -100.30376, 25.628263 ] } },
{ "type": "Feature", "properties": { "sensor_index": 228389, "name": "PEGS-Sensor-Canchas", "timestamp": "2026-09-08T19:50:07.343496+00:00", "pm1_0": 22.9, "pm2_5": 30.1, "latitude": 25.670425, "longitude": -100.35683 }, "geometry": { "type": "Point", "coordinates": [ -100.35683, 25.670425 ] } },
{ "type": "Feature", "properties": { "sensor_index": 228407, "name": "CEDES", "timestamp": "2026-09-08T19:50:07.343496+00:00", "pm1_0": 22.3, "pm2_5": 28.3, "latitude": 25.653677, "longitude": -100.29242 }, "geometry": { "type": "Point", "coordinates": [ -100.29242, 25.653677 ] } },
{ "type": "Feature", "properties": { "sensor_index": 278863, "name": "Rio Balsas", "timestamp": "2026-09-08T20:16:39.306810+00:00", "pm1_0": 19.4, "pm2_5": 24.6, "latitude": 25.662691, "longitude": -100.37312 }, "geometry": { "type": "Point", "coordinates": [ -100.37312, 25.662691 ] } },
{ "type": "Feature", "properties": { "sensor_index": 278869, "name": "Veredalta", "timestamp": "2026-09-08T20:16:39.306810+00:00", "pm1_0": 16.5, "pm2_5": 20.8, "latitude": 25.638226, "longitude": -100.3525 }, "geometry": { "type": "Point", "coordinates": [ -100.3525, 25.638226 ] } },
{ "type": "Feature", "properties": { "sensor_index": 278871, "name": "Parroquia Reina de Los Ángeles", "timestamp": "2026-09-08T20:16:39.306810+00:00", "pm1_0": 13.3, "pm2_5": 21.0, "latitude": 25.636341, "longitude": -100.36872 }, "geometry": { "type": "Point", "coordinates": [ -100.36872, 25.636341 ] } },
{ "type": "Feature", "properties": { "sensor_index": 278875, "name": "Secretaría de Relaciones Exteriores", "timestamp": "2026-09-08T20:16:39.306810+00:00", "pm1_0": 21.2, "pm2_5": 28.5, "latitude": 25.667723, "longitude": -100.38136 }, "geometry": { "type": "Point", "coordinates": [ -100.38136, 25.667723 ] } },
{ "type": "Feature", "properties": { "sensor_index": 278883, "name": "Mater International Institute", "timestamp": "2026-09-08T20:16:39.306810+00:00", "pm1_0": 17.5, "pm2_5": 22.1, "latitude": 25.641127, "longitude": -100.362755 }, "geometry": { "type": "Point", "coordinates": [ -100.362755, 25.641127 ] } },
{ "type": "Feature", "properties": { "sensor_index": 278889, "name": "Chipinque Meseta", "timestamp": "2026-09-08T20:16:39.306810+00:00", "pm1_0": 14.0, "pm2_5": 19.0, "latitude": 25.607624, "longitude": -100.355156 }, "geometry": { "type": "Point", "coordinates": [ -100.355156, 25.607624 ] } },
{ "type": "Feature", "properties": { "sensor_index": 278901, "name": "OFICINAS SAN PEDRO PARQUES", "timestamp": "2026-09-08T20:16:39.306810+00:00", "pm1_0": 19.8, "pm2_5": 25.4, "latitude": 25.644024, "longitude": -100.376305 }, "geometry": { "type": "Point", "coordinates": [ -100.376305, 25.644024 ] } },
{ "type": "Feature", "properties": { "sensor_index": 278919, "name": "Residencia Tabachín", "timestamp": "2026-09-08T20:16:39.306810+00:00", "pm1_0": 11.7, "pm2_5": 15.4, "latitude": 25.630367, "longitude": -100.34808 }, "geometry": { "type": "Point", "coordinates": [ -100.34808, 25.630367 ] } },
{ "type": "Feature", "properties": { "sensor_index": 278929, "name": "Rio Caura", "timestamp": "2026-09-08T20:16:39.306810+00:00", "pm1_0": 20.5, "pm2_5": 28.1, "latitude": 25.659946, "longitude": -100.38283 }, "geometry": { "type": "Point", "coordinates": [ -100.38283, 25.659946 ] } },
{ "type": "Feature", "properties": { "sensor_index": 278931, "name": "Residencia Platon", "timestamp": "2026-09-08T20:16:39.306810+00:00", "pm1_0": 21.1, "pm2_5": 28.8, "latitude": 25.630522, "longitude": -100.36023 }, "geometry": { "type": "Point", "coordinates": [ -100.36023, 25.630522 ] } },
{ "type": "Feature", "properties": { "sensor_index": 278937, "name": "Residencia Saqqara", "timestamp": "2026-09-08T20:16:39.306810+00:00", "pm1_0": 18.7, "pm2_5": 24.4, "latitude": 25.652473, "longitude": -100.349236 }, "geometry": { "type": "Point", "coordinates": [ -100.349236, 25.652473 ] } },
{ "type": "Feature", "properties": { "sensor_index": 278939, "name": "Residencia Rio Rosas", "timestamp": "2026-09-08T20:16:39.306810+00:00", "pm1_0": 20.0, "pm2_5": 27.1, "latitude": 25.656303, "longitude": -100.36027 }, "geometry": { "type": "Point", "coordinates": [ -100.36027, 25.656303 ] } },
{ "type": "Feature", "properties": { "sensor_index": 278951, "name": "Parque El Capitán", "timestamp": "2026-09-08T20:16:39.306810+00:00", "pm1_0": 19.7, "pm2_5": 24.8, "latitude": 25.663504, "longitude": -100.35734 }, "geometry": { "type": "Point", "coordinates": [ -100.35734, 25.663504 ] } },
{ "type": "Feature", "properties": { "sensor_index": 278957, "name": "Los Pinos", "timestamp": "2026-09-08T20:16:39.306810+00:00", "pm1_0": 19.1, "pm2_5": 27.4, "latitude": 25.672205, "longitude": -100.397354 }, "geometry": { "type": "Point", "coordinates": [ -100.397354, 25.672205 ] } },
{ "type": "Feature", "properties": { "sensor_index": 278959, "name": "Colegio Nobel", "timestamp": "2026-09-08T20:16:39.306810+00:00", "pm1_0": 20.5, "pm2_5": 27.9, "latitude": 25.657562, "longitude": -100.39641 }, "geometry": { "type": "Point", "coordinates": [ -100.39641, 25.657562 ] } },
{ "type": "Feature", "properties": { "sensor_index": 278955, "name": "Residencia San Mateo", "timestamp": "2026-09-08T20:16:39.306810+00:00", "pm1_0": 14.2, "pm2_5": 16.2, "latitude": 25.643766, "longitude": -100.31643 }, "geometry": { "type": "Point", "coordinates": [ -100.31643, 25.643766 ] } },
{ "type": "Feature", "properties": { "sensor_index": 279836, "name": "San Roberto International School San Agustin", "timestamp": "2026-09-08T20:16:39.306810+00:00", "pm1_0": 17.8, "pm2_5": 22.7, "latitude": 25.646032, "longitude": -100.338165 }, "geometry": { "type": "Point", "coordinates": [ -100.338165, 25.646032 ] } },
{ "type": "Feature", "properties": { "sensor_index": 279834, "name": "Colegio Ingles Campus Encino", "timestamp": "2026-09-08T20:16:39.306810+00:00", "pm1_0": 23.3, "pm2_5": 31.1, "latitude": 25.637669, "longitude": -100.33746 }, "geometry": { "type": "Point", "coordinates": [ -100.33746, 25.637669 ] } },
{ "type": "Feature", "properties": { "sensor_index": 279854, "name": "Pinos", "timestamp": "2026-09-08T20:16:39.306810+00:00", "pm1_0": 17.8, "pm2_5": 20.2, "latitude": 25.65975, "longitude": -100.349976 }, "geometry": { "type": "Point", "coordinates": [ -100.349976, 25.65975 ] } },
{ "type": "Feature", "properties": { "sensor_index": 279866, "name": "Lomas del Campestre", "timestamp": "2026-09-08T20:16:39.306810+00:00", "pm1_0": 17.6, "pm2_5": 22.0, "latitude": 25.638052, "longitude": -100.33173 }, "geometry": { "type": "Point", "coordinates": [ -100.33173, 25.638052 ] } },
{ "type": "Feature", "properties": { "sensor_index": 279890, "name": "María Desatadora de Nudos", "timestamp": "2026-09-08T20:16:39.306810+00:00", "pm1_0": 19.3, "pm2_5": 24.8, "latitude": 25.624146, "longitude": -100.37315 }, "geometry": { "type": "Point", "coordinates": [ -100.37315, 25.624146 ] } },
{ "type": "Feature", "properties": { "sensor_index": 279926, "name": "Parque Mississippi", "timestamp": "2026-09-08T20:16:39.306810+00:00", "pm1_0": 19.8, "pm2_5": 24.9, "latitude": 25.657495, "longitude": -100.36317 }, "geometry": { "type": "Point", "coordinates": [ -100.36317, 25.657495 ] } },
{ "type": "Feature", "properties": { "sensor_index": 280524, "name": "Privada Paso de la Sierra", "timestamp": "2026-09-08T20:16:39.306810+00:00", "pm1_0": 20.7, "pm2_5": 26.4, "latitude": 25.648457, "longitude": -100.36256 }, "geometry": { "type": "Point", "coordinates": [ -100.36256, 25.648457 ] } },
{ "type": "Feature", "properties": { "sensor_index": 280520, "name": "Irish International School Campus First School", "timestamp": "2026-09-08T20:16:39.306810+00:00", "pm1_0": 18.5, "pm2_5": 22.1, "latitude": 25.639212, "longitude": -100.34154 }, "geometry": { "type": "Point", "coordinates": [ -100.34154, 25.639212 ] } },
{ "type": "Feature", "properties": { "sensor_index": 280532, "name": "Museo La Milarca", "timestamp": "2026-09-08T20:16:39.306810+00:00", "pm1_0": 18.5, "pm2_5": 22.1, "latitude": 25.64443, "longitude": -100.32734 }, "geometry": { "type": "Point", "coordinates": [ -100.32734, 25.64443 ] } },
{ "type": "Feature", "properties": { "sensor_index": 280534, "name": "Residencia Savotino", "timestamp": "2026-09-08T20:16:39.306810+00:00", "pm1_0": 21.2, "pm2_5": 28.3, "latitude": 25.662497, "longitude": -100.36313 }, "geometry": { "type": "Point", "coordinates": [ -100.36313, 25.662497 ] } },
{ "type": "Feature", "properties": { "sensor_index": 280644, "name": "Residencia nogal", "timestamp": "2026-09-08T20:16:39.306810+00:00", "pm1_0": 16.6, "pm2_5": 21.8, "latitude": 25.61478, "longitude": -100.368286 }, "geometry": { "type": "Point", "coordinates": [ -100.368286, 25.61478 ] } },
{ "type": "Feature", "properties": { "sensor_index": 280900, "name": "Rio Necaxa", "timestamp": "2026-09-08T20:16:39.306810+00:00", "pm1_0": 19.8, "pm2_5": 26.7, "latitude": 25.65677, "longitude": -100.344666 }, "geometry": { "type": "Point", "coordinates": [ -100.344666, 25.65677 ] } },
{ "type": "Feature", "properties": { "sensor_index": 280902, "name": "Residencia Rio Pesqueria", "timestamp": "2026-09-08T20:16:39.306810+00:00", "pm1_0": 20.4, "pm2_5": 27.4, "latitude": 25.658936, "longitude": -100.37394 }, "geometry": { "type": "Point", "coordinates": [ -100.37394, 25.658936 ] } },
{ "type": "Feature", "properties": { "sensor_index": 284960, "name": "Esquina Barranquilla y Patagonia (Altavista)", "timestamp": "2026-09-08T20:16:39.306810+00:00", "pm1_0": 22.0, "pm2_5": 28.3, "latitude": 25.644045, "longitude": -100.29044 }, "geometry": { "type": "Point", "coordinates": [ -100.29044, 25.644045 ] } },
{ "type": "Feature", "properties": { "sensor_index": 286238, "name": "Oasis", "timestamp": "2026-09-08T20:16:39.306810+00:00", "pm1_0": 14.4, "pm2_5": 16.6, "latitude": 25.640884, "longitude": -100.30304 }, "geometry": { "type": "Point", "coordinates": [ -100.30304, 25.640884 ] } },
{ "type": "Feature", "properties": { "sensor_index": 286240, "name": "Casa Naranjos", "timestamp": "2026-09-08T20:16:39.306810+00:00", "pm1_0": 20.9, "pm2_5": 26.1, "latitude": 25.654285, "longitude": -100.28977 }, "geometry": { "type": "Point", "coordinates": [ -100.28977, 25.654285 ] } },
{ "type": "Feature", "properties": { "sensor_index": 288064, "name": "Terminal", "timestamp": "2026-09-08T20:16:39.306810+00:00", "pm1_0": 22.6, "pm2_5": 28.9, "latitude": 25.686438, "longitude": -100.29351 }, "geometry": { "type": "Point", "coordinates": [ -100.29351, 25.686438 ] } },
{ "type": "Feature", "properties": { "sensor_index": 288066, "name": "Hospital de San Vicente", "timestamp": "2026-09-08T20:16:39.306810+00:00", "pm1_0": 23.9, "pm2_5": 31.3, "latitude": 25.67851, "longitude": -100.324974 }, "geometry": { "type": "Point", "coordinates": [ -100.324974, 25.67851 ] } },
{ "type": "Feature", "properties": { "sensor_index": 288332, "name": "Facultad de Salud Pública y Nutrición", "timestamp": "2026-09-08T20:16:39.306810+00:00", "pm1_0": 22.6, "pm2_5": 30.3, "latitude": 25.688875, "longitude": -100.34783 }, "geometry": { "type": "Point", "coordinates": [ -100.34783, 25.688875 ] } },
{ "type": "Feature", "properties": { "sensor_index": 292893, "name": "TEC-AMM-RB-005", "timestamp": "2026-09-08T20:16:39.306810+00:00", "pm1_0": 21.9, "pm2_5": 29.0, "latitude": 25.658117, "longitude": -100.26312 }, "geometry": { "type": "Point", "coordinates": [ -100.26312, 25.658117 ] } },
{ "type": "Feature", "properties": { "sensor_index": 292895, "name": "TEC-AMM-RD-004", "timestamp": "2026-09-08T20:16:39.306810+00:00", "pm1_0": 21.7, "pm2_5": 27.9, "latitude": 25.774128, "longitude": -100.26622 }, "geometry": { "type": "Point", "coordinates": [ -100.26622, 25.774128 ] } },
{ "type": "Feature", "properties": { "sensor_index": 292889, "name": "TEC-AMM-RB-003", "timestamp": "2026-09-08T20:16:39.306810+00:00", "pm1_0": 20.5, "pm2_5": 26.0, "latitude": 25.654068, "longitude": -100.22748 }, "geometry": { "type": "Point", "coordinates": [ -100.22748, 25.654068 ] } },
{ "type": "Feature", "properties": { "sensor_index": 292891, "name": "TEC-AMM-RC-004", "timestamp": "2026-09-08T20:16:39.306810+00:00", "pm1_0": 14.5, "pm2_5": 16.3, "latitude": 25.639277, "longitude": -100.17398 }, "geometry": { "type": "Point", "coordinates": [ -100.17398, 25.639277 ] } },
{ "type": "Feature", "properties": { "sensor_index": 292901, "name": "TEC-AMM-RF-004", "timestamp": "2026-09-08T20:16:39.306810+00:00", "pm1_0": 22.5, "pm2_5": 27.9, "latitude": 25.738094, "longitude": -100.30651 }, "geometry": { "type": "Point", "coordinates": [ -100.30651, 25.738094 ] } },
{ "type": "Feature", "properties": { "sensor_index": 292901, "name": "TEC-AMM-RF-004", "timestamp": "2026-09-08T20:16:39.306810+00:00", "pm1_0": 22.5, "pm2_5": 27.9, "latitude": 25.73373, "longitude": -100.31656 }, "geometry": { "type": "Point", "coordinates": [ -100.31656, 25.73373 ] } },
{ "type": "Feature", "properties": { "sensor_index": 292897, "name": "TEC-AMM-RF-005", "timestamp": "2026-09-08T20:16:39.306810+00:00", "pm1_0": 22.2, "pm2_5": 29.2, "latitude": 25.770947, "longitude": -100.36825 }, "geometry": { "type": "Point", "coordinates": [ -100.36825, 25.770947 ] } },
{ "type": "Feature", "properties": { "sensor_index": 292905, "name": "TEC-AMM-RC-006", "timestamp": "2026-09-08T20:16:39.306810+00:00", "pm1_0": 18.1, "pm2_5": 21.3, "latitude": 25.608519, "longitude": -100.1551 }, "geometry": { "type": "Point", "coordinates": [ -100.1551, 25.608519 ] } },
{ "type": "Feature", "properties": { "sensor_index": 292941, "name": "TEC-AMM-RD-005", "timestamp": "2026-09-08T20:16:39.306810+00:00", "pm1_0": 8.8, "pm2_5": 11.6, "latitude": 25.760899, "longitude": -100.16765 }, "geometry": { "type": "Point", "coordinates": [ -100.16765, 25.760899 ] } },
{ "type": "Feature", "properties": { "sensor_index": 292943, "name": "TEC-AMM-RC-005", "timestamp": "2026-09-08T20:16:39.306810+00:00", "pm1_0": 15.2, "pm2_5": 17.3, "latitude": 25.646128, "longitude": -100.14929 }, "geometry": { "type": "Point", "coordinates": [ -100.14929, 25.646128 ] } },
{ "type": "Feature", "properties": { "sensor_index": 292939, "name": "TEC-AMM-RA-001", "timestamp": "2026-09-08T20:16:39.306810+00:00", "pm1_0": 23.0, "pm2_5": 31.1, "latitude": 25.658657, "longitude": -100.399 }, "geometry": { "type": "Point", "coordinates": [ -100.399, 25.658657 ] } },
{ "type": "Feature", "properties": { "sensor_index": 292949, "name": "TEC-AMM-RA-003", "timestamp": "2026-09-08T20:16:39.306810+00:00", "pm1_0": 19.7, "pm2_5": 25.0, "latitude": 25.661757, "longitude": -100.36972 }, "geometry": { "type": "Point", "coordinates": [ -100.36972, 25.661757 ] } },
{ "type": "Feature", "properties": { "sensor_index": 292951, "name": "TEC-AMM-RB-004", "timestamp": "2026-09-08T20:16:39.306810+00:00", "pm1_0": 19.8, "pm2_5": 25.5, "latitude": 25.66194, "longitude": -100.3313 }, "geometry": { "type": "Point", "coordinates": [ -100.3313, 25.66194 ] } },
{ "type": "Feature", "properties": { "sensor_index": 292947, "name": "TEC-AMM-RA-004", "timestamp": "2026-09-08T20:16:39.306810+00:00", "pm1_0": 22.9, "pm2_5": 29.5, "latitude": 25.684696, "longitude": -100.36298 }, "geometry": { "type": "Point", "coordinates": [ -100.36298, 25.684696 ] } },
{ "type": "Feature", "properties": { "sensor_index": 292957, "name": "TEC-AMM-RC-008", "timestamp": "2026-09-08T20:16:39.306810+00:00", "pm1_0": 22.2, "pm2_5": 29.7, "latitude": 25.731503, "longitude": -100.13724 }, "geometry": { "type": "Point", "coordinates": [ -100.13724, 25.731503 ] } },
{ "type": "Feature", "properties": { "sensor_index": 292973, "name": "TEC-AMM-RC-003", "timestamp": "2026-09-08T20:16:39.306810+00:00", "pm1_0": 15.2, "pm2_5": 18.2, "latitude": 25.684975, "longitude": -100.17443 }, "geometry": { "type": "Point", "coordinates": [ -100.17443, 25.684975 ] } },
{ "type": "Feature", "properties": { "sensor_index": 292983, "name": "TEC-AMM-RC-007", "timestamp": "2026-09-08T20:16:39.306810+00:00", "pm1_0": 17.7, "pm2_5": 24.9, "latitude": 25.650148, "longitude": -100.11657 }, "geometry": { "type": "Point", "coordinates": [ -100.11657, 25.650148 ] } },
{ "type": "Feature", "properties": { "sensor_index": 292997, "name": "TEC-AMM-RF-004", "timestamp": "2026-09-08T20:16:39.306810+00:00", "pm1_0": 24.9, "pm2_5": 32.9, "latitude": 25.738094, "longitude": -100.30651 }, "geometry": { "type": "Point", "coordinates": [ -100.30651, 25.738094 ] } },
{ "type": "Feature", "properties": { "sensor_index": 292997, "name": "TEC-AMM-RF-004", "timestamp": "2026-09-08T20:16:39.306810+00:00", "pm1_0": 24.9, "pm2_5": 32.9, "latitude": 25.73373, "longitude": -100.31656 }, "geometry": { "type": "Point", "coordinates": [ -100.31656, 25.73373 ] } },
{ "type": "Feature", "properties": { "sensor_index": 292999, "name": "TEC-AMM-RE-002", "timestamp": "2026-09-08T20:16:39.306810+00:00", "pm1_0": 22.4, "pm2_5": 29.2, "latitude": 25.772509, "longitude": -100.31119 }, "geometry": { "type": "Point", "coordinates": [ -100.31119, 25.772509 ] } },
{ "type": "Feature", "properties": { "sensor_index": 293001, "name": "TEC-AMM-RF-006", "timestamp": "2026-09-08T20:16:39.306810+00:00", "pm1_0": 23.8, "pm2_5": 32.1, "latitude": 25.71829, "longitude": -100.37077 }, "geometry": { "type": "Point", "coordinates": [ -100.37077, 25.71829 ] } },
{ "type": "Feature", "properties": { "sensor_index": 293003, "name": "TEC-AMM-RB-006", "timestamp": "2026-09-08T20:16:39.306810+00:00", "pm1_0": 22.4, "pm2_5": 29.1, "latitude": 25.676483, "longitude": -100.29272 }, "geometry": { "type": "Point", "coordinates": [ -100.29272, 25.676483 ] } },
{ "type": "Feature", "properties": { "sensor_index": 293469, "name": "Leon Ortigosa ABP", "timestamp": "2026-09-08T20:16:39.306810+00:00", "pm1_0": 22.5, "pm2_5": 30.2, "latitude": 25.67212, "longitude": -100.33521 }, "geometry": { "type": "Point", "coordinates": [ -100.33521, 25.67212 ] } },
{ "type": "Feature", "properties": { "sensor_index": 293465, "name": "Loma Larga", "timestamp": "2026-09-08T20:16:39.306810+00:00", "pm1_0": 20.9, "pm2_5": 29.4, "latitude": 25.665812, "longitude": -100.34373 }, "geometry": { "type": "Point", "coordinates": [ -100.34373, 25.665812 ] } },
{ "type": "Feature", "properties": { "sensor_index": 293467, "name": "UMF37", "timestamp": "2026-09-08T20:16:39.306810+00:00", "pm1_0": 23.2, "pm2_5": 32.4, "latitude": 25.687622, "longitude": -100.342964 }, "geometry": { "type": "Point", "coordinates": [ -100.342964, 25.687622 ] } },
{ "type": "Feature", "properties": { "sensor_index": 33027, "name": "Lagos del Bosque", "timestamp": "2026-09-08T20:16:39.306810+00:00", "pm1_0": 11.1, "pm2_5": 16.7, "latitude": 25.600061, "longitude": -100.26256 }, "geometry": { "type": "Point", "coordinates": [ -100.26256, 25.600061 ] } },
{ "type": "Feature", "properties": { "sensor_index": 33117, "name": "Liceo de Monterrey", "timestamp": "2026-09-08T20:16:39.306810+00:00", "pm1_0": 21.6, "pm2_5": 33.3, "latitude": 25.650322, "longitude": -100.32849 }, "geometry": { "type": "Point", "coordinates": [ -100.32849, 25.650322 ] } },
{ "type": "Feature", "properties": { "sensor_index": 34441, "name": "Callejon de los Ayala", "timestamp": "2026-09-08T20:16:39.306810+00:00", "pm1_0": 5.3, "pm2_5": 9.8, "latitude": 25.6665, "longitude": -100.3976 }, "geometry": { "type": "Point", "coordinates": [ -100.3976, 25.6665 ] } },
{ "type": "Feature", "properties": { "sensor_index": 34499, "name": "San Patricio #106", "timestamp": "2026-09-08T20:16:39.306810+00:00", "pm1_0": 0.0, "pm2_5": 0.0, "latitude": 25.641743, "longitude": -100.3472 }, "geometry": { "type": "Point", "coordinates": [ -100.3472, 25.641743 ] } },
{ "type": "Feature", "properties": { "sensor_index": 34511, "name": "Rosario", "timestamp": "2026-09-08T20:16:39.306810+00:00", "pm1_0": 14.6, "pm2_5": 23.6, "latitude": 25.640432, "longitude": -100.392265 }, "geometry": { "type": "Point", "coordinates": [ -100.392265, 25.640432 ] } },
{ "type": "Feature", "properties": { "sensor_index": 38663, "name": "Rayon Norte", "timestamp": "2026-09-08T20:16:39.306810+00:00", "pm1_0": 14.2, "pm2_5": 19.1, "latitude": 25.678823, "longitude": -100.319695 }, "geometry": { "type": "Point", "coordinates": [ -100.319695, 25.678823 ] } },
{ "type": "Feature", "properties": { "sensor_index": 42211, "name": "RF", "timestamp": "2026-09-08T20:16:39.306810+00:00", "pm1_0": 9.5, "pm2_5": 12.7, "latitude": 25.61638, "longitude": -100.316124 }, "geometry": { "type": "Point", "coordinates": [ -100.316124, 25.61638 ] } },
{ "type": "Feature", "properties": { "sensor_index": 305140, "name": "Bicla", "timestamp": "2026-09-08T20:16:39.306810+00:00", "pm1_0": 24.0, "pm2_5": 32.6, "latitude": 25.700935, "longitude": -100.33541 }, "geometry": { "type": "Point", "coordinates": [ -100.33541, 25.700935 ] } },
{ "type": "Feature", "properties": { "sensor_index": 305164, "name": "NuevaMaderoDave", "timestamp": "2026-09-08T20:16:39.306810+00:00", "pm1_0": 21.9, "pm2_5": 29.6, "latitude": 25.688787, "longitude": -100.27929 }, "geometry": { "type": "Point", "coordinates": [ -100.27929, 25.688787 ] } },
{ "type": "Feature", "properties": { "sensor_index": 305192, "name": "11a avenida cumbres 1 sector", "timestamp": "2026-09-08T20:16:39.306810+00:00", "pm1_0": 22.2, "pm2_5": 29.5, "latitude": 25.69958, "longitude": -100.35898 }, "geometry": { "type": "Point", "coordinates": [ -100.35898, 25.69958 ] } },
{ "type": "Feature", "properties": { "sensor_index": 305232, "name": "PurpleAir Ancira Mty", "timestamp": "2026-09-08T20:16:39.306810+00:00", "pm1_0": 20.4, "pm2_5": 26.0, "latitude": 25.651157, "longitude": -100.3062 }, "geometry": { "type": "Point", "coordinates": [ -100.3062, 25.651157 ] } },
{ "type": "Feature", "properties": { "sensor_index": 43627, "name": "Liceo de Monterrey Rosemont", "timestamp": "2026-09-08T20:16:39.306810+00:00", "pm1_0": 145.7, "pm2_5": 148.4, "latitude": 25.67425, "longitude": -100.35398 }, "geometry": { "type": "Point", "coordinates": [ -100.35398, 25.67425 ] } },
{ "type": "Feature", "properties": { "sensor_index": 45769, "name": "Huascaran", "timestamp": "2026-09-08T20:16:39.306810+00:00", "pm1_0": 15.7, "pm2_5": 22.5, "latitude": 25.637255, "longitude": -100.399216 }, "geometry": { "type": "Point", "coordinates": [ -100.399216, 25.637255 ] } },
{ "type": "Feature", "properties": { "sensor_index": 308956, "name": "Jardín de las carreras", "timestamp": "2026-09-08T20:16:39.306810+00:00", "pm1_0": 20.5, "pm2_5": 27.7, "latitude": 25.650595, "longitude": -100.289 }, "geometry": { "type": "Point", "coordinates": [ -100.289, 25.650595 ] } },
{ "type": "Feature", "properties": { "sensor_index": 49949, "name": "El Horizonte", "timestamp": "2026-09-08T20:16:39.306810+00:00", "pm1_0": 18.1, "pm2_5": 26.7, "latitude": 25.677492, "longitude": -100.29761 }, "geometry": { "type": "Point", "coordinates": [ -100.29761, 25.677492 ] } },
{ "type": "Feature", "properties": { "sensor_index": 50555, "name": "Treviño", "timestamp": "2026-09-08T20:16:39.306810+00:00", "pm1_0": 0.0, "pm2_5": 0.0, "latitude": 25.638243, "longitude": -100.36743 }, "geometry": { "type": "Point", "coordinates": [ -100.36743, 25.638243 ] } },
{ "type": "Feature", "properties": { "sensor_index": 50871, "name": "TEC Garza Laguera", "timestamp": "2026-09-08T20:16:39.306810+00:00", "pm1_0": 11.8, "pm2_5": 17.2, "latitude": 25.61827, "longitude": -100.27293 }, "geometry": { "type": "Point", "coordinates": [ -100.27293, 25.61827 ] } },
{ "type": "Feature", "properties": { "sensor_index": 321194, "name": "Ramsesgs", "timestamp": "2026-09-08T20:16:39.306810+00:00", "pm1_0": 18.3, "pm2_5": 22.8, "latitude": 25.61975, "longitude": -100.29781 }, "geometry": { "type": "Point", "coordinates": [ -100.29781, 25.61975 ] } },
{ "type": "Feature", "properties": { "sensor_index": 119937, "name": "Grupo Reforma Cumbres", "timestamp": "2026-09-08T20:16:39.306810+00:00", "pm1_0": 11.7, "pm2_5": 20.6, "latitude": 25.71012, "longitude": -100.37474 }, "geometry": { "type": "Point", "coordinates": [ -100.37474, 25.71012 ] } },
{ "type": "Feature", "properties": { "sensor_index": 119965, "name": "Grupo Reforma El Norte", "timestamp": "2026-09-08T20:16:39.306810+00:00", "pm1_0": 15.4, "pm2_5": 20.5, "latitude": 25.674164, "longitude": -100.30816 }, "geometry": { "type": "Point", "coordinates": [ -100.30816, 25.674164 ] } },
{ "type": "Feature", "properties": { "sensor_index": 121825, "name": "Grupo Reforma Sierra Madre", "timestamp": "2026-09-08T20:16:39.306810+00:00", "pm1_0": 3089.2, "pm2_5": 3089.2, "latitude": 25.663378, "longitude": -100.36808 }, "geometry": { "type": "Point", "coordinates": [ -100.36808, 25.663378 ] } },
{ "type": "Feature", "properties": { "sensor_index": 136522, "name": "Bosques de La Pastora", "timestamp": "2026-09-08T20:16:39.306810+00:00", "pm1_0": 7.4, "pm2_5": 17.3, "latitude": 25.65773, "longitude": -100.251625 }, "geometry": { "type": "Point", "coordinates": [ -100.251625, 25.65773 ] } },
{ "type": "Feature", "properties": { "sensor_index": 147010, "name": "Santa Barbara", "timestamp": "2026-09-08T20:16:39.306810+00:00", "pm1_0": 19.5, "pm2_5": 26.0, "latitude": 25.661701, "longitude": -100.38932 }, "geometry": { "type": "Point", "coordinates": [ -100.38932, 25.661701 ] } },
{ "type": "Feature", "properties": { "sensor_index": 174781, "name": "Colegio Cambridge de Monterrey Campus Mitras", "timestamp": "2026-09-08T20:16:39.306810+00:00", "pm1_0": 21.4, "pm2_5": 27.7, "latitude": 25.696613, "longitude": -100.348114 }, "geometry": { "type": "Point", "coordinates": [ -100.348114, 25.696613 ] } },
{ "type": "Feature", "properties": { "sensor_index": 174787, "name": "Colegio Cambridge de Monterrey Campus Norte", "timestamp": "2026-09-08T20:16:39.306810+00:00", "pm1_0": 21.1, "pm2_5": 24.6, "latitude": 25.779613, "longitude": -100.28022 }, "geometry": { "type": "Point", "coordinates": [ -100.28022, 25.779613 ] } },
{ "type": "Feature", "properties": { "sensor_index": 189431, "name": "BEA", "timestamp": "2026-09-08T20:16:39.306810+00:00", "pm1_0": 17.9, "pm2_5": 26.1, "latitude": 25.65725, "longitude": -100.35996 }, "geometry": { "type": "Point", "coordinates": [ -100.35996, 25.65725 ] } },
{ "type": "Feature", "properties": { "sensor_index": 189435, "name": "Olinalá", "timestamp": "2026-09-08T20:16:39.306810+00:00", "pm1_0": 16.9, "pm2_5": 25.4, "latitude": 25.618986, "longitude": -100.37645 }, "geometry": { "type": "Point", "coordinates": [ -100.37645, 25.618986 ] } },
{ "type": "Feature", "properties": { "sensor_index": 189447, "name": "Río Amazonas NO", "timestamp": "2026-09-08T20:16:39.306810+00:00", "pm1_0": 23.5, "pm2_5": 37.7, "latitude": 25.662104, "longitude": -100.37172 }, "geometry": { "type": "Point", "coordinates": [ -100.37172, 25.662104 ] } },
{ "type": "Feature", "properties": { "sensor_index": 189455, "name": "CHIPINQUE CAV", "timestamp": "2026-09-08T20:16:39.306810+00:00", "pm1_0": 13.5, "pm2_5": 21.2, "latitude": 25.618307, "longitude": -100.359955 }, "geometry": { "type": "Point", "coordinates": [ -100.359955, 25.618307 ] } },
{ "type": "Feature", "properties": { "sensor_index": 189469, "name": "Hospital Zambran Hellion TecSalud", "timestamp": "2026-09-08T20:16:39.306810+00:00", "pm1_0": 18.4, "pm2_5": 27.9, "latitude": 25.64684, "longitude": -100.33364 }, "geometry": { "type": "Point", "coordinates": [ -100.33364, 25.64684 ] } },
{ "type": "Feature", "properties": { "sensor_index": 208785, "name": "Colegio Cambridge de Monterrey Campus Anáhuac", "timestamp": "2026-09-08T20:16:39.306810+00:00", "pm1_0": 20.5, "pm2_5": 26.6, "latitude": 25.77144, "longitude": -100.26785 }, "geometry": { "type": "Point", "coordinates": [ -100.26785, 25.77144 ] } },
{ "type": "Feature", "properties": { "sensor_index": 209147, "name": "Rincon de San Jeronimo", "timestamp": "2026-09-08T20:16:39.306810+00:00", "pm1_0": 20.4, "pm2_5": 30.8, "latitude": 25.691032, "longitude": -100.375786 }, "geometry": { "type": "Point", "coordinates": [ -100.375786, 25.691032 ] } },
{ "type": "Feature", "properties": { "sensor_index": 227879, "name": "Rectoria", "timestamp": "2026-09-08T20:16:39.306810+00:00", "pm1_0": 20.1, "pm2_5": 25.1, "latitude": 25.651268, "longitude": -100.291214 }, "geometry": { "type": "Point", "coordinates": [ -100.291214, 25.651268 ] } },
{ "type": "Feature", "properties": { "sensor_index": 227887, "name": "Sensor_Purple_Air-Explanada_EGP-Entrada_Prin", "timestamp": "2026-09-08T20:16:39.306810+00:00", "pm1_0": 13.7, "pm2_5": 16.9, "latitude": 25.64419, "longitude": -100.3255 }, "geometry": { "type": "Point", "coordinates": [ -100.3255, 25.64419 ] } },
{ "type": "Feature", "properties": { "sensor_index": 227889, "name": "Parque central", "timestamp": "2026-09-08T20:16:39.306810+00:00", "pm1_0": 18.3, "pm2_5": 21.7, "latitude": 25.652395, "longitude": -100.28713 }, "geometry": { "type": "Point", "coordinates": [ -100.28713, 25.652395 ] } },
{ "type": "Feature", "properties": { "sensor_index": 227907, "name": "Estacionamiento Alumnos", "timestamp": "2026-09-08T20:16:39.306810+00:00", "pm1_0": 20.9, "pm2_5": 27.1, "latitude": 25.744081, "longitude": -100.28277 }, "geometry": { "type": "Point", "coordinates": [ -100.28277, 25.744081 ] } },
{ "type": "Feature", "properties": { "sensor_index": 227913, "name": "EGADE-Sombrillas", "timestamp": "2026-09-08T20:16:39.306810+00:00", "pm1_0": 19.9, "pm2_5": 26.5, "latitude": 25.643106, "longitude": -100.32573 }, "geometry": { "type": "Point", "coordinates": [ -100.32573, 25.643106 ] } },
{ "type": "Feature", "properties": { "sensor_index": 228003, "name": "EGL-Jardín Robótica", "timestamp": "2026-09-08T20:16:39.306810+00:00", "pm1_0": 21.7, "pm2_5": 28.2, "latitude": 25.61803, "longitude": -100.27554 }, "geometry": { "type": "Point", "coordinates": [ -100.27554, 25.61803 ] } },
{ "type": "Feature", "properties": { "sensor_index": 228001, "name": "C-MTY Explanada 2", "timestamp": "2026-09-08T20:16:39.306810+00:00", "pm1_0": 21.2, "pm2_5": 27.4, "latitude": 25.656332, "longitude": -100.20696 }, "geometry": { "type": "Point", "coordinates": [ -100.20696, 25.656332 ] } },
{ "type": "Feature", "properties": { "sensor_index": 228383, "name": "Estadio Banorte", "timestamp": "2026-09-08T20:16:39.306810+00:00", "pm1_0": 22.4, "pm2_5": 29.3, "latitude": 25.654228, "longitude": -100.28651 }, "geometry": { "type": "Point", "coordinates": [ -100.28651, 25.654228 ] } },
{ "type": "Feature", "properties": { "sensor_index": 228381, "name": "C-MTY RAMPA CAFETERÍA", "timestamp": "2026-09-08T20:16:39.306810+00:00", "pm1_0": 17.0, "pm2_5": 21.5, "latitude": 25.628263, "longitude": -100.30376 }, "geometry": { "type": "Point", "coordinates": [ -100.30376, 25.628263 ] } },
{ "type": "Feature", "properties": { "sensor_index": 228389, "name": "PEGS-Sensor-Canchas", "timestamp": "2026-09-08T20:16:39.306810+00:00", "pm1_0": 22.3, "pm2_5": 29.4, "latitude": 25.670425, "longitude": -100.35683 }, "geometry": { "type": "Point", "coordinates": [ -100.35683, 25.670425 ] } },
{ "type": "Feature", "properties": { "sensor_index": 228407, "name": "CEDES", "timestamp": "2026-09-08T20:16:39.306810+00:00", "pm1_0": 22.3, "pm2_5": 28.3, "latitude": 25.653677, "longitude": -100.29242 }, "geometry": { "type": "Point", "coordinates": [ -100.29242, 25.653677 ] } },
{ "type": "Feature", "properties": { "sensor_index": 278863, "name": "Rio Balsas", "timestamp": "2026-09-08T20:34:32.052882+00:00", "pm1_0": 18.4, "pm2_5": 22.8, "latitude": 25.662691, "longitude": -100.37312 }, "geometry": { "type": "Point", "coordinates": [ -100.37312, 25.662691 ] } },
{ "type": "Feature", "properties": { "sensor_index": 278869, "name": "Veredalta", "timestamp": "2026-09-08T20:34:32.052882+00:00", "pm1_0": 17.6, "pm2_5": 21.5, "latitude": 25.638226, "longitude": -100.3525 }, "geometry": { "type": "Point", "coordinates": [ -100.3525, 25.638226 ] } },
{ "type": "Feature", "properties": { "sensor_index": 278871, "name": "Parroquia Reina de Los Ángeles", "timestamp": "2026-09-08T20:34:32.052882+00:00", "pm1_0": 13.3, "pm2_5": 21.0, "latitude": 25.636341, "longitude": -100.36872 }, "geometry": { "type": "Point", "coordinates": [ -100.36872, 25.636341 ] } },
{ "type": "Feature", "properties": { "sensor_index": 278875, "name": "Secretaría de Relaciones Exteriores", "timestamp": "2026-09-08T20:34:32.052882+00:00", "pm1_0": 21.4, "pm2_5": 28.8, "latitude": 25.667723, "longitude": -100.38136 }, "geometry": { "type": "Point", "coordinates": [ -100.38136, 25.667723 ] } },
{ "type": "Feature", "properties": { "sensor_index": 278883, "name": "Mater International Institute", "timestamp": "2026-09-08T20:34:32.052882+00:00", "pm1_0": 16.9, "pm2_5": 21.4, "latitude": 25.641127, "longitude": -100.362755 }, "geometry": { "type": "Point", "coordinates": [ -100.362755, 25.641127 ] } },
{ "type": "Feature", "properties": { "sensor_index": 278889, "name": "Chipinque Meseta", "timestamp": "2026-09-08T20:34:32.052882+00:00", "pm1_0": 12.0, "pm2_5": 16.1, "latitude": 25.607624, "longitude": -100.355156 }, "geometry": { "type": "Point", "coordinates": [ -100.355156, 25.607624 ] } },
{ "type": "Feature", "properties": { "sensor_index": 278901, "name": "OFICINAS SAN PEDRO PARQUES", "timestamp": "2026-09-08T20:34:32.052882+00:00", "pm1_0": 19.4, "pm2_5": 24.1, "latitude": 25.644024, "longitude": -100.376305 }, "geometry": { "type": "Point", "coordinates": [ -100.376305, 25.644024 ] } },
{ "type": "Feature", "properties": { "sensor_index": 278919, "name": "Residencia Tabachín", "timestamp": "2026-09-08T20:34:32.052882+00:00", "pm1_0": 12.5, "pm2_5": 15.8, "latitude": 25.630367, "longitude": -100.34808 }, "geometry": { "type": "Point", "coordinates": [ -100.34808, 25.630367 ] } },
{ "type": "Feature", "properties": { "sensor_index": 278929, "name": "Rio Caura", "timestamp": "2026-09-08T20:34:32.052882+00:00", "pm1_0": 20.5, "pm2_5": 28.1, "latitude": 25.659946, "longitude": -100.38283 }, "geometry": { "type": "Point", "coordinates": [ -100.38283, 25.659946 ] } },
{ "type": "Feature", "properties": { "sensor_index": 278931, "name": "Residencia Platon", "timestamp": "2026-09-08T20:34:32.052882+00:00", "pm1_0": 19.0, "pm2_5": 24.6, "latitude": 25.630522, "longitude": -100.36023 }, "geometry": { "type": "Point", "coordinates": [ -100.36023, 25.630522 ] } },
{ "type": "Feature", "properties": { "sensor_index": 278937, "name": "Residencia Saqqara", "timestamp": "2026-09-08T20:34:32.052882+00:00", "pm1_0": 18.7, "pm2_5": 24.7, "latitude": 25.652473, "longitude": -100.349236 }, "geometry": { "type": "Point", "coordinates": [ -100.349236, 25.652473 ] } },
{ "type": "Feature", "properties": { "sensor_index": 278939, "name": "Residencia Rio Rosas", "timestamp": "2026-09-08T20:34:32.052882+00:00", "pm1_0": 18.1, "pm2_5": 23.1, "latitude": 25.656303, "longitude": -100.36027 }, "geometry": { "type": "Point", "coordinates": [ -100.36027, 25.656303 ] } },
{ "type": "Feature", "properties": { "sensor_index": 278951, "name": "Parque El Capitán", "timestamp": "2026-09-08T20:34:32.052882+00:00", "pm1_0": 18.6, "pm2_5": 22.6, "latitude": 25.663504, "longitude": -100.35734 }, "geometry": { "type": "Point", "coordinates": [ -100.35734, 25.663504 ] } },
{ "type": "Feature", "properties": { "sensor_index": 278957, "name": "Los Pinos", "timestamp": "2026-09-08T20:34:32.052882+00:00", "pm1_0": 18.9, "pm2_5": 26.0, "latitude": 25.672205, "longitude": -100.397354 }, "geometry": { "type": "Point", "coordinates": [ -100.397354, 25.672205 ] } },
{ "type": "Feature", "properties": { "sensor_index": 278959, "name": "Colegio Nobel", "timestamp": "2026-09-08T20:34:32.052882+00:00", "pm1_0": 19.3, "pm2_5": 26.3, "latitude": 25.657562, "longitude": -100.39641 }, "geometry": { "type": "Point", "coordinates": [ -100.39641, 25.657562 ] } },
{ "type": "Feature", "properties": { "sensor_index": 278955, "name": "Residencia San Mateo", "timestamp": "2026-09-08T20:34:32.052882+00:00", "pm1_0": 13.9, "pm2_5": 16.2, "latitude": 25.643766, "longitude": -100.31643 }, "geometry": { "type": "Point", "coordinates": [ -100.31643, 25.643766 ] } },
{ "type": "Feature", "properties": { "sensor_index": 279836, "name": "San Roberto International School San Agustin", "timestamp": "2026-09-08T20:34:32.052882+00:00", "pm1_0": 16.1, "pm2_5": 19.8, "latitude": 25.646032, "longitude": -100.338165 }, "geometry": { "type": "Point", "coordinates": [ -100.338165, 25.646032 ] } },
{ "type": "Feature", "properties": { "sensor_index": 279834, "name": "Colegio Ingles Campus Encino", "timestamp": "2026-09-08T20:34:32.052882+00:00", "pm1_0": 23.3, "pm2_5": 31.1, "latitude": 25.637669, "longitude": -100.33746 }, "geometry": { "type": "Point", "coordinates": [ -100.33746, 25.637669 ] } },
{ "type": "Feature", "properties": { "sensor_index": 279854, "name": "Pinos", "timestamp": "2026-09-08T20:34:32.052882+00:00", "pm1_0": 17.2, "pm2_5": 20.0, "latitude": 25.65975, "longitude": -100.349976 }, "geometry": { "type": "Point", "coordinates": [ -100.349976, 25.65975 ] } },
{ "type": "Feature", "properties": { "sensor_index": 279866, "name": "Lomas del Campestre", "timestamp": "2026-09-08T20:34:32.052882+00:00", "pm1_0": 16.4, "pm2_5": 19.9, "latitude": 25.638052, "longitude": -100.33173 }, "geometry": { "type": "Point", "coordinates": [ -100.33173, 25.638052 ] } },
{ "type": "Feature", "properties": { "sensor_index": 279890, "name": "María Desatadora de Nudos", "timestamp": "2026-09-08T20:34:32.052882+00:00", "pm1_0": 15.6, "pm2_5": 19.2, "latitude": 25.624146, "longitude": -100.37315 }, "geometry": { "type": "Point", "coordinates": [ -100.37315, 25.624146 ] } },
{ "type": "Feature", "properties": { "sensor_index": 279926, "name": "Parque Mississippi", "timestamp": "2026-09-08T20:34:32.052882+00:00", "pm1_0": 18.4, "pm2_5": 22.4, "latitude": 25.657495, "longitude": -100.36317 }, "geometry": { "type": "Point", "coordinates": [ -100.36317, 25.657495 ] } },
{ "type": "Feature", "properties": { "sensor_index": 280524, "name": "Privada Paso de la Sierra", "timestamp": "2026-09-08T20:34:32.052882+00:00", "pm1_0": 18.5, "pm2_5": 22.7, "latitude": 25.648457, "longitude": -100.36256 }, "geometry": { "type": "Point", "coordinates": [ -100.36256, 25.648457 ] } },
{ "type": "Feature", "properties": { "sensor_index": 280520, "name": "Irish International School Campus First School", "timestamp": "2026-09-08T20:34:32.052882+00:00", "pm1_0": 16.5, "pm2_5": 19.0, "latitude": 25.639212, "longitude": -100.34154 }, "geometry": { "type": "Point", "coordinates": [ -100.34154, 25.639212 ] } },
{ "type": "Feature", "properties": { "sensor_index": 280532, "name": "Museo La Milarca", "timestamp": "2026-09-08T20:34:32.052882+00:00", "pm1_0": 16.1, "pm2_5": 19.3, "latitude": 25.64443, "longitude": -100.32734 }, "geometry": { "type": "Point", "coordinates": [ -100.32734, 25.64443 ] } },
{ "type": "Feature", "properties": { "sensor_index": 280534, "name": "Residencia Savotino", "timestamp": "2026-09-08T20:34:32.052882+00:00", "pm1_0": 19.3, "pm2_5": 24.8, "latitude": 25.662497, "longitude": -100.36313 }, "geometry": { "type": "Point", "coordinates": [ -100.36313, 25.662497 ] } },
{ "type": "Feature", "properties": { "sensor_index": 280644, "name": "Residencia nogal", "timestamp": "2026-09-08T20:34:32.052882+00:00", "pm1_0": 13.5, "pm2_5": 18.2, "latitude": 25.61478, "longitude": -100.368286 }, "geometry": { "type": "Point", "coordinates": [ -100.368286, 25.61478 ] } },
{ "type": "Feature", "properties": { "sensor_index": 280900, "name": "Rio Necaxa", "timestamp": "2026-09-08T20:34:32.052882+00:00", "pm1_0": 19.3, "pm2_5": 24.9, "latitude": 25.65677, "longitude": -100.344666 }, "geometry": { "type": "Point", "coordinates": [ -100.344666, 25.65677 ] } },
{ "type": "Feature", "properties": { "sensor_index": 280902, "name": "Residencia Rio Pesqueria", "timestamp": "2026-09-08T20:34:32.052882+00:00", "pm1_0": 19.4, "pm2_5": 24.7, "latitude": 25.658936, "longitude": -100.37394 }, "geometry": { "type": "Point", "coordinates": [ -100.37394, 25.658936 ] } },
{ "type": "Feature", "properties": { "sensor_index": 284960, "name": "Esquina Barranquilla y Patagonia (Altavista)", "timestamp": "2026-09-08T20:34:32.052882+00:00", "pm1_0": 21.6, "pm2_5": 27.6, "latitude": 25.644045, "longitude": -100.29044 }, "geometry": { "type": "Point", "coordinates": [ -100.29044, 25.644045 ] } },
{ "type": "Feature", "properties": { "sensor_index": 286238, "name": "Oasis", "timestamp": "2026-09-08T20:34:32.052882+00:00", "pm1_0": 16.1, "pm2_5": 18.1, "latitude": 25.640884, "longitude": -100.30304 }, "geometry": { "type": "Point", "coordinates": [ -100.30304, 25.640884 ] } },
{ "type": "Feature", "properties": { "sensor_index": 286240, "name": "Casa Naranjos", "timestamp": "2026-09-08T20:34:32.052882+00:00", "pm1_0": 20.7, "pm2_5": 25.8, "latitude": 25.654285, "longitude": -100.28977 }, "geometry": { "type": "Point", "coordinates": [ -100.28977, 25.654285 ] } },
{ "type": "Feature", "properties": { "sensor_index": 288064, "name": "Terminal", "timestamp": "2026-09-08T20:34:32.052882+00:00", "pm1_0": 20.5, "pm2_5": 25.0, "latitude": 25.686438, "longitude": -100.29351 }, "geometry": { "type": "Point", "coordinates": [ -100.29351, 25.686438 ] } },
{ "type": "Feature", "properties": { "sensor_index": 288066, "name": "Hospital de San Vicente", "timestamp": "2026-09-08T20:34:32.052882+00:00", "pm1_0": 22.7, "pm2_5": 28.8, "latitude": 25.67851, "longitude": -100.324974 }, "geometry": { "type": "Point", "coordinates": [ -100.324974, 25.67851 ] } },
{ "type": "Feature", "properties": { "sensor_index": 288332, "name": "Facultad de Salud Pública y Nutrición", "timestamp": "2026-09-08T20:34:32.052882+00:00", "pm1_0": 22.0, "pm2_5": 28.8, "latitude": 25.688875, "longitude": -100.34783 }, "geometry": { "type": "Point", "coordinates": [ -100.34783, 25.688875 ] } },
{ "type": "Feature", "properties": { "sensor_index": 292893, "name": "TEC-AMM-RB-005", "timestamp": "2026-09-08T20:34:32.052882+00:00", "pm1_0": 21.1, "pm2_5": 27.5, "latitude": 25.658117, "longitude": -100.26312 }, "geometry": { "type": "Point", "coordinates": [ -100.26312, 25.658117 ] } },
{ "type": "Feature", "properties": { "sensor_index": 292895, "name": "TEC-AMM-RD-004", "timestamp": "2026-09-08T20:34:32.052882+00:00", "pm1_0": 21.7, "pm2_5": 28.2, "latitude": 25.774128, "longitude": -100.26622 }, "geometry": { "type": "Point", "coordinates": [ -100.26622, 25.774128 ] } },
{ "type": "Feature", "properties": { "sensor_index": 292889, "name": "TEC-AMM-RB-003", "timestamp": "2026-09-08T20:34:32.052882+00:00", "pm1_0": 17.9, "pm2_5": 21.9, "latitude": 25.654068, "longitude": -100.22748 }, "geometry": { "type": "Point", "coordinates": [ -100.22748, 25.654068 ] } },
{ "type": "Feature", "properties": { "sensor_index": 292891, "name": "TEC-AMM-RC-004", "timestamp": "2026-09-08T20:34:32.052882+00:00", "pm1_0": 16.3, "pm2_5": 18.3, "latitude": 25.639277, "longitude": -100.17398 }, "geometry": { "type": "Point", "coordinates": [ -100.17398, 25.639277 ] } },
{ "type": "Feature", "properties": { "sensor_index": 292901, "name": "TEC-AMM-RF-004", "timestamp": "2026-09-08T20:34:32.052882+00:00", "pm1_0": 21.9, "pm2_5": 27.1, "latitude": 25.738094, "longitude": -100.30651 }, "geometry": { "type": "Point", "coordinates": [ -100.30651, 25.738094 ] } },
{ "type": "Feature", "properties": { "sensor_index": 292901, "name": "TEC-AMM-RF-004", "timestamp": "2026-09-08T20:34:32.052882+00:00", "pm1_0": 21.9, "pm2_5": 27.1, "latitude": 25.73373, "longitude": -100.31656 }, "geometry": { "type": "Point", "coordinates": [ -100.31656, 25.73373 ] } },
{ "type": "Feature", "properties": { "sensor_index": 292897, "name": "TEC-AMM-RF-005", "timestamp": "2026-09-08T20:34:32.052882+00:00", "pm1_0": 25.3, "pm2_5": 33.1, "latitude": 25.770947, "longitude": -100.36825 }, "geometry": { "type": "Point", "coordinates": [ -100.36825, 25.770947 ] } },
{ "type": "Feature", "properties": { "sensor_index": 292905, "name": "TEC-AMM-RC-006", "timestamp": "2026-09-08T20:34:32.052882+00:00", "pm1_0": 17.0, "pm2_5": 19.9, "latitude": 25.608519, "longitude": -100.1551 }, "geometry": { "type": "Point", "coordinates": [ -100.1551, 25.608519 ] } },
{ "type": "Feature", "properties": { "sensor_index": 292941, "name": "TEC-AMM-RD-005", "timestamp": "2026-09-08T20:34:32.052882+00:00", "pm1_0": 8.8, "pm2_5": 11.6, "latitude": 25.760899, "longitude": -100.16765 }, "geometry": { "type": "Point", "coordinates": [ -100.16765, 25.760899 ] } },
{ "type": "Feature", "properties": { "sensor_index": 292943, "name": "TEC-AMM-RC-005", "timestamp": "2026-09-08T20:34:32.052882+00:00", "pm1_0": 18.3, "pm2_5": 21.9, "latitude": 25.646128, "longitude": -100.14929 }, "geometry": { "type": "Point", "coordinates": [ -100.14929, 25.646128 ] } },
{ "type": "Feature", "properties": { "sensor_index": 292939, "name": "TEC-AMM-RA-001", "timestamp": "2026-09-08T20:34:32.052882+00:00", "pm1_0": 21.7, "pm2_5": 28.9, "latitude": 25.658657, "longitude": -100.399 }, "geometry": { "type": "Point", "coordinates": [ -100.399, 25.658657 ] } },
{ "type": "Feature", "properties": { "sensor_index": 292949, "name": "TEC-AMM-RA-003", "timestamp": "2026-09-08T20:34:32.052882+00:00", "pm1_0": 17.3, "pm2_5": 21.3, "latitude": 25.661757, "longitude": -100.36972 }, "geometry": { "type": "Point", "coordinates": [ -100.36972, 25.661757 ] } },
{ "type": "Feature", "properties": { "sensor_index": 292951, "name": "TEC-AMM-RB-004", "timestamp": "2026-09-08T20:34:32.052882+00:00", "pm1_0": 19.8, "pm2_5": 25.8, "latitude": 25.66194, "longitude": -100.3313 }, "geometry": { "type": "Point", "coordinates": [ -100.3313, 25.66194 ] } },
{ "type": "Feature", "properties": { "sensor_index": 292947, "name": "TEC-AMM-RA-004", "timestamp": "2026-09-08T20:34:32.052882+00:00", "pm1_0": 21.5, "pm2_5": 27.0, "latitude": 25.684696, "longitude": -100.36298 }, "geometry": { "type": "Point", "coordinates": [ -100.36298, 25.684696 ] } },
{ "type": "Feature", "properties": { "sensor_index": 292957, "name": "TEC-AMM-RC-008", "timestamp": "2026-09-08T20:34:32.052882+00:00", "pm1_0": 22.2, "pm2_5": 29.7, "latitude": 25.731503, "longitude": -100.13724 }, "geometry": { "type": "Point", "coordinates": [ -100.13724, 25.731503 ] } },
{ "type": "Feature", "properties": { "sensor_index": 292973, "name": "TEC-AMM-RC-003", "timestamp": "2026-09-08T20:34:32.052882+00:00", "pm1_0": 16.8, "pm2_5": 20.5, "latitude": 25.684975, "longitude": -100.17443 }, "geometry": { "type": "Point", "coordinates": [ -100.17443, 25.684975 ] } },
{ "type": "Feature", "properties": { "sensor_index": 292983, "name": "TEC-AMM-RC-007", "timestamp": "2026-09-08T20:34:32.052882+00:00", "pm1_0": 17.7, "pm2_5": 24.9, "latitude": 25.650148, "longitude": -100.11657 }, "geometry": { "type": "Point", "coordinates": [ -100.11657, 25.650148 ] } },
{ "type": "Feature", "properties": { "sensor_index": 292997, "name": "TEC-AMM-RF-004", "timestamp": "2026-09-08T20:34:32.052882+00:00", "pm1_0": 23.5, "pm2_5": 31.3, "latitude": 25.738094, "longitude": -100.30651 }, "geometry": { "type": "Point", "coordinates": [ -100.30651, 25.738094 ] } },
{ "type": "Feature", "properties": { "sensor_index": 292997, "name": "TEC-AMM-RF-004", "timestamp": "2026-09-08T20:34:32.052882+00:00", "pm1_0": 23.5, "pm2_5": 31.3, "latitude": 25.73373, "longitude": -100.31656 }, "geometry": { "type": "Point", "coordinates": [ -100.31656, 25.73373 ] } },
{ "type": "Feature", "properties": { "sensor_index": 292999, "name": "TEC-AMM-RE-002", "timestamp": "2026-09-08T20:34:32.052882+00:00", "pm1_0": 23.0, "pm2_5": 29.9, "latitude": 25.772509, "longitude": -100.31119 }, "geometry": { "type": "Point", "coordinates": [ -100.31119, 25.772509 ] } },
{ "type": "Feature", "properties": { "sensor_index": 293001, "name": "TEC-AMM-RF-006", "timestamp": "2026-09-08T20:34:32.052882+00:00", "pm1_0": 24.3, "pm2_5": 32.7, "latitude": 25.71829, "longitude": -100.37077 }, "geometry": { "type": "Point", "coordinates": [ -100.37077, 25.71829 ] } },
{ "type": "Feature", "properties": { "sensor_index": 293003, "name": "TEC-AMM-RB-006", "timestamp": "2026-09-08T20:34:32.052882+00:00", "pm1_0": 21.9, "pm2_5": 28.9, "latitude": 25.676483, "longitude": -100.29272 }, "geometry": { "type": "Point", "coordinates": [ -100.29272, 25.676483 ] } },
{ "type": "Feature", "properties": { "sensor_index": 293469, "name": "Leon Ortigosa ABP", "timestamp": "2026-09-08T20:34:32.052882+00:00", "pm1_0": 19.7, "pm2_5": 26.4, "latitude": 25.67212, "longitude": -100.33521 }, "geometry": { "type": "Point", "coordinates": [ -100.33521, 25.67212 ] } },
{ "type": "Feature", "properties": { "sensor_index": 293465, "name": "Loma Larga", "timestamp": "2026-09-08T20:34:32.052882+00:00", "pm1_0": 18.8, "pm2_5": 24.2, "latitude": 25.665812, "longitude": -100.34373 }, "geometry": { "type": "Point", "coordinates": [ -100.34373, 25.665812 ] } },
{ "type": "Feature", "properties": { "sensor_index": 293467, "name": "UMF37", "timestamp": "2026-09-08T20:34:32.052882+00:00", "pm1_0": 21.0, "pm2_5": 28.3, "latitude": 25.687622, "longitude": -100.342964 }, "geometry": { "type": "Point", "coordinates": [ -100.342964, 25.687622 ] } },
{ "type": "Feature", "properties": { "sensor_index": 33027, "name": "Lagos del Bosque", "timestamp": "2026-09-08T20:34:32.052882+00:00", "pm1_0": 10.2, "pm2_5": 14.3, "latitude": 25.600061, "longitude": -100.26256 }, "geometry": { "type": "Point", "coordinates": [ -100.26256, 25.600061 ] } },
{ "type": "Feature", "properties": { "sensor_index": 33117, "name": "Liceo de Monterrey", "timestamp": "2026-09-08T20:34:32.052882+00:00", "pm1_0": 20.9, "pm2_5": 30.6, "latitude": 25.650322, "longitude": -100.32849 }, "geometry": { "type": "Point", "coordinates": [ -100.32849, 25.650322 ] } },
{ "type": "Feature", "properties": { "sensor_index": 34441, "name": "Callejon de los Ayala", "timestamp": "2026-09-08T20:34:32.052882+00:00", "pm1_0": 5.7, "pm2_5": 9.6, "latitude": 25.6665, "longitude": -100.3976 }, "geometry": { "type": "Point", "coordinates": [ -100.3976, 25.6665 ] } },
{ "type": "Feature", "properties": { "sensor_index": 34499, "name": "San Patricio #106", "timestamp": "2026-09-08T20:34:32.052882+00:00", "pm1_0": 1.7, "pm2_5": 2.1, "latitude": 25.641743, "longitude": -100.3472 }, "geometry": { "type": "Point", "coordinates": [ -100.3472, 25.641743 ] } },
{ "type": "Feature", "properties": { "sensor_index": 34511, "name": "Rosario", "timestamp": "2026-09-08T20:34:32.052882+00:00", "pm1_0": 12.2, "pm2_5": 18.8, "latitude": 25.640432, "longitude": -100.392265 }, "geometry": { "type": "Point", "coordinates": [ -100.392265, 25.640432 ] } },
{ "type": "Feature", "properties": { "sensor_index": 38663, "name": "Rayon Norte", "timestamp": "2026-09-08T20:34:32.052882+00:00", "pm1_0": 14.2, "pm2_5": 19.1, "latitude": 25.678823, "longitude": -100.319695 }, "geometry": { "type": "Point", "coordinates": [ -100.319695, 25.678823 ] } },
{ "type": "Feature", "properties": { "sensor_index": 42211, "name": "RF", "timestamp": "2026-09-08T20:34:32.052882+00:00", "pm1_0": 16.4, "pm2_5": 23.6, "latitude": 25.61638, "longitude": -100.316124 }, "geometry": { "type": "Point", "coordinates": [ -100.316124, 25.61638 ] } },
{ "type": "Feature", "properties": { "sensor_index": 305140, "name": "Bicla", "timestamp": "2026-09-08T20:34:32.052882+00:00", "pm1_0": 21.5, "pm2_5": 29.0, "latitude": 25.700935, "longitude": -100.33541 }, "geometry": { "type": "Point", "coordinates": [ -100.33541, 25.700935 ] } },
{ "type": "Feature", "properties": { "sensor_index": 305164, "name": "NuevaMaderoDave", "timestamp": "2026-09-08T20:34:32.052882+00:00", "pm1_0": 18.4, "pm2_5": 23.1, "latitude": 25.688787, "longitude": -100.27929 }, "geometry": { "type": "Point", "coordinates": [ -100.27929, 25.688787 ] } },
{ "type": "Feature", "properties": { "sensor_index": 305192, "name": "11a avenida cumbres 1 sector", "timestamp": "2026-09-08T20:34:32.052882+00:00", "pm1_0": 21.4, "pm2_5": 28.0, "latitude": 25.69958, "longitude": -100.35898 }, "geometry": { "type": "Point", "coordinates": [ -100.35898, 25.69958 ] } },
{ "type": "Feature", "properties": { "sensor_index": 305232, "name": "PurpleAir Ancira Mty", "timestamp": "2026-09-08T20:34:32.052882+00:00", "pm1_0": 22.7, "pm2_5": 29.9, "latitude": 25.651157, "longitude": -100.3062 }, "geometry": { "type": "Point", "coordinates": [ -100.3062, 25.651157 ] } },
{ "type": "Feature", "properties": { "sensor_index": 43627, "name": "Liceo de Monterrey Rosemont", "timestamp": "2026-09-08T20:34:32.052882+00:00", "pm1_0": 18.0, "pm2_5": 20.7, "latitude": 25.67425, "longitude": -100.35398 }, "geometry": { "type": "Point", "coordinates": [ -100.35398, 25.67425 ] } },
{ "type": "Feature", "properties": { "sensor_index": 45769, "name": "Huascaran", "timestamp": "2026-09-08T20:34:32.052882+00:00", "pm1_0": 12.0, "pm2_5": 16.5, "latitude": 25.637255, "longitude": -100.399216 }, "geometry": { "type": "Point", "coordinates": [ -100.399216, 25.637255 ] } },
{ "type": "Feature", "properties": { "sensor_index": 308956, "name": "Jardín de las carreras", "timestamp": "2026-09-08T20:34:32.052882+00:00", "pm1_0": 20.7, "pm2_5": 28.0, "latitude": 25.650595, "longitude": -100.289 }, "geometry": { "type": "Point", "coordinates": [ -100.289, 25.650595 ] } },
{ "type": "Feature", "properties": { "sensor_index": 49949, "name": "El Horizonte", "timestamp": "2026-09-08T20:34:32.052882+00:00", "pm1_0": 17.2, "pm2_5": 25.7, "latitude": 25.677492, "longitude": -100.29761 }, "geometry": { "type": "Point", "coordinates": [ -100.29761, 25.677492 ] } },
{ "type": "Feature", "properties": { "sensor_index": 50555, "name": "Treviño", "timestamp": "2026-09-08T20:34:32.052882+00:00", "pm1_0": 0.0, "pm2_5": 0.0, "latitude": 25.638243, "longitude": -100.36743 }, "geometry": { "type": "Point", "coordinates": [ -100.36743, 25.638243 ] } },
{ "type": "Feature", "properties": { "sensor_index": 50871, "name": "TEC Garza Laguera", "timestamp": "2026-09-08T20:34:32.052882+00:00", "pm1_0": 11.8, "pm2_5": 17.2, "latitude": 25.61827, "longitude": -100.27293 }, "geometry": { "type": "Point", "coordinates": [ -100.27293, 25.61827 ] } },
{ "type": "Feature", "properties": { "sensor_index": 321194, "name": "Ramsesgs", "timestamp": "2026-09-08T20:34:32.052882+00:00", "pm1_0": 23.3, "pm2_5": 31.6, "latitude": 25.61975, "longitude": -100.29781 }, "geometry": { "type": "Point", "coordinates": [ -100.29781, 25.61975 ] } },
{ "type": "Feature", "properties": { "sensor_index": 119937, "name": "Grupo Reforma Cumbres", "timestamp": "2026-09-08T20:34:32.052882+00:00", "pm1_0": 11.0, "pm2_5": 19.6, "latitude": 25.71012, "longitude": -100.37474 }, "geometry": { "type": "Point", "coordinates": [ -100.37474, 25.71012 ] } },
{ "type": "Feature", "properties": { "sensor_index": 119965, "name": "Grupo Reforma El Norte", "timestamp": "2026-09-08T20:34:32.052882+00:00", "pm1_0": 16.9, "pm2_5": 23.4, "latitude": 25.674164, "longitude": -100.30816 }, "geometry": { "type": "Point", "coordinates": [ -100.30816, 25.674164 ] } },
{ "type": "Feature", "properties": { "sensor_index": 121825, "name": "Grupo Reforma Sierra Madre", "timestamp": "2026-09-08T20:34:32.052882+00:00", "pm1_0": 3063.6, "pm2_5": 3063.6, "latitude": 25.663378, "longitude": -100.36808 }, "geometry": { "type": "Point", "coordinates": [ -100.36808, 25.663378 ] } },
{ "type": "Feature", "properties": { "sensor_index": 136522, "name": "Bosques de La Pastora", "timestamp": "2026-09-08T20:34:32.052882+00:00", "pm1_0": 5.8, "pm2_5": 12.3, "latitude": 25.65773, "longitude": -100.251625 }, "geometry": { "type": "Point", "coordinates": [ -100.251625, 25.65773 ] } },
{ "type": "Feature", "properties": { "sensor_index": 147010, "name": "Santa Barbara", "timestamp": "2026-09-08T20:34:32.052882+00:00", "pm1_0": 18.5, "pm2_5": 24.7, "latitude": 25.661701, "longitude": -100.38932 }, "geometry": { "type": "Point", "coordinates": [ -100.38932, 25.661701 ] } },
{ "type": "Feature", "properties": { "sensor_index": 174781, "name": "Colegio Cambridge de Monterrey Campus Mitras", "timestamp": "2026-09-08T20:34:32.052882+00:00", "pm1_0": 19.0, "pm2_5": 23.4, "latitude": 25.696613, "longitude": -100.348114 }, "geometry": { "type": "Point", "coordinates": [ -100.348114, 25.696613 ] } },
{ "type": "Feature", "properties": { "sensor_index": 174787, "name": "Colegio Cambridge de Monterrey Campus Norte", "timestamp": "2026-09-08T20:34:32.052882+00:00", "pm1_0": 20.5, "pm2_5": 23.4, "latitude": 25.779613, "longitude": -100.28022 }, "geometry": { "type": "Point", "coordinates": [ -100.28022, 25.779613 ] } },
{ "type": "Feature", "properties": { "sensor_index": 189431, "name": "BEA", "timestamp": "2026-09-08T20:34:32.052882+00:00", "pm1_0": 16.8, "pm2_5": 23.7, "latitude": 25.65725, "longitude": -100.35996 }, "geometry": { "type": "Point", "coordinates": [ -100.35996, 25.65725 ] } },
{ "type": "Feature", "properties": { "sensor_index": 189435, "name": "Olinalá", "timestamp": "2026-09-08T20:34:32.052882+00:00", "pm1_0": 13.6, "pm2_5": 19.4, "latitude": 25.618986, "longitude": -100.37645 }, "geometry": { "type": "Point", "coordinates": [ -100.37645, 25.618986 ] } },
{ "type": "Feature", "properties": { "sensor_index": 189447, "name": "Río Amazonas NO", "timestamp": "2026-09-08T20:34:32.052882+00:00", "pm1_0": 20.5, "pm2_5": 28.8, "latitude": 25.662104, "longitude": -100.37172 }, "geometry": { "type": "Point", "coordinates": [ -100.37172, 25.662104 ] } },
{ "type": "Feature", "properties": { "sensor_index": 189455, "name": "CHIPINQUE CAV", "timestamp": "2026-09-08T20:34:32.052882+00:00", "pm1_0": 10.7, "pm2_5": 16.5, "latitude": 25.618307, "longitude": -100.359955 }, "geometry": { "type": "Point", "coordinates": [ -100.359955, 25.618307 ] } },
{ "type": "Feature", "properties": { "sensor_index": 189469, "name": "Hospital Zambran Hellion TecSalud", "timestamp": "2026-09-08T20:34:32.052882+00:00", "pm1_0": 17.2, "pm2_5": 25.6, "latitude": 25.64684, "longitude": -100.33364 }, "geometry": { "type": "Point", "coordinates": [ -100.33364, 25.64684 ] } },
{ "type": "Feature", "properties": { "sensor_index": 208785, "name": "Colegio Cambridge de Monterrey Campus Anáhuac", "timestamp": "2026-09-08T20:34:32.052882+00:00", "pm1_0": 20.7, "pm2_5": 27.2, "latitude": 25.77144, "longitude": -100.26785 }, "geometry": { "type": "Point", "coordinates": [ -100.26785, 25.77144 ] } },
{ "type": "Feature", "properties": { "sensor_index": 209147, "name": "Rincon de San Jeronimo", "timestamp": "2026-09-08T20:34:32.052882+00:00", "pm1_0": 21.1, "pm2_5": 31.1, "latitude": 25.691032, "longitude": -100.375786 }, "geometry": { "type": "Point", "coordinates": [ -100.375786, 25.691032 ] } },
{ "type": "Feature", "properties": { "sensor_index": 227879, "name": "Rectoria", "timestamp": "2026-09-08T20:34:32.052882+00:00", "pm1_0": 18.7, "pm2_5": 23.6, "latitude": 25.651268, "longitude": -100.291214 }, "geometry": { "type": "Point", "coordinates": [ -100.291214, 25.651268 ] } },
{ "type": "Feature", "properties": { "sensor_index": 227887, "name": "Sensor_Purple_Air-Explanada_EGP-Entrada_Prin", "timestamp": "2026-09-08T20:34:32.052882+00:00", "pm1_0": 13.7, "pm2_5": 16.9, "latitude": 25.64419, "longitude": -100.3255 }, "geometry": { "type": "Point", "coordinates": [ -100.3255, 25.64419 ] } },
{ "type": "Feature", "properties": { "sensor_index": 227889, "name": "Parque central", "timestamp": "2026-09-08T20:34:32.052882+00:00", "pm1_0": 18.3, "pm2_5": 22.1, "latitude": 25.652395, "longitude": -100.28713 }, "geometry": { "type": "Point", "coordinates": [ -100.28713, 25.652395 ] } },
{ "type": "Feature", "properties": { "sensor_index": 227907, "name": "Estacionamiento Alumnos", "timestamp": "2026-09-08T20:34:32.052882+00:00", "pm1_0": 19.2, "pm2_5": 25.6, "latitude": 25.744081, "longitude": -100.28277 }, "geometry": { "type": "Point", "coordinates": [ -100.28277, 25.744081 ] } },
{ "type": "Feature", "properties": { "sensor_index": 227913, "name": "EGADE-Sombrillas", "timestamp": "2026-09-08T20:34:32.052882+00:00", "pm1_0": 19.3, "pm2_5": 24.7, "latitude": 25.643106, "longitude": -100.32573 }, "geometry": { "type": "Point", "coordinates": [ -100.32573, 25.643106 ] } },
{ "type": "Feature", "properties": { "sensor_index": 228003, "name": "EGL-Jardín Robótica", "timestamp": "2026-09-08T20:34:32.052882+00:00", "pm1_0": 20.3, "pm2_5": 26.2, "latitude": 25.61803, "longitude": -100.27554 }, "geometry": { "type": "Point", "coordinates": [ -100.27554, 25.61803 ] } },
{ "type": "Feature", "properties": { "sensor_index": 228001, "name": "C-MTY Explanada 2", "timestamp": "2026-09-08T20:34:32.052882+00:00", "pm1_0": 22.0, "pm2_5": 29.1, "latitude": 25.656332, "longitude": -100.20696 }, "geometry": { "type": "Point", "coordinates": [ -100.20696, 25.656332 ] } },
{ "type": "Feature", "properties": { "sensor_index": 228383, "name": "Estadio Banorte", "timestamp": "2026-09-08T20:34:32.052882+00:00", "pm1_0": 22.7, "pm2_5": 29.9, "latitude": 25.654228, "longitude": -100.28651 }, "geometry": { "type": "Point", "coordinates": [ -100.28651, 25.654228 ] } },
{ "type": "Feature", "properties": { "sensor_index": 228381, "name": "C-MTY RAMPA CAFETERÍA", "timestamp": "2026-09-08T20:34:32.052882+00:00", "pm1_0": 22.5, "pm2_5": 30.5, "latitude": 25.628263, "longitude": -100.30376 }, "geometry": { "type": "Point", "coordinates": [ -100.30376, 25.628263 ] } },
{ "type": "Feature", "properties": { "sensor_index": 228389, "name": "PEGS-Sensor-Canchas", "timestamp": "2026-09-08T20:34:32.052882+00:00", "pm1_0": 19.5, "pm2_5": 23.5, "latitude": 25.670425, "longitude": -100.35683 }, "geometry": { "type": "Point", "coordinates": [ -100.35683, 25.670425 ] } },
{ "type": "Feature", "properties": { "sensor_index": 228407, "name": "CEDES", "timestamp": "2026-09-08T20:34:32.052882+00:00", "pm1_0": 20.0, "pm2_5": 23.8, "latitude": 25.653677, "longitude": -100.29242 }, "geometry": { "type": "Point", "coordinates": [ -100.29242, 25.653677 ] } },
{ "type": "Feature", "properties": { "sensor_index": 278863, "name": "Rio Balsas", "timestamp": "2026-09-08T20:51:40.730264+00:00", "pm1_0": 16.0, "pm2_5": 19.2, "latitude": 25.662691, "longitude": -100.37312 }, "geometry": { "type": "Point", "coordinates": [ -100.37312, 25.662691 ] } },
{ "type": "Feature", "properties": { "sensor_index": 278869, "name": "Veredalta", "timestamp": "2026-09-08T20:51:40.730264+00:00", "pm1_0": 19.2, "pm2_5": 24.8, "latitude": 25.638226, "longitude": -100.3525 }, "geometry": { "type": "Point", "coordinates": [ -100.3525, 25.638226 ] } },
{ "type": "Feature", "properties": { "sensor_index": 278871, "name": "Parroquia Reina de Los Ángeles", "timestamp": "2026-09-08T20:51:40.730264+00:00", "pm1_0": 13.3, "pm2_5": 21.0, "latitude": 25.636341, "longitude": -100.36872 }, "geometry": { "type": "Point", "coordinates": [ -100.36872, 25.636341 ] } },
{ "type": "Feature", "properties": { "sensor_index": 278875, "name": "Secretaría de Relaciones Exteriores", "timestamp": "2026-09-08T20:51:40.730264+00:00", "pm1_0": 17.2, "pm2_5": 21.9, "latitude": 25.667723, "longitude": -100.38136 }, "geometry": { "type": "Point", "coordinates": [ -100.38136, 25.667723 ] } },
{ "type": "Feature", "properties": { "sensor_index": 278883, "name": "Mater International Institute", "timestamp": "2026-09-08T20:51:40.730264+00:00", "pm1_0": 17.2, "pm2_5": 20.8, "latitude": 25.641127, "longitude": -100.362755 }, "geometry": { "type": "Point", "coordinates": [ -100.362755, 25.641127 ] } },
{ "type": "Feature", "properties": { "sensor_index": 278889, "name": "Chipinque Meseta", "timestamp": "2026-09-08T20:51:40.730264+00:00", "pm1_0": 21.5, "pm2_5": 31.2, "latitude": 25.607624, "longitude": -100.355156 }, "geometry": { "type": "Point", "coordinates": [ -100.355156, 25.607624 ] } },
{ "type": "Feature", "properties": { "sensor_index": 278901, "name": "OFICINAS SAN PEDRO PARQUES", "timestamp": "2026-09-08T20:51:40.730264+00:00", "pm1_0": 16.7, "pm2_5": 19.6, "latitude": 25.644024, "longitude": -100.376305 }, "geometry": { "type": "Point", "coordinates": [ -100.376305, 25.644024 ] } },
{ "type": "Feature", "properties": { "sensor_index": 278919, "name": "Residencia Tabachín", "timestamp": "2026-09-08T20:51:40.730264+00:00", "pm1_0": 18.6, "pm2_5": 25.8, "latitude": 25.630367, "longitude": -100.34808 }, "geometry": { "type": "Point", "coordinates": [ -100.34808, 25.630367 ] } },
{ "type": "Feature", "properties": { "sensor_index": 278929, "name": "Rio Caura", "timestamp": "2026-09-08T20:51:40.730264+00:00", "pm1_0": 17.8, "pm2_5": 22.2, "latitude": 25.659946, "longitude": -100.38283 }, "geometry": { "type": "Point", "coordinates": [ -100.38283, 25.659946 ] } },
{ "type": "Feature", "properties": { "sensor_index": 278931, "name": "Residencia Platon", "timestamp": "2026-09-08T20:51:40.730264+00:00", "pm1_0": 17.0, "pm2_5": 21.8, "latitude": 25.630522, "longitude": -100.36023 }, "geometry": { "type": "Point", "coordinates": [ -100.36023, 25.630522 ] } },
{ "type": "Feature", "properties": { "sensor_index": 278937, "name": "Residencia Saqqara", "timestamp": "2026-09-08T20:51:40.730264+00:00", "pm1_0": 19.0, "pm2_5": 25.2, "latitude": 25.652473, "longitude": -100.349236 }, "geometry": { "type": "Point", "coordinates": [ -100.349236, 25.652473 ] } },
{ "type": "Feature", "properties": { "sensor_index": 278939, "name": "Residencia Rio Rosas", "timestamp": "2026-09-08T20:51:40.730264+00:00", "pm1_0": 17.3, "pm2_5": 22.6, "latitude": 25.656303, "longitude": -100.36027 }, "geometry": { "type": "Point", "coordinates": [ -100.36027, 25.656303 ] } },
{ "type": "Feature", "properties": { "sensor_index": 278951, "name": "Parque El Capitán", "timestamp": "2026-09-08T20:51:40.730264+00:00", "pm1_0": 18.3, "pm2_5": 22.1, "latitude": 25.663504, "longitude": -100.35734 }, "geometry": { "type": "Point", "coordinates": [ -100.35734, 25.663504 ] } },
{ "type": "Feature", "properties": { "sensor_index": 278957, "name": "Los Pinos", "timestamp": "2026-09-08T20:51:40.730264+00:00", "pm1_0": 17.9, "pm2_5": 24.9, "latitude": 25.672205, "longitude": -100.397354 }, "geometry": { "type": "Point", "coordinates": [ -100.397354, 25.672205 ] } },
{ "type": "Feature", "properties": { "sensor_index": 278959, "name": "Colegio Nobel", "timestamp": "2026-09-08T20:51:40.730264+00:00", "pm1_0": 16.4, "pm2_5": 19.5, "latitude": 25.657562, "longitude": -100.39641 }, "geometry": { "type": "Point", "coordinates": [ -100.39641, 25.657562 ] } },
{ "type": "Feature", "properties": { "sensor_index": 278955, "name": "Residencia San Mateo", "timestamp": "2026-09-08T20:51:40.730264+00:00", "pm1_0": 17.1, "pm2_5": 19.9, "latitude": 25.643766, "longitude": -100.31643 }, "geometry": { "type": "Point", "coordinates": [ -100.31643, 25.643766 ] } },
{ "type": "Feature", "properties": { "sensor_index": 279836, "name": "San Roberto International School San Agustin", "timestamp": "2026-09-08T20:51:40.730264+00:00", "pm1_0": 20.2, "pm2_5": 26.4, "latitude": 25.646032, "longitude": -100.338165 }, "geometry": { "type": "Point", "coordinates": [ -100.338165, 25.646032 ] } },
{ "type": "Feature", "properties": { "sensor_index": 279834, "name": "Colegio Ingles Campus Encino", "timestamp": "2026-09-08T20:51:40.730264+00:00", "pm1_0": 23.3, "pm2_5": 31.1, "latitude": 25.637669, "longitude": -100.33746 }, "geometry": { "type": "Point", "coordinates": [ -100.33746, 25.637669 ] } },
{ "type": "Feature", "properties": { "sensor_index": 279854, "name": "Pinos", "timestamp": "2026-09-08T20:51:40.730264+00:00", "pm1_0": 17.4, "pm2_5": 19.9, "latitude": 25.65975, "longitude": -100.349976 }, "geometry": { "type": "Point", "coordinates": [ -100.349976, 25.65975 ] } },
{ "type": "Feature", "properties": { "sensor_index": 279866, "name": "Lomas del Campestre", "timestamp": "2026-09-08T20:51:40.730264+00:00", "pm1_0": 20.7, "pm2_5": 27.0, "latitude": 25.638052, "longitude": -100.33173 }, "geometry": { "type": "Point", "coordinates": [ -100.33173, 25.638052 ] } },
{ "type": "Feature", "properties": { "sensor_index": 279890, "name": "María Desatadora de Nudos", "timestamp": "2026-09-08T20:51:40.730264+00:00", "pm1_0": 17.9, "pm2_5": 22.8, "latitude": 25.624146, "longitude": -100.37315 }, "geometry": { "type": "Point", "coordinates": [ -100.37315, 25.624146 ] } },
{ "type": "Feature", "properties": { "sensor_index": 279926, "name": "Parque Mississippi", "timestamp": "2026-09-08T20:51:40.730264+00:00", "pm1_0": 18.5, "pm2_5": 22.2, "latitude": 25.657495, "longitude": -100.36317 }, "geometry": { "type": "Point", "coordinates": [ -100.36317, 25.657495 ] } },
{ "type": "Feature", "properties": { "sensor_index": 280524, "name": "Privada Paso de la Sierra", "timestamp": "2026-09-08T20:51:40.730264+00:00", "pm1_0": 18.4, "pm2_5": 22.1, "latitude": 25.648457, "longitude": -100.36256 }, "geometry": { "type": "Point", "coordinates": [ -100.36256, 25.648457 ] } },
{ "type": "Feature", "properties": { "sensor_index": 280520, "name": "Irish International School Campus First School", "timestamp": "2026-09-08T20:51:40.730264+00:00", "pm1_0": 21.0, "pm2_5": 26.1, "latitude": 25.639212, "longitude": -100.34154 }, "geometry": { "type": "Point", "coordinates": [ -100.34154, 25.639212 ] } },
{ "type": "Feature", "properties": { "sensor_index": 280532, "name": "Museo La Milarca", "timestamp": "2026-09-08T20:51:40.730264+00:00", "pm1_0": 20.9, "pm2_5": 26.1, "latitude": 25.64443, "longitude": -100.32734 }, "geometry": { "type": "Point", "coordinates": [ -100.32734, 25.64443 ] } },
{ "type": "Feature", "properties": { "sensor_index": 280534, "name": "Residencia Savotino", "timestamp": "2026-09-08T20:51:40.730264+00:00", "pm1_0": 17.6, "pm2_5": 22.0, "latitude": 25.662497, "longitude": -100.36313 }, "geometry": { "type": "Point", "coordinates": [ -100.36313, 25.662497 ] } },
{ "type": "Feature", "properties": { "sensor_index": 280644, "name": "Residencia nogal", "timestamp": "2026-09-08T20:51:40.730264+00:00", "pm1_0": 16.3, "pm2_5": 22.0, "latitude": 25.61478, "longitude": -100.368286 }, "geometry": { "type": "Point", "coordinates": [ -100.368286, 25.61478 ] } },
{ "type": "Feature", "properties": { "sensor_index": 280900, "name": "Rio Necaxa", "timestamp": "2026-09-08T20:51:40.730264+00:00", "pm1_0": 20.1, "pm2_5": 25.4, "latitude": 25.65677, "longitude": -100.344666 }, "geometry": { "type": "Point", "coordinates": [ -100.344666, 25.65677 ] } },
{ "type": "Feature", "properties": { "sensor_index": 280902, "name": "Residencia Rio Pesqueria", "timestamp": "2026-09-08T20:51:40.730264+00:00", "pm1_0": 17.6, "pm2_5": 21.0, "latitude": 25.658936, "longitude": -100.37394 }, "geometry": { "type": "Point", "coordinates": [ -100.37394, 25.658936 ] } },
{ "type": "Feature", "properties": { "sensor_index": 284960, "name": "Esquina Barranquilla y Patagonia (Altavista)", "timestamp": "2026-09-08T20:51:40.730264+00:00", "pm1_0": 24.4, "pm2_5": 32.2, "latitude": 25.644045, "longitude": -100.29044 }, "geometry": { "type": "Point", "coordinates": [ -100.29044, 25.644045 ] } },
{ "type": "Feature", "properties": { "sensor_index": 286238, "name": "Oasis", "timestamp": "2026-09-08T20:51:40.730264+00:00", "pm1_0": 20.0, "pm2_5": 24.5, "latitude": 25.640884, "longitude": -100.30304 }, "geometry": { "type": "Point", "coordinates": [ -100.30304, 25.640884 ] } },
{ "type": "Feature", "properties": { "sensor_index": 286240, "name": "Casa Naranjos", "timestamp": "2026-09-08T20:51:40.730264+00:00", "pm1_0": 21.9, "pm2_5": 28.2, "latitude": 25.654285, "longitude": -100.28977 }, "geometry": { "type": "Point", "coordinates": [ -100.28977, 25.654285 ] } },
{ "type": "Feature", "properties": { "sensor_index": 288064, "name": "Terminal", "timestamp": "2026-09-08T20:51:40.730264+00:00", "pm1_0": 16.7, "pm2_5": 20.1, "latitude": 25.686438, "longitude": -100.29351 }, "geometry": { "type": "Point", "coordinates": [ -100.29351, 25.686438 ] } },
{ "type": "Feature", "properties": { "sensor_index": 288066, "name": "Hospital de San Vicente", "timestamp": "2026-09-08T20:51:40.730264+00:00", "pm1_0": 24.0, "pm2_5": 31.3, "latitude": 25.67851, "longitude": -100.324974 }, "geometry": { "type": "Point", "coordinates": [ -100.324974, 25.67851 ] } },
{ "type": "Feature", "properties": { "sensor_index": 288332, "name": "Facultad de Salud Pública y Nutrición", "timestamp": "2026-09-08T20:51:40.730264+00:00", "pm1_0": 19.7, "pm2_5": 25.5, "latitude": 25.688875, "longitude": -100.34783 }, "geometry": { "type": "Point", "coordinates": [ -100.34783, 25.688875 ] } },
{ "type": "Feature", "properties": { "sensor_index": 292893, "name": "TEC-AMM-RB-005", "timestamp": "2026-09-08T20:51:40.730264+00:00", "pm1_0": 19.7, "pm2_5": 24.6, "latitude": 25.658117, "longitude": -100.26312 }, "geometry": { "type": "Point", "coordinates": [ -100.26312, 25.658117 ] } },
{ "type": "Feature", "properties": { "sensor_index": 292895, "name": "TEC-AMM-RD-004", "timestamp": "2026-09-08T20:51:40.730264+00:00", "pm1_0": 19.5, "pm2_5": 24.1, "latitude": 25.774128, "longitude": -100.26622 }, "geometry": { "type": "Point", "coordinates": [ -100.26622, 25.774128 ] } },
{ "type": "Feature", "properties": { "sensor_index": 292889, "name": "TEC-AMM-RB-003", "timestamp": "2026-09-08T20:51:40.730264+00:00", "pm1_0": 18.7, "pm2_5": 23.0, "latitude": 25.654068, "longitude": -100.22748 }, "geometry": { "type": "Point", "coordinates": [ -100.22748, 25.654068 ] } },
{ "type": "Feature", "properties": { "sensor_index": 292891, "name": "TEC-AMM-RC-004", "timestamp": "2026-09-08T20:51:40.730264+00:00", "pm1_0": 17.2, "pm2_5": 19.9, "latitude": 25.639277, "longitude": -100.17398 }, "geometry": { "type": "Point", "coordinates": [ -100.17398, 25.639277 ] } },
{ "type": "Feature", "properties": { "sensor_index": 292901, "name": "TEC-AMM-RF-004", "timestamp": "2026-09-08T20:51:40.730264+00:00", "pm1_0": 15.3, "pm2_5": 17.5, "latitude": 25.738094, "longitude": -100.30651 }, "geometry": { "type": "Point", "coordinates": [ -100.30651, 25.738094 ] } },
{ "type": "Feature", "properties": { "sensor_index": 292901, "name": "TEC-AMM-RF-004", "timestamp": "2026-09-08T20:51:40.730264+00:00", "pm1_0": 15.3, "pm2_5": 17.5, "latitude": 25.73373, "longitude": -100.31656 }, "geometry": { "type": "Point", "coordinates": [ -100.31656, 25.73373 ] } },
{ "type": "Feature", "properties": { "sensor_index": 292897, "name": "TEC-AMM-RF-005", "timestamp": "2026-09-08T20:51:40.730264+00:00", "pm1_0": 26.8, "pm2_5": 34.8, "latitude": 25.770947, "longitude": -100.36825 }, "geometry": { "type": "Point", "coordinates": [ -100.36825, 25.770947 ] } },
{ "type": "Feature", "properties": { "sensor_index": 292905, "name": "TEC-AMM-RC-006", "timestamp": "2026-09-08T20:51:40.730264+00:00", "pm1_0": 11.0, "pm2_5": 12.5, "latitude": 25.608519, "longitude": -100.1551 }, "geometry": { "type": "Point", "coordinates": [ -100.1551, 25.608519 ] } },
{ "type": "Feature", "properties": { "sensor_index": 292941, "name": "TEC-AMM-RD-005", "timestamp": "2026-09-08T20:51:40.730264+00:00", "pm1_0": 8.8, "pm2_5": 11.6, "latitude": 25.760899, "longitude": -100.16765 }, "geometry": { "type": "Point", "coordinates": [ -100.16765, 25.760899 ] } },
{ "type": "Feature", "properties": { "sensor_index": 292943, "name": "TEC-AMM-RC-005", "timestamp": "2026-09-08T20:51:40.730264+00:00", "pm1_0": 14.8, "pm2_5": 17.9, "latitude": 25.646128, "longitude": -100.14929 }, "geometry": { "type": "Point", "coordinates": [ -100.14929, 25.646128 ] } },
{ "type": "Feature", "properties": { "sensor_index": 292939, "name": "TEC-AMM-RA-001", "timestamp": "2026-09-08T20:51:40.730264+00:00", "pm1_0": 18.9, "pm2_5": 24.2, "latitude": 25.658657, "longitude": -100.399 }, "geometry": { "type": "Point", "coordinates": [ -100.399, 25.658657 ] } },
{ "type": "Feature", "properties": { "sensor_index": 292949, "name": "TEC-AMM-RA-003", "timestamp": "2026-09-08T20:51:40.730264+00:00", "pm1_0": 16.7, "pm2_5": 19.7, "latitude": 25.661757, "longitude": -100.36972 }, "geometry": { "type": "Point", "coordinates": [ -100.36972, 25.661757 ] } },
{ "type": "Feature", "properties": { "sensor_index": 292951, "name": "TEC-AMM-RB-004", "timestamp": "2026-09-08T20:51:40.730264+00:00", "pm1_0": 20.0, "pm2_5": 26.4, "latitude": 25.66194, "longitude": -100.3313 }, "geometry": { "type": "Point", "coordinates": [ -100.3313, 25.66194 ] } },
{ "type": "Feature", "properties": { "sensor_index": 292947, "name": "TEC-AMM-RA-004", "timestamp": "2026-09-08T20:51:40.730264+00:00", "pm1_0": 18.2, "pm2_5": 22.0, "latitude": 25.684696, "longitude": -100.36298 }, "geometry": { "type": "Point", "coordinates": [ -100.36298, 25.684696 ] } },
{ "type": "Feature", "properties": { "sensor_index": 292957, "name": "TEC-AMM-RC-008", "timestamp": "2026-09-08T20:51:40.730264+00:00", "pm1_0": 22.2, "pm2_5": 29.7, "latitude": 25.731503, "longitude": -100.13724 }, "geometry": { "type": "Point", "coordinates": [ -100.13724, 25.731503 ] } },
{ "type": "Feature", "properties": { "sensor_index": 292973, "name": "TEC-AMM-RC-003", "timestamp": "2026-09-08T20:51:40.730264+00:00", "pm1_0": 20.1, "pm2_5": 25.3, "latitude": 25.684975, "longitude": -100.17443 }, "geometry": { "type": "Point", "coordinates": [ -100.17443, 25.684975 ] } },
{ "type": "Feature", "properties": { "sensor_index": 292983, "name": "TEC-AMM-RC-007", "timestamp": "2026-09-08T20:51:40.730264+00:00", "pm1_0": 17.7, "pm2_5": 24.9, "latitude": 25.650148, "longitude": -100.11657 }, "geometry": { "type": "Point", "coordinates": [ -100.11657, 25.650148 ] } },
{ "type": "Feature", "properties": { "sensor_index": 292997, "name": "TEC-AMM-RF-004", "timestamp": "2026-09-08T20:51:40.730264+00:00", "pm1_0": 18.3, "pm2_5": 22.8, "latitude": 25.738094, "longitude": -100.30651 }, "geometry": { "type": "Point", "coordinates": [ -100.30651, 25.738094 ] } },
{ "type": "Feature", "properties": { "sensor_index": 292997, "name": "TEC-AMM-RF-004", "timestamp": "2026-09-08T20:51:40.730264+00:00", "pm1_0": 18.3, "pm2_5": 22.8, "latitude": 25.73373, "longitude": -100.31656 }, "geometry": { "type": "Point", "coordinates": [ -100.31656, 25.73373 ] } },
{ "type": "Feature", "properties": { "sensor_index": 292999, "name": "TEC-AMM-RE-002", "timestamp": "2026-09-08T20:51:40.730264+00:00", "pm1_0": 24.1, "pm2_5": 31.8, "latitude": 25.772509, "longitude": -100.31119 }, "geometry": { "type": "Point", "coordinates": [ -100.31119, 25.772509 ] } },
{ "type": "Feature", "properties": { "sensor_index": 293001, "name": "TEC-AMM-RF-006", "timestamp": "2026-09-08T20:51:40.730264+00:00", "pm1_0": 20.1, "pm2_5": 26.2, "latitude": 25.71829, "longitude": -100.37077 }, "geometry": { "type": "Point", "coordinates": [ -100.37077, 25.71829 ] } },
{ "type": "Feature", "properties": { "sensor_index": 293003, "name": "TEC-AMM-RB-006", "timestamp": "2026-09-08T20:51:40.730264+00:00", "pm1_0": 19.3, "pm2_5": 23.1, "latitude": 25.676483, "longitude": -100.29272 }, "geometry": { "type": "Point", "coordinates": [ -100.29272, 25.676483 ] } },
{ "type": "Feature", "properties": { "sensor_index": 293469, "name": "Leon Ortigosa ABP", "timestamp": "2026-09-08T20:51:40.730264+00:00", "pm1_0": 19.2, "pm2_5": 25.1, "latitude": 25.67212, "longitude": -100.33521 }, "geometry": { "type": "Point", "coordinates": [ -100.33521, 25.67212 ] } },
{ "type": "Feature", "properties": { "sensor_index": 293465, "name": "Loma Larga", "timestamp": "2026-09-08T20:51:40.730264+00:00", "pm1_0": 18.8, "pm2_5": 25.7, "latitude": 25.665812, "longitude": -100.34373 }, "geometry": { "type": "Point", "coordinates": [ -100.34373, 25.665812 ] } },
{ "type": "Feature", "properties": { "sensor_index": 293467, "name": "UMF37", "timestamp": "2026-09-08T20:51:40.730264+00:00", "pm1_0": 18.9, "pm2_5": 24.1, "latitude": 25.687622, "longitude": -100.342964 }, "geometry": { "type": "Point", "coordinates": [ -100.342964, 25.687622 ] } },
{ "type": "Feature", "properties": { "sensor_index": 33027, "name": "Lagos del Bosque", "timestamp": "2026-09-08T20:51:40.730264+00:00", "pm1_0": 7.7, "pm2_5": 11.2, "latitude": 25.600061, "longitude": -100.26256 }, "geometry": { "type": "Point", "coordinates": [ -100.26256, 25.600061 ] } },
{ "type": "Feature", "properties": { "sensor_index": 33117, "name": "Liceo de Monterrey", "timestamp": "2026-09-08T20:51:40.730264+00:00", "pm1_0": 23.8, "pm2_5": 34.8, "latitude": 25.650322, "longitude": -100.32849 }, "geometry": { "type": "Point", "coordinates": [ -100.32849, 25.650322 ] } },
{ "type": "Feature", "properties": { "sensor_index": 34441, "name": "Callejon de los Ayala", "timestamp": "2026-09-08T20:51:40.730264+00:00", "pm1_0": 4.6, "pm2_5": 7.2, "latitude": 25.6665, "longitude": -100.3976 }, "geometry": { "type": "Point", "coordinates": [ -100.3976, 25.6665 ] } },
{ "type": "Feature", "properties": { "sensor_index": 34499, "name": "San Patricio #106", "timestamp": "2026-09-08T20:51:40.730264+00:00", "pm1_0": 0.0, "pm2_5": 0.0, "latitude": 25.641743, "longitude": -100.3472 }, "geometry": { "type": "Point", "coordinates": [ -100.3472, 25.641743 ] } },
{ "type": "Feature", "properties": { "sensor_index": 34511, "name": "Rosario", "timestamp": "2026-09-08T20:51:40.730264+00:00", "pm1_0": 10.9, "pm2_5": 17.5, "latitude": 25.640432, "longitude": -100.392265 }, "geometry": { "type": "Point", "coordinates": [ -100.392265, 25.640432 ] } },
{ "type": "Feature", "properties": { "sensor_index": 38663, "name": "Rayon Norte", "timestamp": "2026-09-08T20:51:40.730264+00:00", "pm1_0": 14.2, "pm2_5": 19.1, "latitude": 25.678823, "longitude": -100.319695 }, "geometry": { "type": "Point", "coordinates": [ -100.319695, 25.678823 ] } },
{ "type": "Feature", "properties": { "sensor_index": 42211, "name": "RF", "timestamp": "2026-09-08T20:51:40.730264+00:00", "pm1_0": 16.0, "pm2_5": 23.0, "latitude": 25.61638, "longitude": -100.316124 }, "geometry": { "type": "Point", "coordinates": [ -100.316124, 25.61638 ] } },
{ "type": "Feature", "properties": { "sensor_index": 305140, "name": "Bicla", "timestamp": "2026-09-08T20:51:40.730264+00:00", "pm1_0": 20.3, "pm2_5": 27.1, "latitude": 25.700935, "longitude": -100.33541 }, "geometry": { "type": "Point", "coordinates": [ -100.33541, 25.700935 ] } },
{ "type": "Feature", "properties": { "sensor_index": 305164, "name": "NuevaMaderoDave", "timestamp": "2026-09-08T20:51:40.730264+00:00", "pm1_0": 15.0, "pm2_5": 18.9, "latitude": 25.688787, "longitude": -100.27929 }, "geometry": { "type": "Point", "coordinates": [ -100.27929, 25.688787 ] } },
{ "type": "Feature", "properties": { "sensor_index": 305192, "name": "11a avenida cumbres 1 sector", "timestamp": "2026-09-08T20:51:40.730264+00:00", "pm1_0": 18.9, "pm2_5": 23.6, "latitude": 25.69958, "longitude": -100.35898 }, "geometry": { "type": "Point", "coordinates": [ -100.35898, 25.69958 ] } },
{ "type": "Feature", "properties": { "sensor_index": 305232, "name": "PurpleAir Ancira Mty", "timestamp": "2026-09-08T20:51:40.730264+00:00", "pm1_0": 22.7, "pm2_5": 30.5, "latitude": 25.651157, "longitude": -100.3062 }, "geometry": { "type": "Point", "coordinates": [ -100.3062, 25.651157 ] } },
{ "type": "Feature", "properties": { "sensor_index": 43627, "name": "Liceo de Monterrey Rosemont", "timestamp": "2026-09-08T20:51:40.730264+00:00", "pm1_0": 17.1, "pm2_5": 19.0, "latitude": 25.67425, "longitude": -100.35398 }, "geometry": { "type": "Point", "coordinates": [ -100.35398, 25.67425 ] } },
{ "type": "Feature", "properties": { "sensor_index": 45769, "name": "Huascaran", "timestamp": "2026-09-08T20:51:40.730264+00:00", "pm1_0": 12.0, "pm2_5": 17.2, "latitude": 25.637255, "longitude": -100.399216 }, "geometry": { "type": "Point", "coordinates": [ -100.399216, 25.637255 ] } },
{ "type": "Feature", "properties": { "sensor_index": 308956, "name": "Jardín de las carreras", "timestamp": "2026-09-08T20:51:40.730264+00:00", "pm1_0": 22.5, "pm2_5": 30.6, "latitude": 25.650595, "longitude": -100.289 }, "geometry": { "type": "Point", "coordinates": [ -100.289, 25.650595 ] } },
{ "type": "Feature", "properties": { "sensor_index": 49949, "name": "El Horizonte", "timestamp": "2026-09-08T20:51:40.730264+00:00", "pm1_0": 15.1, "pm2_5": 23.1, "latitude": 25.677492, "longitude": -100.29761 }, "geometry": { "type": "Point", "coordinates": [ -100.29761, 25.677492 ] } },
{ "type": "Feature", "properties": { "sensor_index": 50555, "name": "Treviño", "timestamp": "2026-09-08T20:51:40.730264+00:00", "pm1_0": 0.0, "pm2_5": 0.0, "latitude": 25.638243, "longitude": -100.36743 }, "geometry": { "type": "Point", "coordinates": [ -100.36743, 25.638243 ] } },
{ "type": "Feature", "properties": { "sensor_index": 50871, "name": "TEC Garza Laguera", "timestamp": "2026-09-08T20:51:40.730264+00:00", "pm1_0": 11.8, "pm2_5": 17.2, "latitude": 25.61827, "longitude": -100.27293 }, "geometry": { "type": "Point", "coordinates": [ -100.27293, 25.61827 ] } },
{ "type": "Feature", "properties": { "sensor_index": 321194, "name": "Ramsesgs", "timestamp": "2026-09-08T20:51:40.730264+00:00", "pm1_0": 20.1, "pm2_5": 26.7, "latitude": 25.61975, "longitude": -100.29781 }, "geometry": { "type": "Point", "coordinates": [ -100.29781, 25.61975 ] } },
{ "type": "Feature", "properties": { "sensor_index": 119937, "name": "Grupo Reforma Cumbres", "timestamp": "2026-09-08T20:51:40.730264+00:00", "pm1_0": 7.0, "pm2_5": 14.0, "latitude": 25.71012, "longitude": -100.37474 }, "geometry": { "type": "Point", "coordinates": [ -100.37474, 25.71012 ] } },
{ "type": "Feature", "properties": { "sensor_index": 119965, "name": "Grupo Reforma El Norte", "timestamp": "2026-09-08T20:51:40.730264+00:00", "pm1_0": 15.2, "pm2_5": 21.0, "latitude": 25.674164, "longitude": -100.30816 }, "geometry": { "type": "Point", "coordinates": [ -100.30816, 25.674164 ] } },
{ "type": "Feature", "properties": { "sensor_index": 121825, "name": "Grupo Reforma Sierra Madre", "timestamp": "2026-09-08T20:51:40.730264+00:00", "pm1_0": 3061.4, "pm2_5": 3061.4, "latitude": 25.663378, "longitude": -100.36808 }, "geometry": { "type": "Point", "coordinates": [ -100.36808, 25.663378 ] } },
{ "type": "Feature", "properties": { "sensor_index": 136522, "name": "Bosques de La Pastora", "timestamp": "2026-09-08T20:51:40.730264+00:00", "pm1_0": 5.6, "pm2_5": 12.8, "latitude": 25.65773, "longitude": -100.251625 }, "geometry": { "type": "Point", "coordinates": [ -100.251625, 25.65773 ] } },
{ "type": "Feature", "properties": { "sensor_index": 147010, "name": "Santa Barbara", "timestamp": "2026-09-08T20:51:40.730264+00:00", "pm1_0": 15.4, "pm2_5": 20.1, "latitude": 25.661701, "longitude": -100.38932 }, "geometry": { "type": "Point", "coordinates": [ -100.38932, 25.661701 ] } },
{ "type": "Feature", "properties": { "sensor_index": 174781, "name": "Colegio Cambridge de Monterrey Campus Mitras", "timestamp": "2026-09-08T20:51:40.730264+00:00", "pm1_0": 17.9, "pm2_5": 21.1, "latitude": 25.696613, "longitude": -100.348114 }, "geometry": { "type": "Point", "coordinates": [ -100.348114, 25.696613 ] } },
{ "type": "Feature", "properties": { "sensor_index": 174787, "name": "Colegio Cambridge de Monterrey Campus Norte", "timestamp": "2026-09-08T20:51:40.730264+00:00", "pm1_0": 21.7, "pm2_5": 25.6, "latitude": 25.779613, "longitude": -100.28022 }, "geometry": { "type": "Point", "coordinates": [ -100.28022, 25.779613 ] } },
{ "type": "Feature", "properties": { "sensor_index": 189431, "name": "BEA", "timestamp": "2026-09-08T20:51:40.730264+00:00", "pm1_0": 15.8, "pm2_5": 23.5, "latitude": 25.65725, "longitude": -100.35996 }, "geometry": { "type": "Point", "coordinates": [ -100.35996, 25.65725 ] } },
{ "type": "Feature", "properties": { "sensor_index": 189435, "name": "Olinalá", "timestamp": "2026-09-08T20:51:40.730264+00:00", "pm1_0": 16.5, "pm2_5": 23.8, "latitude": 25.618986, "longitude": -100.37645 }, "geometry": { "type": "Point", "coordinates": [ -100.37645, 25.618986 ] } },
{ "type": "Feature", "properties": { "sensor_index": 189447, "name": "Río Amazonas NO", "timestamp": "2026-09-08T20:51:40.730264+00:00", "pm1_0": 17.4, "pm2_5": 24.3, "latitude": 25.662104, "longitude": -100.37172 }, "geometry": { "type": "Point", "coordinates": [ -100.37172, 25.662104 ] } },
{ "type": "Feature", "properties": { "sensor_index": 189455, "name": "CHIPINQUE CAV", "timestamp": "2026-09-08T20:51:40.730264+00:00", "pm1_0": 16.2, "pm2_5": 25.8, "latitude": 25.618307, "longitude": -100.359955 }, "geometry": { "type": "Point", "coordinates": [ -100.359955, 25.618307 ] } },
{ "type": "Feature", "properties": { "sensor_index": 189469, "name": "Hospital Zambran Hellion TecSalud", "timestamp": "2026-09-08T20:51:40.730264+00:00", "pm1_0": 19.0, "pm2_5": 29.6, "latitude": 25.64684, "longitude": -100.33364 }, "geometry": { "type": "Point", "coordinates": [ -100.33364, 25.64684 ] } },
{ "type": "Feature", "properties": { "sensor_index": 208785, "name": "Colegio Cambridge de Monterrey Campus Anáhuac", "timestamp": "2026-09-08T20:51:40.730264+00:00", "pm1_0": 18.6, "pm2_5": 22.2, "latitude": 25.77144, "longitude": -100.26785 }, "geometry": { "type": "Point", "coordinates": [ -100.26785, 25.77144 ] } },
{ "type": "Feature", "properties": { "sensor_index": 209147, "name": "Rincon de San Jeronimo", "timestamp": "2026-09-08T20:51:40.730264+00:00", "pm1_0": 16.8, "pm2_5": 24.4, "latitude": 25.691032, "longitude": -100.375786 }, "geometry": { "type": "Point", "coordinates": [ -100.375786, 25.691032 ] } },
{ "type": "Feature", "properties": { "sensor_index": 227879, "name": "Rectoria", "timestamp": "2026-09-08T20:51:40.730264+00:00", "pm1_0": 20.8, "pm2_5": 27.6, "latitude": 25.651268, "longitude": -100.291214 }, "geometry": { "type": "Point", "coordinates": [ -100.291214, 25.651268 ] } },
{ "type": "Feature", "properties": { "sensor_index": 227887, "name": "Sensor_Purple_Air-Explanada_EGP-Entrada_Prin", "timestamp": "2026-09-08T20:51:40.730264+00:00", "pm1_0": 13.7, "pm2_5": 16.9, "latitude": 25.64419, "longitude": -100.3255 }, "geometry": { "type": "Point", "coordinates": [ -100.3255, 25.64419 ] } },
{ "type": "Feature", "properties": { "sensor_index": 227889, "name": "Parque central", "timestamp": "2026-09-08T20:51:40.730264+00:00", "pm1_0": 19.2, "pm2_5": 23.3, "latitude": 25.652395, "longitude": -100.28713 }, "geometry": { "type": "Point", "coordinates": [ -100.28713, 25.652395 ] } },
{ "type": "Feature", "properties": { "sensor_index": 227907, "name": "Estacionamiento Alumnos", "timestamp": "2026-09-08T20:51:40.730264+00:00", "pm1_0": 12.2, "pm2_5": 13.9, "latitude": 25.744081, "longitude": -100.28277 }, "geometry": { "type": "Point", "coordinates": [ -100.28277, 25.744081 ] } },
{ "type": "Feature", "properties": { "sensor_index": 227913, "name": "EGADE-Sombrillas", "timestamp": "2026-09-08T20:51:40.730264+00:00", "pm1_0": 23.7, "pm2_5": 32.4, "latitude": 25.643106, "longitude": -100.32573 }, "geometry": { "type": "Point", "coordinates": [ -100.32573, 25.643106 ] } },
{ "type": "Feature", "properties": { "sensor_index": 228003, "name": "EGL-Jardín Robótica", "timestamp": "2026-09-08T20:51:40.730264+00:00", "pm1_0": 14.3, "pm2_5": 17.1, "latitude": 25.61803, "longitude": -100.27554 }, "geometry": { "type": "Point", "coordinates": [ -100.27554, 25.61803 ] } },
{ "type": "Feature", "properties": { "sensor_index": 228001, "name": "C-MTY Explanada 2", "timestamp": "2026-09-08T20:51:40.730264+00:00", "pm1_0": 20.9, "pm2_5": 27.5, "latitude": 25.656332, "longitude": -100.20696 }, "geometry": { "type": "Point", "coordinates": [ -100.20696, 25.656332 ] } },
{ "type": "Feature", "properties": { "sensor_index": 228383, "name": "Estadio Banorte", "timestamp": "2026-09-08T20:51:40.730264+00:00", "pm1_0": 23.6, "pm2_5": 31.9, "latitude": 25.654228, "longitude": -100.28651 }, "geometry": { "type": "Point", "coordinates": [ -100.28651, 25.654228 ] } },
{ "type": "Feature", "properties": { "sensor_index": 228381, "name": "C-MTY RAMPA CAFETERÍA", "timestamp": "2026-09-08T20:51:40.730264+00:00", "pm1_0": 20.7, "pm2_5": 27.7, "latitude": 25.628263, "longitude": -100.30376 }, "geometry": { "type": "Point", "coordinates": [ -100.30376, 25.628263 ] } },
{ "type": "Feature", "properties": { "sensor_index": 228389, "name": "PEGS-Sensor-Canchas", "timestamp": "2026-09-08T20:51:40.730264+00:00", "pm1_0": 18.5, "pm2_5": 22.0, "latitude": 25.670425, "longitude": -100.35683 }, "geometry": { "type": "Point", "coordinates": [ -100.35683, 25.670425 ] } },
{ "type": "Feature", "properties": { "sensor_index": 228407, "name": "CEDES", "timestamp": "2026-09-08T20:51:40.730264+00:00", "pm1_0": 19.8, "pm2_5": 24.4, "latitude": 25.653677, "longitude": -100.29242 }, "geometry": { "type": "Point", "coordinates": [ -100.29242, 25.653677 ] } },
{ "type": "Feature", "properties": { "sensor_index": 278863, "name": "Rio Balsas", "timestamp": "2026-09-08T21:15:28.067627+00:00", "pm1_0": 20.1, "pm2_5": 26.2, "latitude": 25.662691, "longitude": -100.37312 }, "geometry": { "type": "Point", "coordinates": [ -100.37312, 25.662691 ] } },
{ "type": "Feature", "properties": { "sensor_index": 278869, "name": "Veredalta", "timestamp": "2026-09-08T21:15:28.067627+00:00", "pm1_0": 18.7, "pm2_5": 24.8, "latitude": 25.638226, "longitude": -100.3525 }, "geometry": { "type": "Point", "coordinates": [ -100.3525, 25.638226 ] } },
{ "type": "Feature", "properties": { "sensor_index": 278871, "name": "Parroquia Reina de Los Ángeles", "timestamp": "2026-09-08T21:15:28.067627+00:00", "pm1_0": 13.3, "pm2_5": 21.0, "latitude": 25.636341, "longitude": -100.36872 }, "geometry": { "type": "Point", "coordinates": [ -100.36872, 25.636341 ] } },
{ "type": "Feature", "properties": { "sensor_index": 278875, "name": "Secretaría de Relaciones Exteriores", "timestamp": "2026-09-08T21:15:28.067627+00:00", "pm1_0": 20.3, "pm2_5": 27.2, "latitude": 25.667723, "longitude": -100.38136 }, "geometry": { "type": "Point", "coordinates": [ -100.38136, 25.667723 ] } },
{ "type": "Feature", "properties": { "sensor_index": 278883, "name": "Mater International Institute", "timestamp": "2026-09-08T21:15:28.067627+00:00", "pm1_0": 20.1, "pm2_5": 25.8, "latitude": 25.641127, "longitude": -100.362755 }, "geometry": { "type": "Point", "coordinates": [ -100.362755, 25.641127 ] } },
{ "type": "Feature", "properties": { "sensor_index": 278889, "name": "Chipinque Meseta", "timestamp": "2026-09-08T21:15:28.067627+00:00", "pm1_0": 20.2, "pm2_5": 28.6, "latitude": 25.607624, "longitude": -100.355156 }, "geometry": { "type": "Point", "coordinates": [ -100.355156, 25.607624 ] } },
{ "type": "Feature", "properties": { "sensor_index": 278901, "name": "OFICINAS SAN PEDRO PARQUES", "timestamp": "2026-09-08T21:15:28.067627+00:00", "pm1_0": 21.0, "pm2_5": 27.2, "latitude": 25.644024, "longitude": -100.376305 }, "geometry": { "type": "Point", "coordinates": [ -100.376305, 25.644024 ] } },
{ "type": "Feature", "properties": { "sensor_index": 278919, "name": "Residencia Tabachín", "timestamp": "2026-09-08T21:15:28.067627+00:00", "pm1_0": 17.3, "pm2_5": 23.4, "latitude": 25.630367, "longitude": -100.34808 }, "geometry": { "type": "Point", "coordinates": [ -100.34808, 25.630367 ] } },
{ "type": "Feature", "properties": { "sensor_index": 278929, "name": "Rio Caura", "timestamp": "2026-09-08T21:15:28.067627+00:00", "pm1_0": 21.2, "pm2_5": 29.4, "latitude": 25.659946, "longitude": -100.38283 }, "geometry": { "type": "Point", "coordinates": [ -100.38283, 25.659946 ] } },
{ "type": "Feature", "properties": { "sensor_index": 278931, "name": "Residencia Platon", "timestamp": "2026-09-08T21:15:28.067627+00:00", "pm1_0": 21.6, "pm2_5": 29.7, "latitude": 25.630522, "longitude": -100.36023 }, "geometry": { "type": "Point", "coordinates": [ -100.36023, 25.630522 ] } },
{ "type": "Feature", "properties": { "sensor_index": 278937, "name": "Residencia Saqqara", "timestamp": "2026-09-08T21:15:28.067627+00:00", "pm1_0": 19.7, "pm2_5": 27.4, "latitude": 25.652473, "longitude": -100.349236 }, "geometry": { "type": "Point", "coordinates": [ -100.349236, 25.652473 ] } },
{ "type": "Feature", "properties": { "sensor_index": 278939, "name": "Residencia Rio Rosas", "timestamp": "2026-09-08T21:15:28.067627+00:00", "pm1_0": 20.4, "pm2_5": 27.1, "latitude": 25.656303, "longitude": -100.36027 }, "geometry": { "type": "Point", "coordinates": [ -100.36027, 25.656303 ] } },
{ "type": "Feature", "properties": { "sensor_index": 278951, "name": "Parque El Capitán", "timestamp": "2026-09-08T21:15:28.067627+00:00", "pm1_0": 19.8, "pm2_5": 25.0, "latitude": 25.663504, "longitude": -100.35734 }, "geometry": { "type": "Point", "coordinates": [ -100.35734, 25.663504 ] } },
{ "type": "Feature", "properties": { "sensor_index": 278957, "name": "Los Pinos", "timestamp": "2026-09-08T21:15:28.067627+00:00", "pm1_0": 16.3, "pm2_5": 22.4, "latitude": 25.672205, "longitude": -100.397354 }, "geometry": { "type": "Point", "coordinates": [ -100.397354, 25.672205 ] } },
{ "type": "Feature", "properties": { "sensor_index": 278959, "name": "Colegio Nobel", "timestamp": "2026-09-08T21:15:28.067627+00:00", "pm1_0": 18.7, "pm2_5": 23.9, "latitude": 25.657562, "longitude": -100.39641 }, "geometry": { "type": "Point", "coordinates": [ -100.39641, 25.657562 ] } },
{ "type": "Feature", "properties": { "sensor_index": 278955, "name": "Residencia San Mateo", "timestamp": "2026-09-08T21:15:28.067627+00:00", "pm1_0": 14.1, "pm2_5": 16.2, "latitude": 25.643766, "longitude": -100.31643 }, "geometry": { "type": "Point", "coordinates": [ -100.31643, 25.643766 ] } },
{ "type": "Feature", "properties": { "sensor_index": 279836, "name": "San Roberto International School San Agustin", "timestamp": "2026-09-08T21:15:28.067627+00:00", "pm1_0": 17.3, "pm2_5": 21.1, "latitude": 25.646032, "longitude": -100.338165 }, "geometry": { "type": "Point", "coordinates": [ -100.338165, 25.646032 ] } },
{ "type": "Feature", "properties": { "sensor_index": 279834, "name": "Colegio Ingles Campus Encino", "timestamp": "2026-09-08T21:15:28.067627+00:00", "pm1_0": 20.1, "pm2_5": 26.5, "latitude": 25.637669, "longitude": -100.33746 }, "geometry": { "type": "Point", "coordinates": [ -100.33746, 25.637669 ] } },
{ "type": "Feature", "properties": { "sensor_index": 279854, "name": "Pinos", "timestamp": "2026-09-08T21:15:28.067627+00:00", "pm1_0": 18.7, "pm2_5": 20.8, "latitude": 25.65975, "longitude": -100.349976 }, "geometry": { "type": "Point", "coordinates": [ -100.349976, 25.65975 ] } },
{ "type": "Feature", "properties": { "sensor_index": 279866, "name": "Lomas del Campestre", "timestamp": "2026-09-08T21:15:28.067627+00:00", "pm1_0": 18.6, "pm2_5": 24.0, "latitude": 25.638052, "longitude": -100.33173 }, "geometry": { "type": "Point", "coordinates": [ -100.33173, 25.638052 ] } },
{ "type": "Feature", "properties": { "sensor_index": 279890, "name": "María Desatadora de Nudos", "timestamp": "2026-09-08T21:15:28.067627+00:00", "pm1_0": 20.9, "pm2_5": 27.0, "latitude": 25.624146, "longitude": -100.37315 }, "geometry": { "type": "Point", "coordinates": [ -100.37315, 25.624146 ] } },
{ "type": "Feature", "properties": { "sensor_index": 279926, "name": "Parque Mississippi", "timestamp": "2026-09-08T21:15:28.067627+00:00", "pm1_0": 21.3, "pm2_5": 27.8, "latitude": 25.657495, "longitude": -100.36317 }, "geometry": { "type": "Point", "coordinates": [ -100.36317, 25.657495 ] } },
{ "type": "Feature", "properties": { "sensor_index": 280524, "name": "Privada Paso de la Sierra", "timestamp": "2026-09-08T21:15:28.067627+00:00", "pm1_0": 21.3, "pm2_5": 27.5, "latitude": 25.648457, "longitude": -100.36256 }, "geometry": { "type": "Point", "coordinates": [ -100.36256, 25.648457 ] } },
{ "type": "Feature", "properties": { "sensor_index": 280520, "name": "Irish International School Campus First School", "timestamp": "2026-09-08T21:15:28.067627+00:00", "pm1_0": 18.6, "pm2_5": 22.6, "latitude": 25.639212, "longitude": -100.34154 }, "geometry": { "type": "Point", "coordinates": [ -100.34154, 25.639212 ] } },
{ "type": "Feature", "properties": { "sensor_index": 280532, "name": "Museo La Milarca", "timestamp": "2026-09-08T21:15:28.067627+00:00", "pm1_0": 16.2, "pm2_5": 18.8, "latitude": 25.64443, "longitude": -100.32734 }, "geometry": { "type": "Point", "coordinates": [ -100.32734, 25.64443 ] } },
{ "type": "Feature", "properties": { "sensor_index": 280534, "name": "Residencia Savotino", "timestamp": "2026-09-08T21:15:28.067627+00:00", "pm1_0": 20.6, "pm2_5": 27.2, "latitude": 25.662497, "longitude": -100.36313 }, "geometry": { "type": "Point", "coordinates": [ -100.36313, 25.662497 ] } },
{ "type": "Feature", "properties": { "sensor_index": 280644, "name": "Residencia nogal", "timestamp": "2026-09-08T21:15:28.067627+00:00", "pm1_0": 21.2, "pm2_5": 30.1, "latitude": 25.61478, "longitude": -100.368286 }, "geometry": { "type": "Point", "coordinates": [ -100.368286, 25.61478 ] } },
{ "type": "Feature", "properties": { "sensor_index": 280900, "name": "Rio Necaxa", "timestamp": "2026-09-08T21:15:28.067627+00:00", "pm1_0": 20.7, "pm2_5": 27.2, "latitude": 25.65677, "longitude": -100.344666 }, "geometry": { "type": "Point", "coordinates": [ -100.344666, 25.65677 ] } },
{ "type": "Feature", "properties": { "sensor_index": 280902, "name": "Residencia Rio Pesqueria", "timestamp": "2026-09-08T21:15:28.067627+00:00", "pm1_0": 18.5, "pm2_5": 24.2, "latitude": 25.658936, "longitude": -100.37394 }, "geometry": { "type": "Point", "coordinates": [ -100.37394, 25.658936 ] } },
{ "type": "Feature", "properties": { "sensor_index": 284960, "name": "Esquina Barranquilla y Patagonia (Altavista)", "timestamp": "2026-09-08T21:15:28.067627+00:00", "pm1_0": 20.0, "pm2_5": 24.3, "latitude": 25.644045, "longitude": -100.29044 }, "geometry": { "type": "Point", "coordinates": [ -100.29044, 25.644045 ] } },
{ "type": "Feature", "properties": { "sensor_index": 286238, "name": "Oasis", "timestamp": "2026-09-08T21:15:28.067627+00:00", "pm1_0": 20.0, "pm2_5": 24.5, "latitude": 25.640884, "longitude": -100.30304 }, "geometry": { "type": "Point", "coordinates": [ -100.30304, 25.640884 ] } },
{ "type": "Feature", "properties": { "sensor_index": 286240, "name": "Casa Naranjos", "timestamp": "2026-09-08T21:15:28.067627+00:00", "pm1_0": 17.3, "pm2_5": 20.5, "latitude": 25.654285, "longitude": -100.28977 }, "geometry": { "type": "Point", "coordinates": [ -100.28977, 25.654285 ] } },
{ "type": "Feature", "properties": { "sensor_index": 288064, "name": "Terminal", "timestamp": "2026-09-08T21:15:28.067627+00:00", "pm1_0": 17.6, "pm2_5": 21.6, "latitude": 25.686438, "longitude": -100.29351 }, "geometry": { "type": "Point", "coordinates": [ -100.29351, 25.686438 ] } },
{ "type": "Feature", "properties": { "sensor_index": 288066, "name": "Hospital de San Vicente", "timestamp": "2026-09-08T21:15:28.067627+00:00", "pm1_0": 21.7, "pm2_5": 27.0, "latitude": 25.67851, "longitude": -100.324974 }, "geometry": { "type": "Point", "coordinates": [ -100.324974, 25.67851 ] } },
{ "type": "Feature", "properties": { "sensor_index": 288332, "name": "Facultad de Salud Pública y Nutrición", "timestamp": "2026-09-08T21:15:28.067627+00:00", "pm1_0": 20.9, "pm2_5": 26.3, "latitude": 25.688875, "longitude": -100.34783 }, "geometry": { "type": "Point", "coordinates": [ -100.34783, 25.688875 ] } },
{ "type": "Feature", "properties": { "sensor_index": 292893, "name": "TEC-AMM-RB-005", "timestamp": "2026-09-08T21:15:28.067627+00:00", "pm1_0": 17.1, "pm2_5": 21.6, "latitude": 25.658117, "longitude": -100.26312 }, "geometry": { "type": "Point", "coordinates": [ -100.26312, 25.658117 ] } },
{ "type": "Feature", "properties": { "sensor_index": 292895, "name": "TEC-AMM-RD-004", "timestamp": "2026-09-08T21:15:28.067627+00:00", "pm1_0": 17.3, "pm2_5": 21.2, "latitude": 25.774128, "longitude": -100.26622 }, "geometry": { "type": "Point", "coordinates": [ -100.26622, 25.774128 ] } },
{ "type": "Feature", "properties": { "sensor_index": 292889, "name": "TEC-AMM-RB-003", "timestamp": "2026-09-08T21:15:28.067627+00:00", "pm1_0": 12.8, "pm2_5": 15.5, "latitude": 25.654068, "longitude": -100.22748 }, "geometry": { "type": "Point", "coordinates": [ -100.22748, 25.654068 ] } },
{ "type": "Feature", "properties": { "sensor_index": 292891, "name": "TEC-AMM-RC-004", "timestamp": "2026-09-08T21:15:28.067627+00:00", "pm1_0": 10.7, "pm2_5": 11.7, "latitude": 25.639277, "longitude": -100.17398 }, "geometry": { "type": "Point", "coordinates": [ -100.17398, 25.639277 ] } },
{ "type": "Feature", "properties": { "sensor_index": 292901, "name": "TEC-AMM-RF-004", "timestamp": "2026-09-08T21:15:28.067627+00:00", "pm1_0": 16.5, "pm2_5": 19.2, "latitude": 25.738094, "longitude": -100.30651 }, "geometry": { "type": "Point", "coordinates": [ -100.30651, 25.738094 ] } },
{ "type": "Feature", "properties": { "sensor_index": 292901, "name": "TEC-AMM-RF-004", "timestamp": "2026-09-08T21:15:28.067627+00:00", "pm1_0": 16.5, "pm2_5": 19.2, "latitude": 25.73373, "longitude": -100.31656 }, "geometry": { "type": "Point", "coordinates": [ -100.31656, 25.73373 ] } },
{ "type": "Feature", "properties": { "sensor_index": 292897, "name": "TEC-AMM-RF-005", "timestamp": "2026-09-08T21:15:28.067627+00:00", "pm1_0": 15.4, "pm2_5": 18.4, "latitude": 25.770947, "longitude": -100.36825 }, "geometry": { "type": "Point", "coordinates": [ -100.36825, 25.770947 ] } },
{ "type": "Feature", "properties": { "sensor_index": 292905, "name": "TEC-AMM-RC-006", "timestamp": "2026-09-08T21:15:28.067627+00:00", "pm1_0": 13.4, "pm2_5": 15.2, "latitude": 25.608519, "longitude": -100.1551 }, "geometry": { "type": "Point", "coordinates": [ -100.1551, 25.608519 ] } },
{ "type": "Feature", "properties": { "sensor_index": 292941, "name": "TEC-AMM-RD-005", "timestamp": "2026-09-08T21:15:28.067627+00:00", "pm1_0": 8.8, "pm2_5": 11.6, "latitude": 25.760899, "longitude": -100.16765 }, "geometry": { "type": "Point", "coordinates": [ -100.16765, 25.760899 ] } },
{ "type": "Feature", "properties": { "sensor_index": 292943, "name": "TEC-AMM-RC-005", "timestamp": "2026-09-08T21:15:28.067627+00:00", "pm1_0": 12.3, "pm2_5": 15.1, "latitude": 25.646128, "longitude": -100.14929 }, "geometry": { "type": "Point", "coordinates": [ -100.14929, 25.646128 ] } },
{ "type": "Feature", "properties": { "sensor_index": 292939, "name": "TEC-AMM-RA-001", "timestamp": "2026-09-08T21:15:28.067627+00:00", "pm1_0": 20.6, "pm2_5": 27.0, "latitude": 25.658657, "longitude": -100.399 }, "geometry": { "type": "Point", "coordinates": [ -100.399, 25.658657 ] } },
{ "type": "Feature", "properties": { "sensor_index": 292949, "name": "TEC-AMM-RA-003", "timestamp": "2026-09-08T21:15:28.067627+00:00", "pm1_0": 19.8, "pm2_5": 25.3, "latitude": 25.661757, "longitude": -100.36972 }, "geometry": { "type": "Point", "coordinates": [ -100.36972, 25.661757 ] } },
{ "type": "Feature", "properties": { "sensor_index": 292951, "name": "TEC-AMM-RB-004", "timestamp": "2026-09-08T21:15:28.067627+00:00", "pm1_0": 17.5, "pm2_5": 22.4, "latitude": 25.66194, "longitude": -100.3313 }, "geometry": { "type": "Point", "coordinates": [ -100.3313, 25.66194 ] } },
{ "type": "Feature", "properties": { "sensor_index": 292947, "name": "TEC-AMM-RA-004", "timestamp": "2026-09-08T21:15:28.067627+00:00", "pm1_0": 22.1, "pm2_5": 28.7, "latitude": 25.684696, "longitude": -100.36298 }, "geometry": { "type": "Point", "coordinates": [ -100.36298, 25.684696 ] } },
{ "type": "Feature", "properties": { "sensor_index": 292957, "name": "TEC-AMM-RC-008", "timestamp": "2026-09-08T21:15:28.067627+00:00", "pm1_0": 22.2, "pm2_5": 29.7, "latitude": 25.731503, "longitude": -100.13724 }, "geometry": { "type": "Point", "coordinates": [ -100.13724, 25.731503 ] } },
{ "type": "Feature", "properties": { "sensor_index": 292973, "name": "TEC-AMM-RC-003", "timestamp": "2026-09-08T21:15:28.067627+00:00", "pm1_0": 10.8, "pm2_5": 13.4, "latitude": 25.684975, "longitude": -100.17443 }, "geometry": { "type": "Point", "coordinates": [ -100.17443, 25.684975 ] } },
{ "type": "Feature", "properties": { "sensor_index": 292983, "name": "TEC-AMM-RC-007", "timestamp": "2026-09-08T21:15:28.067627+00:00", "pm1_0": 17.7, "pm2_5": 24.9, "latitude": 25.650148, "longitude": -100.11657 }, "geometry": { "type": "Point", "coordinates": [ -100.11657, 25.650148 ] } },
{ "type": "Feature", "properties": { "sensor_index": 292997, "name": "TEC-AMM-RF-004", "timestamp": "2026-09-08T21:15:28.067627+00:00", "pm1_0": 17.4, "pm2_5": 21.2, "latitude": 25.738094, "longitude": -100.30651 }, "geometry": { "type": "Point", "coordinates": [ -100.30651, 25.738094 ] } },
{ "type": "Feature", "properties": { "sensor_index": 292997, "name": "TEC-AMM-RF-004", "timestamp": "2026-09-08T21:15:28.067627+00:00", "pm1_0": 17.4, "pm2_5": 21.2, "latitude": 25.73373, "longitude": -100.31656 }, "geometry": { "type": "Point", "coordinates": [ -100.31656, 25.73373 ] } },
{ "type": "Feature", "properties": { "sensor_index": 292999, "name": "TEC-AMM-RE-002", "timestamp": "2026-09-08T21:15:28.067627+00:00", "pm1_0": 13.6, "pm2_5": 16.2, "latitude": 25.772509, "longitude": -100.31119 }, "geometry": { "type": "Point", "coordinates": [ -100.31119, 25.772509 ] } },
{ "type": "Feature", "properties": { "sensor_index": 293001, "name": "TEC-AMM-RF-006", "timestamp": "2026-09-08T21:15:28.067627+00:00", "pm1_0": 19.9, "pm2_5": 26.1, "latitude": 25.71829, "longitude": -100.37077 }, "geometry": { "type": "Point", "coordinates": [ -100.37077, 25.71829 ] } },
{ "type": "Feature", "properties": { "sensor_index": 293003, "name": "TEC-AMM-RB-006", "timestamp": "2026-09-08T21:15:28.067627+00:00", "pm1_0": 16.5, "pm2_5": 19.4, "latitude": 25.676483, "longitude": -100.29272 }, "geometry": { "type": "Point", "coordinates": [ -100.29272, 25.676483 ] } },
{ "type": "Feature", "properties": { "sensor_index": 293469, "name": "Leon Ortigosa ABP", "timestamp": "2026-09-08T21:15:28.067627+00:00", "pm1_0": 19.9, "pm2_5": 26.3, "latitude": 25.67212, "longitude": -100.33521 }, "geometry": { "type": "Point", "coordinates": [ -100.33521, 25.67212 ] } },
{ "type": "Feature", "properties": { "sensor_index": 293465, "name": "Loma Larga", "timestamp": "2026-09-08T21:15:28.067627+00:00", "pm1_0": 19.5, "pm2_5": 26.0, "latitude": 25.665812, "longitude": -100.34373 }, "geometry": { "type": "Point", "coordinates": [ -100.34373, 25.665812 ] } },
{ "type": "Feature", "properties": { "sensor_index": 293467, "name": "UMF37", "timestamp": "2026-09-08T21:15:28.067627+00:00", "pm1_0": 20.5, "pm2_5": 27.4, "latitude": 25.687622, "longitude": -100.342964 }, "geometry": { "type": "Point", "coordinates": [ -100.342964, 25.687622 ] } },
{ "type": "Feature", "properties": { "sensor_index": 33027, "name": "Lagos del Bosque", "timestamp": "2026-09-08T21:15:28.067627+00:00", "pm1_0": 8.2, "pm2_5": 11.5, "latitude": 25.600061, "longitude": -100.26256 }, "geometry": { "type": "Point", "coordinates": [ -100.26256, 25.600061 ] } },
{ "type": "Feature", "properties": { "sensor_index": 33117, "name": "Liceo de Monterrey", "timestamp": "2026-09-08T21:15:28.067627+00:00", "pm1_0": 21.4, "pm2_5": 31.0, "latitude": 25.650322, "longitude": -100.32849 }, "geometry": { "type": "Point", "coordinates": [ -100.32849, 25.650322 ] } },
{ "type": "Feature", "properties": { "sensor_index": 34441, "name": "Callejon de los Ayala", "timestamp": "2026-09-08T21:15:28.067627+00:00", "pm1_0": 4.5, "pm2_5": 7.6, "latitude": 25.6665, "longitude": -100.3976 }, "geometry": { "type": "Point", "coordinates": [ -100.3976, 25.6665 ] } },
{ "type": "Feature", "properties": { "sensor_index": 34499, "name": "San Patricio #106", "timestamp": "2026-09-08T21:15:28.067627+00:00", "pm1_0": 0.0, "pm2_5": 0.0, "latitude": 25.641743, "longitude": -100.3472 }, "geometry": { "type": "Point", "coordinates": [ -100.3472, 25.641743 ] } },
{ "type": "Feature", "properties": { "sensor_index": 34511, "name": "Rosario", "timestamp": "2026-09-08T21:15:28.067627+00:00", "pm1_0": 15.5, "pm2_5": 24.2, "latitude": 25.640432, "longitude": -100.392265 }, "geometry": { "type": "Point", "coordinates": [ -100.392265, 25.640432 ] } },
{ "type": "Feature", "properties": { "sensor_index": 38663, "name": "Rayon Norte", "timestamp": "2026-09-08T21:15:28.067627+00:00", "pm1_0": 14.2, "pm2_5": 19.1, "latitude": 25.678823, "longitude": -100.319695 }, "geometry": { "type": "Point", "coordinates": [ -100.319695, 25.678823 ] } },
{ "type": "Feature", "properties": { "sensor_index": 42211, "name": "RF", "timestamp": "2026-09-08T21:15:28.067627+00:00", "pm1_0": 12.2, "pm2_5": 16.2, "latitude": 25.61638, "longitude": -100.316124 }, "geometry": { "type": "Point", "coordinates": [ -100.316124, 25.61638 ] } },
{ "type": "Feature", "properties": { "sensor_index": 305140, "name": "Bicla", "timestamp": "2026-09-08T21:15:28.067627+00:00", "pm1_0": 21.3, "pm2_5": 29.0, "latitude": 25.700935, "longitude": -100.33541 }, "geometry": { "type": "Point", "coordinates": [ -100.33541, 25.700935 ] } },
{ "type": "Feature", "properties": { "sensor_index": 305164, "name": "NuevaMaderoDave", "timestamp": "2026-09-08T21:15:28.067627+00:00", "pm1_0": 17.7, "pm2_5": 22.2, "latitude": 25.688787, "longitude": -100.27929 }, "geometry": { "type": "Point", "coordinates": [ -100.27929, 25.688787 ] } },
{ "type": "Feature", "properties": { "sensor_index": 305192, "name": "11a avenida cumbres 1 sector", "timestamp": "2026-09-08T21:15:28.067627+00:00", "pm1_0": 18.7, "pm2_5": 22.6, "latitude": 25.69958, "longitude": -100.35898 }, "geometry": { "type": "Point", "coordinates": [ -100.35898, 25.69958 ] } },
{ "type": "Feature", "properties": { "sensor_index": 305232, "name": "PurpleAir Ancira Mty", "timestamp": "2026-09-08T21:15:28.067627+00:00", "pm1_0": 18.8, "pm2_5": 23.0, "latitude": 25.651157, "longitude": -100.3062 }, "geometry": { "type": "Point", "coordinates": [ -100.3062, 25.651157 ] } },
{ "type": "Feature", "properties": { "sensor_index": 43627, "name": "Liceo de Monterrey Rosemont", "timestamp": "2026-09-08T21:15:28.067627+00:00", "pm1_0": 11.9, "pm2_5": 14.6, "latitude": 25.67425, "longitude": -100.35398 }, "geometry": { "type": "Point", "coordinates": [ -100.35398, 25.67425 ] } },
{ "type": "Feature", "properties": { "sensor_index": 45769, "name": "Huascaran", "timestamp": "2026-09-08T21:15:28.067627+00:00", "pm1_0": 15.6, "pm2_5": 21.8, "latitude": 25.637255, "longitude": -100.399216 }, "geometry": { "type": "Point", "coordinates": [ -100.399216, 25.637255 ] } },
{ "type": "Feature", "properties": { "sensor_index": 308956, "name": "Jardín de las carreras", "timestamp": "2026-09-08T21:15:28.067627+00:00", "pm1_0": 18.2, "pm2_5": 22.9, "latitude": 25.650595, "longitude": -100.289 }, "geometry": { "type": "Point", "coordinates": [ -100.289, 25.650595 ] } },
{ "type": "Feature", "properties": { "sensor_index": 49949, "name": "El Horizonte", "timestamp": "2026-09-08T21:15:28.067627+00:00", "pm1_0": 12.0, "pm2_5": 18.2, "latitude": 25.677492, "longitude": -100.29761 }, "geometry": { "type": "Point", "coordinates": [ -100.29761, 25.677492 ] } },
{ "type": "Feature", "properties": { "sensor_index": 50555, "name": "Treviño", "timestamp": "2026-09-08T21:15:28.067627+00:00", "pm1_0": 0.0, "pm2_5": 0.0, "latitude": 25.638243, "longitude": -100.36743 }, "geometry": { "type": "Point", "coordinates": [ -100.36743, 25.638243 ] } },
{ "type": "Feature", "properties": { "sensor_index": 50871, "name": "TEC Garza Laguera", "timestamp": "2026-09-08T21:15:28.067627+00:00", "pm1_0": 11.8, "pm2_5": 17.2, "latitude": 25.61827, "longitude": -100.27293 }, "geometry": { "type": "Point", "coordinates": [ -100.27293, 25.61827 ] } },
{ "type": "Feature", "properties": { "sensor_index": 321194, "name": "Ramsesgs", "timestamp": "2026-09-08T21:15:28.067627+00:00", "pm1_0": 17.6, "pm2_5": 20.9, "latitude": 25.61975, "longitude": -100.29781 }, "geometry": { "type": "Point", "coordinates": [ -100.29781, 25.61975 ] } },
{ "type": "Feature", "properties": { "sensor_index": 119937, "name": "Grupo Reforma Cumbres", "timestamp": "2026-09-08T21:15:28.067627+00:00", "pm1_0": 14.5, "pm2_5": 21.9, "latitude": 25.71012, "longitude": -100.37474 }, "geometry": { "type": "Point", "coordinates": [ -100.37474, 25.71012 ] } },
{ "type": "Feature", "properties": { "sensor_index": 119965, "name": "Grupo Reforma El Norte", "timestamp": "2026-09-08T21:15:28.067627+00:00", "pm1_0": 13.0, "pm2_5": 17.2, "latitude": 25.674164, "longitude": -100.30816 }, "geometry": { "type": "Point", "coordinates": [ -100.30816, 25.674164 ] } },
{ "type": "Feature", "properties": { "sensor_index": 121825, "name": "Grupo Reforma Sierra Madre", "timestamp": "2026-09-08T21:15:28.067627+00:00", "pm1_0": 3041.4, "pm2_5": 3041.4, "latitude": 25.663378, "longitude": -100.36808 }, "geometry": { "type": "Point", "coordinates": [ -100.36808, 25.663378 ] } },
{ "type": "Feature", "properties": { "sensor_index": 136522, "name": "Bosques de La Pastora", "timestamp": "2026-09-08T21:15:28.067627+00:00", "pm1_0": 4.1, "pm2_5": 8.1, "latitude": 25.65773, "longitude": -100.251625 }, "geometry": { "type": "Point", "coordinates": [ -100.251625, 25.65773 ] } },
{ "type": "Feature", "properties": { "sensor_index": 147010, "name": "Santa Barbara", "timestamp": "2026-09-08T21:15:28.067627+00:00", "pm1_0": 17.8, "pm2_5": 23.7, "latitude": 25.661701, "longitude": -100.38932 }, "geometry": { "type": "Point", "coordinates": [ -100.38932, 25.661701 ] } },
{ "type": "Feature", "properties": { "sensor_index": 174781, "name": "Colegio Cambridge de Monterrey Campus Mitras", "timestamp": "2026-09-08T21:15:28.067627+00:00", "pm1_0": 20.2, "pm2_5": 25.2, "latitude": 25.696613, "longitude": -100.348114 }, "geometry": { "type": "Point", "coordinates": [ -100.348114, 25.696613 ] } },
{ "type": "Feature", "properties": { "sensor_index": 174787, "name": "Colegio Cambridge de Monterrey Campus Norte", "timestamp": "2026-09-08T21:15:28.067627+00:00", "pm1_0": 16.5, "pm2_5": 18.1, "latitude": 25.779613, "longitude": -100.28022 }, "geometry": { "type": "Point", "coordinates": [ -100.28022, 25.779613 ] } },
{ "type": "Feature", "properties": { "sensor_index": 189431, "name": "BEA", "timestamp": "2026-09-08T21:15:28.067627+00:00", "pm1_0": 17.5, "pm2_5": 24.6, "latitude": 25.65725, "longitude": -100.35996 }, "geometry": { "type": "Point", "coordinates": [ -100.35996, 25.65725 ] } },
{ "type": "Feature", "properties": { "sensor_index": 189435, "name": "Olinalá", "timestamp": "2026-09-08T21:15:28.067627+00:00", "pm1_0": 19.9, "pm2_5": 29.7, "latitude": 25.618986, "longitude": -100.37645 }, "geometry": { "type": "Point", "coordinates": [ -100.37645, 25.618986 ] } },
{ "type": "Feature", "properties": { "sensor_index": 189447, "name": "Río Amazonas NO", "timestamp": "2026-09-08T21:15:28.067627+00:00", "pm1_0": 20.8, "pm2_5": 29.1, "latitude": 25.662104, "longitude": -100.37172 }, "geometry": { "type": "Point", "coordinates": [ -100.37172, 25.662104 ] } },
{ "type": "Feature", "properties": { "sensor_index": 189455, "name": "CHIPINQUE CAV", "timestamp": "2026-09-08T21:15:28.067627+00:00", "pm1_0": 16.4, "pm2_5": 25.8, "latitude": 25.618307, "longitude": -100.359955 }, "geometry": { "type": "Point", "coordinates": [ -100.359955, 25.618307 ] } },
{ "type": "Feature", "properties": { "sensor_index": 189469, "name": "Hospital Zambran Hellion TecSalud", "timestamp": "2026-09-08T21:15:28.067627+00:00", "pm1_0": 17.2, "pm2_5": 25.3, "latitude": 25.64684, "longitude": -100.33364 }, "geometry": { "type": "Point", "coordinates": [ -100.33364, 25.64684 ] } },
{ "type": "Feature", "properties": { "sensor_index": 208785, "name": "Colegio Cambridge de Monterrey Campus Anáhuac", "timestamp": "2026-09-08T21:15:28.067627+00:00", "pm1_0": 16.4, "pm2_5": 18.5, "latitude": 25.77144, "longitude": -100.26785 }, "geometry": { "type": "Point", "coordinates": [ -100.26785, 25.77144 ] } },
{ "type": "Feature", "properties": { "sensor_index": 209147, "name": "Rincon de San Jeronimo", "timestamp": "2026-09-08T21:15:28.067627+00:00", "pm1_0": 19.6, "pm2_5": 28.2, "latitude": 25.691032, "longitude": -100.375786 }, "geometry": { "type": "Point", "coordinates": [ -100.375786, 25.691032 ] } },
{ "type": "Feature", "properties": { "sensor_index": 227879, "name": "Rectoria", "timestamp": "2026-09-08T21:15:28.067627+00:00", "pm1_0": 16.1, "pm2_5": 18.6, "latitude": 25.651268, "longitude": -100.291214 }, "geometry": { "type": "Point", "coordinates": [ -100.291214, 25.651268 ] } },
{ "type": "Feature", "properties": { "sensor_index": 227887, "name": "Sensor_Purple_Air-Explanada_EGP-Entrada_Prin", "timestamp": "2026-09-08T21:15:28.067627+00:00", "pm1_0": 13.7, "pm2_5": 16.9, "latitude": 25.64419, "longitude": -100.3255 }, "geometry": { "type": "Point", "coordinates": [ -100.3255, 25.64419 ] } },
{ "type": "Feature", "properties": { "sensor_index": 227889, "name": "Parque central", "timestamp": "2026-09-08T21:15:28.067627+00:00", "pm1_0": 13.1, "pm2_5": 15.1, "latitude": 25.652395, "longitude": -100.28713 }, "geometry": { "type": "Point", "coordinates": [ -100.28713, 25.652395 ] } },
{ "type": "Feature", "properties": { "sensor_index": 227907, "name": "Estacionamiento Alumnos", "timestamp": "2026-09-08T21:15:28.067627+00:00", "pm1_0": 14.2, "pm2_5": 17.0, "latitude": 25.744081, "longitude": -100.28277 }, "geometry": { "type": "Point", "coordinates": [ -100.28277, 25.744081 ] } },
{ "type": "Feature", "properties": { "sensor_index": 227913, "name": "EGADE-Sombrillas", "timestamp": "2026-09-08T21:15:28.067627+00:00", "pm1_0": 19.1, "pm2_5": 24.4, "latitude": 25.643106, "longitude": -100.32573 }, "geometry": { "type": "Point", "coordinates": [ -100.32573, 25.643106 ] } },
{ "type": "Feature", "properties": { "sensor_index": 228003, "name": "EGL-Jardín Robótica", "timestamp": "2026-09-08T21:15:28.067627+00:00", "pm1_0": 14.0, "pm2_5": 17.1, "latitude": 25.61803, "longitude": -100.27554 }, "geometry": { "type": "Point", "coordinates": [ -100.27554, 25.61803 ] } },
{ "type": "Feature", "properties": { "sensor_index": 228001, "name": "C-MTY Explanada 2", "timestamp": "2026-09-08T21:15:28.067627+00:00", "pm1_0": 15.9, "pm2_5": 19.5, "latitude": 25.656332, "longitude": -100.20696 }, "geometry": { "type": "Point", "coordinates": [ -100.20696, 25.656332 ] } },
{ "type": "Feature", "properties": { "sensor_index": 228383, "name": "Estadio Banorte", "timestamp": "2026-09-08T21:15:28.067627+00:00", "pm1_0": 18.7, "pm2_5": 22.7, "latitude": 25.654228, "longitude": -100.28651 }, "geometry": { "type": "Point", "coordinates": [ -100.28651, 25.654228 ] } },
{ "type": "Feature", "properties": { "sensor_index": 228381, "name": "C-MTY RAMPA CAFETERÍA", "timestamp": "2026-09-08T21:15:28.067627+00:00", "pm1_0": 16.3, "pm2_5": 19.9, "latitude": 25.628263, "longitude": -100.30376 }, "geometry": { "type": "Point", "coordinates": [ -100.30376, 25.628263 ] } },
{ "type": "Feature", "properties": { "sensor_index": 228389, "name": "PEGS-Sensor-Canchas", "timestamp": "2026-09-08T21:15:28.067627+00:00", "pm1_0": 20.9, "pm2_5": 27.3, "latitude": 25.670425, "longitude": -100.35683 }, "geometry": { "type": "Point", "coordinates": [ -100.35683, 25.670425 ] } },
{ "type": "Feature", "properties": { "sensor_index": 228407, "name": "CEDES", "timestamp": "2026-09-08T21:15:28.067627+00:00", "pm1_0": 13.8, "pm2_5": 16.4, "latitude": 25.653677, "longitude": -100.29242 }, "geometry": { "type": "Point", "coordinates": [ -100.29242, 25.653677 ] } },
{ "type": "Feature", "properties": { "sensor_index": 278863, "name": "Rio Balsas", "timestamp": "2026-09-08T21:31:13.030539+00:00", "pm1_0": 18.7, "pm2_5": 24.2, "latitude": 25.662691, "longitude": -100.37312 }, "geometry": { "type": "Point", "coordinates": [ -100.37312, 25.662691 ] } },
{ "type": "Feature", "properties": { "sensor_index": 278869, "name": "Veredalta", "timestamp": "2026-09-08T21:31:13.030539+00:00", "pm1_0": 16.4, "pm2_5": 19.9, "latitude": 25.638226, "longitude": -100.3525 }, "geometry": { "type": "Point", "coordinates": [ -100.3525, 25.638226 ] } },
{ "type": "Feature", "properties": { "sensor_index": 278871, "name": "Parroquia Reina de Los Ángeles", "timestamp": "2026-09-08T21:31:13.030539+00:00", "pm1_0": 13.3, "pm2_5": 21.0, "latitude": 25.636341, "longitude": -100.36872 }, "geometry": { "type": "Point", "coordinates": [ -100.36872, 25.636341 ] } },
{ "type": "Feature", "properties": { "sensor_index": 278875, "name": "Secretaría de Relaciones Exteriores", "timestamp": "2026-09-08T21:31:13.030539+00:00", "pm1_0": 19.8, "pm2_5": 26.2, "latitude": 25.667723, "longitude": -100.38136 }, "geometry": { "type": "Point", "coordinates": [ -100.38136, 25.667723 ] } },
{ "type": "Feature", "properties": { "sensor_index": 278883, "name": "Mater International Institute", "timestamp": "2026-09-08T21:31:13.030539+00:00", "pm1_0": 18.3, "pm2_5": 22.2, "latitude": 25.641127, "longitude": -100.362755 }, "geometry": { "type": "Point", "coordinates": [ -100.362755, 25.641127 ] } },
{ "type": "Feature", "properties": { "sensor_index": 278889, "name": "Chipinque Meseta", "timestamp": "2026-09-08T21:31:13.030539+00:00", "pm1_0": 14.7, "pm2_5": 20.7, "latitude": 25.607624, "longitude": -100.355156 }, "geometry": { "type": "Point", "coordinates": [ -100.355156, 25.607624 ] } },
{ "type": "Feature", "properties": { "sensor_index": 278901, "name": "OFICINAS SAN PEDRO PARQUES", "timestamp": "2026-09-08T21:31:13.030539+00:00", "pm1_0": 18.9, "pm2_5": 23.0, "latitude": 25.644024, "longitude": -100.376305 }, "geometry": { "type": "Point", "coordinates": [ -100.376305, 25.644024 ] } },
{ "type": "Feature", "properties": { "sensor_index": 278919, "name": "Residencia Tabachín", "timestamp": "2026-09-08T21:31:13.030539+00:00", "pm1_0": 11.5, "pm2_5": 14.9, "latitude": 25.630367, "longitude": -100.34808 }, "geometry": { "type": "Point", "coordinates": [ -100.34808, 25.630367 ] } },
{ "type": "Feature", "properties": { "sensor_index": 278929, "name": "Rio Caura", "timestamp": "2026-09-08T21:31:13.030539+00:00", "pm1_0": 19.3, "pm2_5": 26.5, "latitude": 25.659946, "longitude": -100.38283 }, "geometry": { "type": "Point", "coordinates": [ -100.38283, 25.659946 ] } },
{ "type": "Feature", "properties": { "sensor_index": 278931, "name": "Residencia Platon", "timestamp": "2026-09-08T21:31:13.030539+00:00", "pm1_0": 20.1, "pm2_5": 27.0, "latitude": 25.630522, "longitude": -100.36023 }, "geometry": { "type": "Point", "coordinates": [ -100.36023, 25.630522 ] } },
{ "type": "Feature", "properties": { "sensor_index": 278937, "name": "Residencia Saqqara", "timestamp": "2026-09-08T21:31:13.030539+00:00", "pm1_0": 16.0, "pm2_5": 22.1, "latitude": 25.652473, "longitude": -100.349236 }, "geometry": { "type": "Point", "coordinates": [ -100.349236, 25.652473 ] } },
{ "type": "Feature", "properties": { "sensor_index": 278939, "name": "Residencia Rio Rosas", "timestamp": "2026-09-08T21:31:13.030539+00:00", "pm1_0": 16.8, "pm2_5": 21.7, "latitude": 25.656303, "longitude": -100.36027 }, "geometry": { "type": "Point", "coordinates": [ -100.36027, 25.656303 ] } },
{ "type": "Feature", "properties": { "sensor_index": 278951, "name": "Parque El Capitán", "timestamp": "2026-09-08T21:31:13.030539+00:00", "pm1_0": 15.7, "pm2_5": 18.8, "latitude": 25.663504, "longitude": -100.35734 }, "geometry": { "type": "Point", "coordinates": [ -100.35734, 25.663504 ] } },
{ "type": "Feature", "properties": { "sensor_index": 278957, "name": "Los Pinos", "timestamp": "2026-09-08T21:31:13.030539+00:00", "pm1_0": 15.5, "pm2_5": 21.2, "latitude": 25.672205, "longitude": -100.397354 }, "geometry": { "type": "Point", "coordinates": [ -100.397354, 25.672205 ] } },
{ "type": "Feature", "properties": { "sensor_index": 278959, "name": "Colegio Nobel", "timestamp": "2026-09-08T21:31:13.030539+00:00", "pm1_0": 17.4, "pm2_5": 21.5, "latitude": 25.657562, "longitude": -100.39641 }, "geometry": { "type": "Point", "coordinates": [ -100.39641, 25.657562 ] } },
{ "type": "Feature", "properties": { "sensor_index": 278955, "name": "Residencia San Mateo", "timestamp": "2026-09-08T21:31:13.030539+00:00", "pm1_0": 15.2, "pm2_5": 20.6, "latitude": 25.643766, "longitude": -100.31643 }, "geometry": { "type": "Point", "coordinates": [ -100.31643, 25.643766 ] } },
{ "type": "Feature", "properties": { "sensor_index": 279836, "name": "San Roberto International School San Agustin", "timestamp": "2026-09-08T21:31:13.030539+00:00", "pm1_0": 16.2, "pm2_5": 19.3, "latitude": 25.646032, "longitude": -100.338165 }, "geometry": { "type": "Point", "coordinates": [ -100.338165, 25.646032 ] } },
{ "type": "Feature", "properties": { "sensor_index": 279834, "name": "Colegio Ingles Campus Encino", "timestamp": "2026-09-08T21:31:13.030539+00:00", "pm1_0": 20.1, "pm2_5": 26.5, "latitude": 25.637669, "longitude": -100.33746 }, "geometry": { "type": "Point", "coordinates": [ -100.33746, 25.637669 ] } },
{ "type": "Feature", "properties": { "sensor_index": 279854, "name": "Pinos", "timestamp": "2026-09-08T21:31:13.030539+00:00", "pm1_0": 15.1, "pm2_5": 16.9, "latitude": 25.65975, "longitude": -100.349976 }, "geometry": { "type": "Point", "coordinates": [ -100.349976, 25.65975 ] } },
{ "type": "Feature", "properties": { "sensor_index": 279866, "name": "Lomas del Campestre", "timestamp": "2026-09-08T21:31:13.030539+00:00", "pm1_0": 18.0, "pm2_5": 21.6, "latitude": 25.638052, "longitude": -100.33173 }, "geometry": { "type": "Point", "coordinates": [ -100.33173, 25.638052 ] } },
{ "type": "Feature", "properties": { "sensor_index": 279890, "name": "María Desatadora de Nudos", "timestamp": "2026-09-08T21:31:13.030539+00:00", "pm1_0": 18.3, "pm2_5": 22.6, "latitude": 25.624146, "longitude": -100.37315 }, "geometry": { "type": "Point", "coordinates": [ -100.37315, 25.624146 ] } },
{ "type": "Feature", "properties": { "sensor_index": 279926, "name": "Parque Mississippi", "timestamp": "2026-09-08T21:31:13.030539+00:00", "pm1_0": 18.8, "pm2_5": 22.7, "latitude": 25.657495, "longitude": -100.36317 }, "geometry": { "type": "Point", "coordinates": [ -100.36317, 25.657495 ] } },
{ "type": "Feature", "properties": { "sensor_index": 280524, "name": "Privada Paso de la Sierra", "timestamp": "2026-09-08T21:31:13.030539+00:00", "pm1_0": 18.5, "pm2_5": 22.0, "latitude": 25.648457, "longitude": -100.36256 }, "geometry": { "type": "Point", "coordinates": [ -100.36256, 25.648457 ] } },
{ "type": "Feature", "properties": { "sensor_index": 280520, "name": "Irish International School Campus First School", "timestamp": "2026-09-08T21:31:13.030539+00:00", "pm1_0": 15.6, "pm2_5": 17.5, "latitude": 25.639212, "longitude": -100.34154 }, "geometry": { "type": "Point", "coordinates": [ -100.34154, 25.639212 ] } },
{ "type": "Feature", "properties": { "sensor_index": 280532, "name": "Museo La Milarca", "timestamp": "2026-09-08T21:31:13.030539+00:00", "pm1_0": 15.1, "pm2_5": 18.0, "latitude": 25.64443, "longitude": -100.32734 }, "geometry": { "type": "Point", "coordinates": [ -100.32734, 25.64443 ] } },
{ "type": "Feature", "properties": { "sensor_index": 280534, "name": "Residencia Savotino", "timestamp": "2026-09-08T21:31:13.030539+00:00", "pm1_0": 18.5, "pm2_5": 23.4, "latitude": 25.662497, "longitude": -100.36313 }, "geometry": { "type": "Point", "coordinates": [ -100.36313, 25.662497 ] } },
{ "type": "Feature", "properties": { "sensor_index": 280644, "name": "Residencia nogal", "timestamp": "2026-09-08T21:31:13.030539+00:00", "pm1_0": 18.0, "pm2_5": 24.5, "latitude": 25.61478, "longitude": -100.368286 }, "geometry": { "type": "Point", "coordinates": [ -100.368286, 25.61478 ] } },
{ "type": "Feature", "properties": { "sensor_index": 280900, "name": "Rio Necaxa", "timestamp": "2026-09-08T21:31:13.030539+00:00", "pm1_0": 17.7, "pm2_5": 22.3, "latitude": 25.65677, "longitude": -100.344666 }, "geometry": { "type": "Point", "coordinates": [ -100.344666, 25.65677 ] } },
{ "type": "Feature", "properties": { "sensor_index": 280902, "name": "Residencia Rio Pesqueria", "timestamp": "2026-09-08T21:31:13.030539+00:00", "pm1_0": 18.6, "pm2_5": 22.7, "latitude": 25.658936, "longitude": -100.37394 }, "geometry": { "type": "Point", "coordinates": [ -100.37394, 25.658936 ] } },
{ "type": "Feature", "properties": { "sensor_index": 284960, "name": "Esquina Barranquilla y Patagonia (Altavista)", "timestamp": "2026-09-08T21:31:13.030539+00:00", "pm1_0": 17.9, "pm2_5": 21.1, "latitude": 25.644045, "longitude": -100.29044 }, "geometry": { "type": "Point", "coordinates": [ -100.29044, 25.644045 ] } },
{ "type": "Feature", "properties": { "sensor_index": 286238, "name": "Oasis", "timestamp": "2026-09-08T21:31:13.030539+00:00", "pm1_0": 20.0, "pm2_5": 24.5, "latitude": 25.640884, "longitude": -100.30304 }, "geometry": { "type": "Point", "coordinates": [ -100.30304, 25.640884 ] } },
{ "type": "Feature", "properties": { "sensor_index": 286240, "name": "Casa Naranjos", "timestamp": "2026-09-08T21:31:13.030539+00:00", "pm1_0": 14.9, "pm2_5": 17.3, "latitude": 25.654285, "longitude": -100.28977 }, "geometry": { "type": "Point", "coordinates": [ -100.28977, 25.654285 ] } },
{ "type": "Feature", "properties": { "sensor_index": 288064, "name": "Terminal", "timestamp": "2026-09-08T21:31:13.030539+00:00", "pm1_0": 16.1, "pm2_5": 20.7, "latitude": 25.686438, "longitude": -100.29351 }, "geometry": { "type": "Point", "coordinates": [ -100.29351, 25.686438 ] } },
{ "type": "Feature", "properties": { "sensor_index": 288066, "name": "Hospital de San Vicente", "timestamp": "2026-09-08T21:31:13.030539+00:00", "pm1_0": 20.2, "pm2_5": 24.7, "latitude": 25.67851, "longitude": -100.324974 }, "geometry": { "type": "Point", "coordinates": [ -100.324974, 25.67851 ] } },
{ "type": "Feature", "properties": { "sensor_index": 288332, "name": "Facultad de Salud Pública y Nutrición", "timestamp": "2026-09-08T21:31:13.030539+00:00", "pm1_0": 21.3, "pm2_5": 27.1, "latitude": 25.688875, "longitude": -100.34783 }, "geometry": { "type": "Point", "coordinates": [ -100.34783, 25.688875 ] } },
{ "type": "Feature", "properties": { "sensor_index": 292893, "name": "TEC-AMM-RB-005", "timestamp": "2026-09-08T21:31:13.030539+00:00", "pm1_0": 15.3, "pm2_5": 18.9, "latitude": 25.658117, "longitude": -100.26312 }, "geometry": { "type": "Point", "coordinates": [ -100.26312, 25.658117 ] } },
{ "type": "Feature", "properties": { "sensor_index": 292895, "name": "TEC-AMM-RD-004", "timestamp": "2026-09-08T21:31:13.030539+00:00", "pm1_0": 14.7, "pm2_5": 18.0, "latitude": 25.774128, "longitude": -100.26622 }, "geometry": { "type": "Point", "coordinates": [ -100.26622, 25.774128 ] } },
{ "type": "Feature", "properties": { "sensor_index": 292889, "name": "TEC-AMM-RB-003", "timestamp": "2026-09-08T21:31:13.030539+00:00", "pm1_0": 13.8, "pm2_5": 16.8, "latitude": 25.654068, "longitude": -100.22748 }, "geometry": { "type": "Point", "coordinates": [ -100.22748, 25.654068 ] } },
{ "type": "Feature", "properties": { "sensor_index": 292891, "name": "TEC-AMM-RC-004", "timestamp": "2026-09-08T21:31:13.030539+00:00", "pm1_0": 10.7, "pm2_5": 12.0, "latitude": 25.639277, "longitude": -100.17398 }, "geometry": { "type": "Point", "coordinates": [ -100.17398, 25.639277 ] } },
{ "type": "Feature", "properties": { "sensor_index": 292901, "name": "TEC-AMM-RF-004", "timestamp": "2026-09-08T21:31:13.030539+00:00", "pm1_0": 14.4, "pm2_5": 16.5, "latitude": 25.738094, "longitude": -100.30651 }, "geometry": { "type": "Point", "coordinates": [ -100.30651, 25.738094 ] } },
{ "type": "Feature", "properties": { "sensor_index": 292901, "name": "TEC-AMM-RF-004", "timestamp": "2026-09-08T21:31:13.030539+00:00", "pm1_0": 14.4, "pm2_5": 16.5, "latitude": 25.73373, "longitude": -100.31656 }, "geometry": { "type": "Point", "coordinates": [ -100.31656, 25.73373 ] } },
{ "type": "Feature", "properties": { "sensor_index": 292897, "name": "TEC-AMM-RF-005", "timestamp": "2026-09-08T21:31:13.030539+00:00", "pm1_0": 17.7, "pm2_5": 21.6, "latitude": 25.770947, "longitude": -100.36825 }, "geometry": { "type": "Point", "coordinates": [ -100.36825, 25.770947 ] } },
{ "type": "Feature", "properties": { "sensor_index": 292905, "name": "TEC-AMM-RC-006", "timestamp": "2026-09-08T21:31:13.030539+00:00", "pm1_0": 12.4, "pm2_5": 14.6, "latitude": 25.608519, "longitude": -100.1551 }, "geometry": { "type": "Point", "coordinates": [ -100.1551, 25.608519 ] } },
{ "type": "Feature", "properties": { "sensor_index": 292941, "name": "TEC-AMM-RD-005", "timestamp": "2026-09-08T21:31:13.030539+00:00", "pm1_0": 8.8, "pm2_5": 11.6, "latitude": 25.760899, "longitude": -100.16765 }, "geometry": { "type": "Point", "coordinates": [ -100.16765, 25.760899 ] } },
{ "type": "Feature", "properties": { "sensor_index": 292943, "name": "TEC-AMM-RC-005", "timestamp": "2026-09-08T21:31:13.030539+00:00", "pm1_0": 15.3, "pm2_5": 21.6, "latitude": 25.646128, "longitude": -100.14929 }, "geometry": { "type": "Point", "coordinates": [ -100.14929, 25.646128 ] } },
{ "type": "Feature", "properties": { "sensor_index": 292939, "name": "TEC-AMM-RA-001", "timestamp": "2026-09-08T21:31:13.030539+00:00", "pm1_0": 19.9, "pm2_5": 25.4, "latitude": 25.658657, "longitude": -100.399 }, "geometry": { "type": "Point", "coordinates": [ -100.399, 25.658657 ] } },
{ "type": "Feature", "properties": { "sensor_index": 292949, "name": "TEC-AMM-RA-003", "timestamp": "2026-09-08T21:31:13.030539+00:00", "pm1_0": 20.1, "pm2_5": 25.0, "latitude": 25.661757, "longitude": -100.36972 }, "geometry": { "type": "Point", "coordinates": [ -100.36972, 25.661757 ] } },
{ "type": "Feature", "properties": { "sensor_index": 292951, "name": "TEC-AMM-RB-004", "timestamp": "2026-09-08T21:31:13.030539+00:00", "pm1_0": 17.0, "pm2_5": 21.5, "latitude": 25.66194, "longitude": -100.3313 }, "geometry": { "type": "Point", "coordinates": [ -100.3313, 25.66194 ] } },
{ "type": "Feature", "properties": { "sensor_index": 292947, "name": "TEC-AMM-RA-004", "timestamp": "2026-09-08T21:31:13.030539+00:00", "pm1_0": 19.9, "pm2_5": 24.4, "latitude": 25.684696, "longitude": -100.36298 }, "geometry": { "type": "Point", "coordinates": [ -100.36298, 25.684696 ] } },
{ "type": "Feature", "properties": { "sensor_index": 292957, "name": "TEC-AMM-RC-008", "timestamp": "2026-09-08T21:31:13.030539+00:00", "pm1_0": 22.2, "pm2_5": 29.7, "latitude": 25.731503, "longitude": -100.13724 }, "geometry": { "type": "Point", "coordinates": [ -100.13724, 25.731503 ] } },
{ "type": "Feature", "properties": { "sensor_index": 292973, "name": "TEC-AMM-RC-003", "timestamp": "2026-09-08T21:31:13.030539+00:00", "pm1_0": 12.6, "pm2_5": 15.5, "latitude": 25.684975, "longitude": -100.17443 }, "geometry": { "type": "Point", "coordinates": [ -100.17443, 25.684975 ] } },
{ "type": "Feature", "properties": { "sensor_index": 292983, "name": "TEC-AMM-RC-007", "timestamp": "2026-09-08T21:31:13.030539+00:00", "pm1_0": 17.7, "pm2_5": 24.9, "latitude": 25.650148, "longitude": -100.11657 }, "geometry": { "type": "Point", "coordinates": [ -100.11657, 25.650148 ] } },
{ "type": "Feature", "properties": { "sensor_index": 292997, "name": "TEC-AMM-RF-004", "timestamp": "2026-09-08T21:31:13.030539+00:00", "pm1_0": 15.5, "pm2_5": 19.0, "latitude": 25.738094, "longitude": -100.30651 }, "geometry": { "type": "Point", "coordinates": [ -100.30651, 25.738094 ] } },
{ "type": "Feature", "properties": { "sensor_index": 292997, "name": "TEC-AMM-RF-004", "timestamp": "2026-09-08T21:31:13.030539+00:00", "pm1_0": 15.5, "pm2_5": 19.0, "latitude": 25.73373, "longitude": -100.31656 }, "geometry": { "type": "Point", "coordinates": [ -100.31656, 25.73373 ] } },
{ "type": "Feature", "properties": { "sensor_index": 292999, "name": "TEC-AMM-RE-002", "timestamp": "2026-09-08T21:31:13.030539+00:00", "pm1_0": 18.6, "pm2_5": 22.7, "latitude": 25.772509, "longitude": -100.31119 }, "geometry": { "type": "Point", "coordinates": [ -100.31119, 25.772509 ] } },
{ "type": "Feature", "properties": { "sensor_index": 293001, "name": "TEC-AMM-RF-006", "timestamp": "2026-09-08T21:31:13.030539+00:00", "pm1_0": 21.4, "pm2_5": 28.2, "latitude": 25.71829, "longitude": -100.37077 }, "geometry": { "type": "Point", "coordinates": [ -100.37077, 25.71829 ] } },
{ "type": "Feature", "properties": { "sensor_index": 293003, "name": "TEC-AMM-RB-006", "timestamp": "2026-09-08T21:31:13.030539+00:00", "pm1_0": 15.2, "pm2_5": 17.9, "latitude": 25.676483, "longitude": -100.29272 }, "geometry": { "type": "Point", "coordinates": [ -100.29272, 25.676483 ] } },
{ "type": "Feature", "properties": { "sensor_index": 293469, "name": "Leon Ortigosa ABP", "timestamp": "2026-09-08T21:31:13.030539+00:00", "pm1_0": 17.6, "pm2_5": 22.9, "latitude": 25.67212, "longitude": -100.33521 }, "geometry": { "type": "Point", "coordinates": [ -100.33521, 25.67212 ] } },
{ "type": "Feature", "properties": { "sensor_index": 293465, "name": "Loma Larga", "timestamp": "2026-09-08T21:31:13.030539+00:00", "pm1_0": 16.1, "pm2_5": 20.8, "latitude": 25.665812, "longitude": -100.34373 }, "geometry": { "type": "Point", "coordinates": [ -100.34373, 25.665812 ] } },
{ "type": "Feature", "properties": { "sensor_index": 293467, "name": "UMF37", "timestamp": "2026-09-08T21:31:13.030539+00:00", "pm1_0": 19.3, "pm2_5": 24.4, "latitude": 25.687622, "longitude": -100.342964 }, "geometry": { "type": "Point", "coordinates": [ -100.342964, 25.687622 ] } },
{ "type": "Feature", "properties": { "sensor_index": 33027, "name": "Lagos del Bosque", "timestamp": "2026-09-08T21:31:13.030539+00:00", "pm1_0": 7.6, "pm2_5": 11.2, "latitude": 25.600061, "longitude": -100.26256 }, "geometry": { "type": "Point", "coordinates": [ -100.26256, 25.600061 ] } },
{ "type": "Feature", "properties": { "sensor_index": 33117, "name": "Liceo de Monterrey", "timestamp": "2026-09-08T21:31:13.030539+00:00", "pm1_0": 20.1, "pm2_5": 28.1, "latitude": 25.650322, "longitude": -100.32849 }, "geometry": { "type": "Point", "coordinates": [ -100.32849, 25.650322 ] } },
{ "type": "Feature", "properties": { "sensor_index": 34441, "name": "Callejon de los Ayala", "timestamp": "2026-09-08T21:31:13.030539+00:00", "pm1_0": 4.7, "pm2_5": 7.7, "latitude": 25.6665, "longitude": -100.3976 }, "geometry": { "type": "Point", "coordinates": [ -100.3976, 25.6665 ] } },
{ "type": "Feature", "properties": { "sensor_index": 34499, "name": "San Patricio #106", "timestamp": "2026-09-08T21:31:13.030539+00:00", "pm1_0": 0.0, "pm2_5": 0.0, "latitude": 25.641743, "longitude": -100.3472 }, "geometry": { "type": "Point", "coordinates": [ -100.3472, 25.641743 ] } },
{ "type": "Feature", "properties": { "sensor_index": 34511, "name": "Rosario", "timestamp": "2026-09-08T21:31:13.030539+00:00", "pm1_0": 13.0, "pm2_5": 21.4, "latitude": 25.640432, "longitude": -100.392265 }, "geometry": { "type": "Point", "coordinates": [ -100.392265, 25.640432 ] } },
{ "type": "Feature", "properties": { "sensor_index": 38663, "name": "Rayon Norte", "timestamp": "2026-09-08T21:31:13.030539+00:00", "pm1_0": 14.2, "pm2_5": 19.1, "latitude": 25.678823, "longitude": -100.319695 }, "geometry": { "type": "Point", "coordinates": [ -100.319695, 25.678823 ] } },
{ "type": "Feature", "properties": { "sensor_index": 42211, "name": "RF", "timestamp": "2026-09-08T21:31:13.030539+00:00", "pm1_0": 10.3, "pm2_5": 14.2, "latitude": 25.61638, "longitude": -100.316124 }, "geometry": { "type": "Point", "coordinates": [ -100.316124, 25.61638 ] } },
{ "type": "Feature", "properties": { "sensor_index": 305140, "name": "Bicla", "timestamp": "2026-09-08T21:31:13.030539+00:00", "pm1_0": 18.0, "pm2_5": 23.4, "latitude": 25.700935, "longitude": -100.33541 }, "geometry": { "type": "Point", "coordinates": [ -100.33541, 25.700935 ] } },
{ "type": "Feature", "properties": { "sensor_index": 305164, "name": "NuevaMaderoDave", "timestamp": "2026-09-08T21:31:13.030539+00:00", "pm1_0": 10.3, "pm2_5": 13.2, "latitude": 25.688787, "longitude": -100.27929 }, "geometry": { "type": "Point", "coordinates": [ -100.27929, 25.688787 ] } },
{ "type": "Feature", "properties": { "sensor_index": 305192, "name": "11a avenida cumbres 1 sector", "timestamp": "2026-09-08T21:31:13.030539+00:00", "pm1_0": 20.0, "pm2_5": 25.1, "latitude": 25.69958, "longitude": -100.35898 }, "geometry": { "type": "Point", "coordinates": [ -100.35898, 25.69958 ] } },
{ "type": "Feature", "properties": { "sensor_index": 305232, "name": "PurpleAir Ancira Mty", "timestamp": "2026-09-08T21:31:13.030539+00:00", "pm1_0": 17.5, "pm2_5": 21.8, "latitude": 25.651157, "longitude": -100.3062 }, "geometry": { "type": "Point", "coordinates": [ -100.3062, 25.651157 ] } },
{ "type": "Feature", "properties": { "sensor_index": 43627, "name": "Liceo de Monterrey Rosemont", "timestamp": "2026-09-08T21:31:13.030539+00:00", "pm1_0": 14.1, "pm2_5": 16.3, "latitude": 25.67425, "longitude": -100.35398 }, "geometry": { "type": "Point", "coordinates": [ -100.35398, 25.67425 ] } },
{ "type": "Feature", "properties": { "sensor_index": 45769, "name": "Huascaran", "timestamp": "2026-09-08T21:31:13.030539+00:00", "pm1_0": 14.8, "pm2_5": 20.9, "latitude": 25.637255, "longitude": -100.399216 }, "geometry": { "type": "Point", "coordinates": [ -100.399216, 25.637255 ] } },
{ "type": "Feature", "properties": { "sensor_index": 308956, "name": "Jardín de las carreras", "timestamp": "2026-09-08T21:31:13.030539+00:00", "pm1_0": 15.9, "pm2_5": 20.4, "latitude": 25.650595, "longitude": -100.289 }, "geometry": { "type": "Point", "coordinates": [ -100.289, 25.650595 ] } },
{ "type": "Feature", "properties": { "sensor_index": 49949, "name": "El Horizonte", "timestamp": "2026-09-08T21:31:13.030539+00:00", "pm1_0": 12.2, "pm2_5": 18.3, "latitude": 25.677492, "longitude": -100.29761 }, "geometry": { "type": "Point", "coordinates": [ -100.29761, 25.677492 ] } },
{ "type": "Feature", "properties": { "sensor_index": 50555, "name": "Treviño", "timestamp": "2026-09-08T21:31:13.030539+00:00", "pm1_0": 0.0, "pm2_5": 0.0, "latitude": 25.638243, "longitude": -100.36743 }, "geometry": { "type": "Point", "coordinates": [ -100.36743, 25.638243 ] } },
{ "type": "Feature", "properties": { "sensor_index": 50871, "name": "TEC Garza Laguera", "timestamp": "2026-09-08T21:31:13.030539+00:00", "pm1_0": 11.8, "pm2_5": 17.2, "latitude": 25.61827, "longitude": -100.27293 }, "geometry": { "type": "Point", "coordinates": [ -100.27293, 25.61827 ] } },
{ "type": "Feature", "properties": { "sensor_index": 321194, "name": "Ramsesgs", "timestamp": "2026-09-08T21:31:13.030539+00:00", "pm1_0": 14.7, "pm2_5": 18.1, "latitude": 25.61975, "longitude": -100.29781 }, "geometry": { "type": "Point", "coordinates": [ -100.29781, 25.61975 ] } },
{ "type": "Feature", "properties": { "sensor_index": 119937, "name": "Grupo Reforma Cumbres", "timestamp": "2026-09-08T21:31:13.030539+00:00", "pm1_0": 10.3, "pm2_5": 16.7, "latitude": 25.71012, "longitude": -100.37474 }, "geometry": { "type": "Point", "coordinates": [ -100.37474, 25.71012 ] } },
{ "type": "Feature", "properties": { "sensor_index": 119965, "name": "Grupo Reforma El Norte", "timestamp": "2026-09-08T21:31:13.030539+00:00", "pm1_0": 12.5, "pm2_5": 15.3, "latitude": 25.674164, "longitude": -100.30816 }, "geometry": { "type": "Point", "coordinates": [ -100.30816, 25.674164 ] } },
{ "type": "Feature", "properties": { "sensor_index": 121825, "name": "Grupo Reforma Sierra Madre", "timestamp": "2026-09-08T21:31:13.030539+00:00", "pm1_0": 3037.5, "pm2_5": 3037.5, "latitude": 25.663378, "longitude": -100.36808 }, "geometry": { "type": "Point", "coordinates": [ -100.36808, 25.663378 ] } },
{ "type": "Feature", "properties": { "sensor_index": 136522, "name": "Bosques de La Pastora", "timestamp": "2026-09-08T21:31:13.030539+00:00", "pm1_0": 3.1, "pm2_5": 6.7, "latitude": 25.65773, "longitude": -100.251625 }, "geometry": { "type": "Point", "coordinates": [ -100.251625, 25.65773 ] } },
{ "type": "Feature", "properties": { "sensor_index": 147010, "name": "Santa Barbara", "timestamp": "2026-09-08T21:31:13.030539+00:00", "pm1_0": 17.2, "pm2_5": 22.5, "latitude": 25.661701, "longitude": -100.38932 }, "geometry": { "type": "Point", "coordinates": [ -100.38932, 25.661701 ] } },
{ "type": "Feature", "properties": { "sensor_index": 174781, "name": "Colegio Cambridge de Monterrey Campus Mitras", "timestamp": "2026-09-08T21:31:13.030539+00:00", "pm1_0": 19.1, "pm2_5": 23.4, "latitude": 25.696613, "longitude": -100.348114 }, "geometry": { "type": "Point", "coordinates": [ -100.348114, 25.696613 ] } },
{ "type": "Feature", "properties": { "sensor_index": 174787, "name": "Colegio Cambridge de Monterrey Campus Norte", "timestamp": "2026-09-08T21:31:13.030539+00:00", "pm1_0": 15.9, "pm2_5": 17.3, "latitude": 25.779613, "longitude": -100.28022 }, "geometry": { "type": "Point", "coordinates": [ -100.28022, 25.779613 ] } },
{ "type": "Feature", "properties": { "sensor_index": 189431, "name": "BEA", "timestamp": "2026-09-08T21:31:13.030539+00:00", "pm1_0": 15.9, "pm2_5": 23.0, "latitude": 25.65725, "longitude": -100.35996 }, "geometry": { "type": "Point", "coordinates": [ -100.35996, 25.65725 ] } },
{ "type": "Feature", "properties": { "sensor_index": 189435, "name": "Olinalá", "timestamp": "2026-09-08T21:31:13.030539+00:00", "pm1_0": 18.0, "pm2_5": 27.2, "latitude": 25.618986, "longitude": -100.37645 }, "geometry": { "type": "Point", "coordinates": [ -100.37645, 25.618986 ] } },
{ "type": "Feature", "properties": { "sensor_index": 189447, "name": "Río Amazonas NO", "timestamp": "2026-09-08T21:31:13.030539+00:00", "pm1_0": 19.4, "pm2_5": 27.7, "latitude": 25.662104, "longitude": -100.37172 }, "geometry": { "type": "Point", "coordinates": [ -100.37172, 25.662104 ] } },
{ "type": "Feature", "properties": { "sensor_index": 189455, "name": "CHIPINQUE CAV", "timestamp": "2026-09-08T21:31:13.030539+00:00", "pm1_0": 15.7, "pm2_5": 24.0, "latitude": 25.618307, "longitude": -100.359955 }, "geometry": { "type": "Point", "coordinates": [ -100.359955, 25.618307 ] } },
{ "type": "Feature", "properties": { "sensor_index": 189469, "name": "Hospital Zambran Hellion TecSalud", "timestamp": "2026-09-08T21:31:13.030539+00:00", "pm1_0": 16.4, "pm2_5": 24.6, "latitude": 25.64684, "longitude": -100.33364 }, "geometry": { "type": "Point", "coordinates": [ -100.33364, 25.64684 ] } },
{ "type": "Feature", "properties": { "sensor_index": 208785, "name": "Colegio Cambridge de Monterrey Campus Anáhuac", "timestamp": "2026-09-08T21:31:13.030539+00:00", "pm1_0": 13.3, "pm2_5": 14.8, "latitude": 25.77144, "longitude": -100.26785 }, "geometry": { "type": "Point", "coordinates": [ -100.26785, 25.77144 ] } },
{ "type": "Feature", "properties": { "sensor_index": 209147, "name": "Rincon de San Jeronimo", "timestamp": "2026-09-08T21:31:13.030539+00:00", "pm1_0": 20.1, "pm2_5": 28.9, "latitude": 25.691032, "longitude": -100.375786 }, "geometry": { "type": "Point", "coordinates": [ -100.375786, 25.691032 ] } },
{ "type": "Feature", "properties": { "sensor_index": 227879, "name": "Rectoria", "timestamp": "2026-09-08T21:31:13.030539+00:00", "pm1_0": 14.2, "pm2_5": 17.0, "latitude": 25.651268, "longitude": -100.291214 }, "geometry": { "type": "Point", "coordinates": [ -100.291214, 25.651268 ] } },
{ "type": "Feature", "properties": { "sensor_index": 227887, "name": "Sensor_Purple_Air-Explanada_EGP-Entrada_Prin", "timestamp": "2026-09-08T21:31:13.030539+00:00", "pm1_0": 13.7, "pm2_5": 16.9, "latitude": 25.64419, "longitude": -100.3255 }, "geometry": { "type": "Point", "coordinates": [ -100.3255, 25.64419 ] } },
{ "type": "Feature", "properties": { "sensor_index": 227889, "name": "Parque central", "timestamp": "2026-09-08T21:31:13.030539+00:00", "pm1_0": 12.4, "pm2_5": 13.9, "latitude": 25.652395, "longitude": -100.28713 }, "geometry": { "type": "Point", "coordinates": [ -100.28713, 25.652395 ] } },
{ "type": "Feature", "properties": { "sensor_index": 227907, "name": "Estacionamiento Alumnos", "timestamp": "2026-09-08T21:31:13.030539+00:00", "pm1_0": 11.7, "pm2_5": 13.2, "latitude": 25.744081, "longitude": -100.28277 }, "geometry": { "type": "Point", "coordinates": [ -100.28277, 25.744081 ] } },
{ "type": "Feature", "properties": { "sensor_index": 227913, "name": "EGADE-Sombrillas", "timestamp": "2026-09-08T21:31:13.030539+00:00", "pm1_0": 17.9, "pm2_5": 22.6, "latitude": 25.643106, "longitude": -100.32573 }, "geometry": { "type": "Point", "coordinates": [ -100.32573, 25.643106 ] } },
{ "type": "Feature", "properties": { "sensor_index": 228003, "name": "EGL-Jardín Robótica", "timestamp": "2026-09-08T21:31:13.030539+00:00", "pm1_0": 13.6, "pm2_5": 16.9, "latitude": 25.61803, "longitude": -100.27554 }, "geometry": { "type": "Point", "coordinates": [ -100.27554, 25.61803 ] } },
{ "type": "Feature", "properties": { "sensor_index": 228001, "name": "C-MTY Explanada 2", "timestamp": "2026-09-08T21:31:13.030539+00:00", "pm1_0": 16.5, "pm2_5": 20.7, "latitude": 25.656332, "longitude": -100.20696 }, "geometry": { "type": "Point", "coordinates": [ -100.20696, 25.656332 ] } },
{ "type": "Feature", "properties": { "sensor_index": 228383, "name": "Estadio Banorte", "timestamp": "2026-09-08T21:31:13.030539+00:00", "pm1_0": 16.6, "pm2_5": 19.4, "latitude": 25.654228, "longitude": -100.28651 }, "geometry": { "type": "Point", "coordinates": [ -100.28651, 25.654228 ] } },
{ "type": "Feature", "properties": { "sensor_index": 228381, "name": "C-MTY RAMPA CAFETERÍA", "timestamp": "2026-09-08T21:31:13.030539+00:00", "pm1_0": 14.5, "pm2_5": 18.0, "latitude": 25.628263, "longitude": -100.30376 }, "geometry": { "type": "Point", "coordinates": [ -100.30376, 25.628263 ] } },
{ "type": "Feature", "properties": { "sensor_index": 228389, "name": "PEGS-Sensor-Canchas", "timestamp": "2026-09-08T21:31:13.030539+00:00", "pm1_0": 18.1, "pm2_5": 21.6, "latitude": 25.670425, "longitude": -100.35683 }, "geometry": { "type": "Point", "coordinates": [ -100.35683, 25.670425 ] } },
{ "type": "Feature", "properties": { "sensor_index": 228407, "name": "CEDES", "timestamp": "2026-09-08T21:31:13.030539+00:00", "pm1_0": 14.3, "pm2_5": 16.4, "latitude": 25.653677, "longitude": -100.29242 }, "geometry": { "type": "Point", "coordinates": [ -100.29242, 25.653677 ] } },
{ "type": "Feature", "properties": { "sensor_index": 278863, "name": "Rio Balsas", "timestamp": "2026-09-08T21:50:07.294673+00:00", "pm1_0": 15.2, "pm2_5": 18.1, "latitude": 25.662691, "longitude": -100.37312 }, "geometry": { "type": "Point", "coordinates": [ -100.37312, 25.662691 ] } },
{ "type": "Feature", "properties": { "sensor_index": 278869, "name": "Veredalta", "timestamp": "2026-09-08T21:50:07.294673+00:00", "pm1_0": 16.7, "pm2_5": 20.7, "latitude": 25.638226, "longitude": -100.3525 }, "geometry": { "type": "Point", "coordinates": [ -100.3525, 25.638226 ] } },
{ "type": "Feature", "properties": { "sensor_index": 278871, "name": "Parroquia Reina de Los Ángeles", "timestamp": "2026-09-08T21:50:07.294673+00:00", "pm1_0": 13.3, "pm2_5": 21.0, "latitude": 25.636341, "longitude": -100.36872 }, "geometry": { "type": "Point", "coordinates": [ -100.36872, 25.636341 ] } },
{ "type": "Feature", "properties": { "sensor_index": 278875, "name": "Secretaría de Relaciones Exteriores", "timestamp": "2026-09-08T21:50:07.294673+00:00", "pm1_0": 14.9, "pm2_5": 18.8, "latitude": 25.667723, "longitude": -100.38136 }, "geometry": { "type": "Point", "coordinates": [ -100.38136, 25.667723 ] } },
{ "type": "Feature", "properties": { "sensor_index": 278883, "name": "Mater International Institute", "timestamp": "2026-09-08T21:50:07.294673+00:00", "pm1_0": 17.9, "pm2_5": 21.7, "latitude": 25.641127, "longitude": -100.362755 }, "geometry": { "type": "Point", "coordinates": [ -100.362755, 25.641127 ] } },
{ "type": "Feature", "properties": { "sensor_index": 278889, "name": "Chipinque Meseta", "timestamp": "2026-09-08T21:50:07.294673+00:00", "pm1_0": 17.6, "pm2_5": 24.9, "latitude": 25.607624, "longitude": -100.355156 }, "geometry": { "type": "Point", "coordinates": [ -100.355156, 25.607624 ] } },
{ "type": "Feature", "properties": { "sensor_index": 278901, "name": "OFICINAS SAN PEDRO PARQUES", "timestamp": "2026-09-08T21:50:07.294673+00:00", "pm1_0": 18.7, "pm2_5": 23.2, "latitude": 25.644024, "longitude": -100.376305 }, "geometry": { "type": "Point", "coordinates": [ -100.376305, 25.644024 ] } },
{ "type": "Feature", "properties": { "sensor_index": 278919, "name": "Residencia Tabachín", "timestamp": "2026-09-08T21:50:07.294673+00:00", "pm1_0": 13.7, "pm2_5": 17.6, "latitude": 25.630367, "longitude": -100.34808 }, "geometry": { "type": "Point", "coordinates": [ -100.34808, 25.630367 ] } },
{ "type": "Feature", "properties": { "sensor_index": 278929, "name": "Rio Caura", "timestamp": "2026-09-08T21:50:07.294673+00:00", "pm1_0": 18.6, "pm2_5": 25.2, "latitude": 25.659946, "longitude": -100.38283 }, "geometry": { "type": "Point", "coordinates": [ -100.38283, 25.659946 ] } },
{ "type": "Feature", "properties": { "sensor_index": 278931, "name": "Residencia Platon", "timestamp": "2026-09-08T21:50:07.294673+00:00", "pm1_0": 18.3, "pm2_5": 23.5, "latitude": 25.630522, "longitude": -100.36023 }, "geometry": { "type": "Point", "coordinates": [ -100.36023, 25.630522 ] } },
{ "type": "Feature", "properties": { "sensor_index": 278937, "name": "Residencia Saqqara", "timestamp": "2026-09-08T21:50:07.294673+00:00", "pm1_0": 16.4, "pm2_5": 22.2, "latitude": 25.652473, "longitude": -100.349236 }, "geometry": { "type": "Point", "coordinates": [ -100.349236, 25.652473 ] } },
{ "type": "Feature", "properties": { "sensor_index": 278939, "name": "Residencia Rio Rosas", "timestamp": "2026-09-08T21:50:07.294673+00:00", "pm1_0": 14.8, "pm2_5": 18.7, "latitude": 25.656303, "longitude": -100.36027 }, "geometry": { "type": "Point", "coordinates": [ -100.36027, 25.656303 ] } },
{ "type": "Feature", "properties": { "sensor_index": 278951, "name": "Parque El Capitán", "timestamp": "2026-09-08T21:50:07.294673+00:00", "pm1_0": 16.6, "pm2_5": 21.3, "latitude": 25.663504, "longitude": -100.35734 }, "geometry": { "type": "Point", "coordinates": [ -100.35734, 25.663504 ] } },
{ "type": "Feature", "properties": { "sensor_index": 278957, "name": "Los Pinos", "timestamp": "2026-09-08T21:50:07.294673+00:00", "pm1_0": 12.4, "pm2_5": 17.4, "latitude": 25.672205, "longitude": -100.397354 }, "geometry": { "type": "Point", "coordinates": [ -100.397354, 25.672205 ] } },
{ "type": "Feature", "properties": { "sensor_index": 278959, "name": "Colegio Nobel", "timestamp": "2026-09-08T21:50:07.294673+00:00", "pm1_0": 16.5, "pm2_5": 20.9, "latitude": 25.657562, "longitude": -100.39641 }, "geometry": { "type": "Point", "coordinates": [ -100.39641, 25.657562 ] } },
{ "type": "Feature", "properties": { "sensor_index": 278955, "name": "Residencia San Mateo", "timestamp": "2026-09-08T21:50:07.294673+00:00", "pm1_0": 13.4, "pm2_5": 15.5, "latitude": 25.643766, "longitude": -100.31643 }, "geometry": { "type": "Point", "coordinates": [ -100.31643, 25.643766 ] } },
{ "type": "Feature", "properties": { "sensor_index": 279836, "name": "San Roberto International School San Agustin", "timestamp": "2026-09-08T21:50:07.294673+00:00", "pm1_0": 14.6, "pm2_5": 17.5, "latitude": 25.646032, "longitude": -100.338165 }, "geometry": { "type": "Point", "coordinates": [ -100.338165, 25.646032 ] } },
{ "type": "Feature", "properties": { "sensor_index": 279834, "name": "Colegio Ingles Campus Encino", "timestamp": "2026-09-08T21:50:07.294673+00:00", "pm1_0": 17.8, "pm2_5": 21.7, "latitude": 25.637669, "longitude": -100.33746 }, "geometry": { "type": "Point", "coordinates": [ -100.33746, 25.637669 ] } },
{ "type": "Feature", "properties": { "sensor_index": 279854, "name": "Pinos", "timestamp": "2026-09-08T21:50:07.294673+00:00", "pm1_0": 14.8, "pm2_5": 16.7, "latitude": 25.65975, "longitude": -100.349976 }, "geometry": { "type": "Point", "coordinates": [ -100.349976, 25.65975 ] } },
{ "type": "Feature", "properties": { "sensor_index": 279866, "name": "Lomas del Campestre", "timestamp": "2026-09-08T21:50:07.294673+00:00", "pm1_0": 15.9, "pm2_5": 19.6, "latitude": 25.638052, "longitude": -100.33173 }, "geometry": { "type": "Point", "coordinates": [ -100.33173, 25.638052 ] } },
{ "type": "Feature", "properties": { "sensor_index": 279890, "name": "María Desatadora de Nudos", "timestamp": "2026-09-08T21:50:07.294673+00:00", "pm1_0": 17.4, "pm2_5": 21.1, "latitude": 25.624146, "longitude": -100.37315 }, "geometry": { "type": "Point", "coordinates": [ -100.37315, 25.624146 ] } },
{ "type": "Feature", "properties": { "sensor_index": 279926, "name": "Parque Mississippi", "timestamp": "2026-09-08T21:50:07.294673+00:00", "pm1_0": 15.9, "pm2_5": 18.8, "latitude": 25.657495, "longitude": -100.36317 }, "geometry": { "type": "Point", "coordinates": [ -100.36317, 25.657495 ] } },
{ "type": "Feature", "properties": { "sensor_index": 280524, "name": "Privada Paso de la Sierra", "timestamp": "2026-09-08T21:50:07.294673+00:00", "pm1_0": 18.2, "pm2_5": 22.4, "latitude": 25.648457, "longitude": -100.36256 }, "geometry": { "type": "Point", "coordinates": [ -100.36256, 25.648457 ] } },
{ "type": "Feature", "properties": { "sensor_index": 280520, "name": "Irish International School Campus First School", "timestamp": "2026-09-08T21:50:07.294673+00:00", "pm1_0": 16.0, "pm2_5": 18.2, "latitude": 25.639212, "longitude": -100.34154 }, "geometry": { "type": "Point", "coordinates": [ -100.34154, 25.639212 ] } },
{ "type": "Feature", "properties": { "sensor_index": 280532, "name": "Museo La Milarca", "timestamp": "2026-09-08T21:50:07.294673+00:00", "pm1_0": 15.0, "pm2_5": 16.8, "latitude": 25.64443, "longitude": -100.32734 }, "geometry": { "type": "Point", "coordinates": [ -100.32734, 25.64443 ] } },
{ "type": "Feature", "properties": { "sensor_index": 280534, "name": "Residencia Savotino", "timestamp": "2026-09-08T21:50:07.294673+00:00", "pm1_0": 16.6, "pm2_5": 20.6, "latitude": 25.662497, "longitude": -100.36313 }, "geometry": { "type": "Point", "coordinates": [ -100.36313, 25.662497 ] } },
{ "type": "Feature", "properties": { "sensor_index": 280644, "name": "Residencia nogal", "timestamp": "2026-09-08T21:50:07.294673+00:00", "pm1_0": 17.7, "pm2_5": 24.0, "latitude": 25.61478, "longitude": -100.368286 }, "geometry": { "type": "Point", "coordinates": [ -100.368286, 25.61478 ] } },
{ "type": "Feature", "properties": { "sensor_index": 280900, "name": "Rio Necaxa", "timestamp": "2026-09-08T21:50:07.294673+00:00", "pm1_0": 16.5, "pm2_5": 20.5, "latitude": 25.65677, "longitude": -100.344666 }, "geometry": { "type": "Point", "coordinates": [ -100.344666, 25.65677 ] } },
{ "type": "Feature", "properties": { "sensor_index": 280902, "name": "Residencia Rio Pesqueria", "timestamp": "2026-09-08T21:50:07.294673+00:00", "pm1_0": 16.2, "pm2_5": 19.7, "latitude": 25.658936, "longitude": -100.37394 }, "geometry": { "type": "Point", "coordinates": [ -100.37394, 25.658936 ] } },
{ "type": "Feature", "properties": { "sensor_index": 284960, "name": "Esquina Barranquilla y Patagonia (Altavista)", "timestamp": "2026-09-08T21:50:07.294673+00:00", "pm1_0": 19.0, "pm2_5": 22.8, "latitude": 25.644045, "longitude": -100.29044 }, "geometry": { "type": "Point", "coordinates": [ -100.29044, 25.644045 ] } },
{ "type": "Feature", "properties": { "sensor_index": 286238, "name": "Oasis", "timestamp": "2026-09-08T21:50:07.294673+00:00", "pm1_0": 20.0, "pm2_5": 24.5, "latitude": 25.640884, "longitude": -100.30304 }, "geometry": { "type": "Point", "coordinates": [ -100.30304, 25.640884 ] } },
{ "type": "Feature", "properties": { "sensor_index": 286240, "name": "Casa Naranjos", "timestamp": "2026-09-08T21:50:07.294673+00:00", "pm1_0": 15.2, "pm2_5": 18.0, "latitude": 25.654285, "longitude": -100.28977 }, "geometry": { "type": "Point", "coordinates": [ -100.28977, 25.654285 ] } },
{ "type": "Feature", "properties": { "sensor_index": 288064, "name": "Terminal", "timestamp": "2026-09-08T21:50:07.294673+00:00", "pm1_0": 17.5, "pm2_5": 23.0, "latitude": 25.686438, "longitude": -100.29351 }, "geometry": { "type": "Point", "coordinates": [ -100.29351, 25.686438 ] } },
{ "type": "Feature", "properties": { "sensor_index": 288066, "name": "Hospital de San Vicente", "timestamp": "2026-09-08T21:50:07.294673+00:00", "pm1_0": 16.4, "pm2_5": 19.3, "latitude": 25.67851, "longitude": -100.324974 }, "geometry": { "type": "Point", "coordinates": [ -100.324974, 25.67851 ] } },
{ "type": "Feature", "properties": { "sensor_index": 288332, "name": "Facultad de Salud Pública y Nutrición", "timestamp": "2026-09-08T21:50:07.294673+00:00", "pm1_0": 17.7, "pm2_5": 22.4, "latitude": 25.688875, "longitude": -100.34783 }, "geometry": { "type": "Point", "coordinates": [ -100.34783, 25.688875 ] } },
{ "type": "Feature", "properties": { "sensor_index": 292893, "name": "TEC-AMM-RB-005", "timestamp": "2026-09-08T21:50:07.294673+00:00", "pm1_0": 15.6, "pm2_5": 19.1, "latitude": 25.658117, "longitude": -100.26312 }, "geometry": { "type": "Point", "coordinates": [ -100.26312, 25.658117 ] } },
{ "type": "Feature", "properties": { "sensor_index": 292895, "name": "TEC-AMM-RD-004", "timestamp": "2026-09-08T21:50:07.294673+00:00", "pm1_0": 11.4, "pm2_5": 14.1, "latitude": 25.774128, "longitude": -100.26622 }, "geometry": { "type": "Point", "coordinates": [ -100.26622, 25.774128 ] } },
{ "type": "Feature", "properties": { "sensor_index": 292889, "name": "TEC-AMM-RB-003", "timestamp": "2026-09-08T21:50:07.294673+00:00", "pm1_0": 13.7, "pm2_5": 16.9, "latitude": 25.654068, "longitude": -100.22748 }, "geometry": { "type": "Point", "coordinates": [ -100.22748, 25.654068 ] } },
{ "type": "Feature", "properties": { "sensor_index": 292891, "name": "TEC-AMM-RC-004", "timestamp": "2026-09-08T21:50:07.294673+00:00", "pm1_0": 12.6, "pm2_5": 14.7, "latitude": 25.639277, "longitude": -100.17398 }, "geometry": { "type": "Point", "coordinates": [ -100.17398, 25.639277 ] } },
{ "type": "Feature", "properties": { "sensor_index": 292901, "name": "TEC-AMM-RF-004", "timestamp": "2026-09-08T21:50:07.294673+00:00", "pm1_0": 8.6, "pm2_5": 10.0, "latitude": 25.738094, "longitude": -100.30651 }, "geometry": { "type": "Point", "coordinates": [ -100.30651, 25.738094 ] } },
{ "type": "Feature", "properties": { "sensor_index": 292901, "name": "TEC-AMM-RF-004", "timestamp": "2026-09-08T21:50:07.294673+00:00", "pm1_0": 8.6, "pm2_5": 10.0, "latitude": 25.73373, "longitude": -100.31656 }, "geometry": { "type": "Point", "coordinates": [ -100.31656, 25.73373 ] } },
{ "type": "Feature", "properties": { "sensor_index": 292897, "name": "TEC-AMM-RF-005", "timestamp": "2026-09-08T21:50:07.294673+00:00", "pm1_0": 18.1, "pm2_5": 22.4, "latitude": 25.770947, "longitude": -100.36825 }, "geometry": { "type": "Point", "coordinates": [ -100.36825, 25.770947 ] } },
{ "type": "Feature", "properties": { "sensor_index": 292905, "name": "TEC-AMM-RC-006", "timestamp": "2026-09-08T21:50:07.294673+00:00", "pm1_0": 13.8, "pm2_5": 15.7, "latitude": 25.608519, "longitude": -100.1551 }, "geometry": { "type": "Point", "coordinates": [ -100.1551, 25.608519 ] } },
{ "type": "Feature", "properties": { "sensor_index": 292941, "name": "TEC-AMM-RD-005", "timestamp": "2026-09-08T21:50:07.294673+00:00", "pm1_0": 8.8, "pm2_5": 11.6, "latitude": 25.760899, "longitude": -100.16765 }, "geometry": { "type": "Point", "coordinates": [ -100.16765, 25.760899 ] } },
{ "type": "Feature", "properties": { "sensor_index": 292943, "name": "TEC-AMM-RC-005", "timestamp": "2026-09-08T21:50:07.294673+00:00", "pm1_0": 11.8, "pm2_5": 16.2, "latitude": 25.646128, "longitude": -100.14929 }, "geometry": { "type": "Point", "coordinates": [ -100.14929, 25.646128 ] } },
{ "type": "Feature", "properties": { "sensor_index": 292939, "name": "TEC-AMM-RA-001", "timestamp": "2026-09-08T21:50:07.294673+00:00", "pm1_0": 18.0, "pm2_5": 22.2, "latitude": 25.658657, "longitude": -100.399 }, "geometry": { "type": "Point", "coordinates": [ -100.399, 25.658657 ] } },
{ "type": "Feature", "properties": { "sensor_index": 292949, "name": "TEC-AMM-RA-003", "timestamp": "2026-09-08T21:50:07.294673+00:00", "pm1_0": 15.6, "pm2_5": 18.3, "latitude": 25.661757, "longitude": -100.36972 }, "geometry": { "type": "Point", "coordinates": [ -100.36972, 25.661757 ] } },
{ "type": "Feature", "properties": { "sensor_index": 292951, "name": "TEC-AMM-RB-004", "timestamp": "2026-09-08T21:50:07.294673+00:00", "pm1_0": 15.2, "pm2_5": 19.3, "latitude": 25.66194, "longitude": -100.3313 }, "geometry": { "type": "Point", "coordinates": [ -100.3313, 25.66194 ] } },
{ "type": "Feature", "properties": { "sensor_index": 292947, "name": "TEC-AMM-RA-004", "timestamp": "2026-09-08T21:50:07.294673+00:00", "pm1_0": 15.3, "pm2_5": 18.3, "latitude": 25.684696, "longitude": -100.36298 }, "geometry": { "type": "Point", "coordinates": [ -100.36298, 25.684696 ] } },
{ "type": "Feature", "properties": { "sensor_index": 292957, "name": "TEC-AMM-RC-008", "timestamp": "2026-09-08T21:50:07.294673+00:00", "pm1_0": 22.2, "pm2_5": 29.7, "latitude": 25.731503, "longitude": -100.13724 }, "geometry": { "type": "Point", "coordinates": [ -100.13724, 25.731503 ] } },
{ "type": "Feature", "properties": { "sensor_index": 292973, "name": "TEC-AMM-RC-003", "timestamp": "2026-09-08T21:50:07.294673+00:00", "pm1_0": 15.0, "pm2_5": 18.3, "latitude": 25.684975, "longitude": -100.17443 }, "geometry": { "type": "Point", "coordinates": [ -100.17443, 25.684975 ] } },
{ "type": "Feature", "properties": { "sensor_index": 292983, "name": "TEC-AMM-RC-007", "timestamp": "2026-09-08T21:50:07.294673+00:00", "pm1_0": 17.7, "pm2_5": 24.9, "latitude": 25.650148, "longitude": -100.11657 }, "geometry": { "type": "Point", "coordinates": [ -100.11657, 25.650148 ] } },
{ "type": "Feature", "properties": { "sensor_index": 292997, "name": "TEC-AMM-RF-004", "timestamp": "2026-09-08T21:50:07.294673+00:00", "pm1_0": 9.5, "pm2_5": 12.0, "latitude": 25.738094, "longitude": -100.30651 }, "geometry": { "type": "Point", "coordinates": [ -100.30651, 25.738094 ] } },
{ "type": "Feature", "properties": { "sensor_index": 292997, "name": "TEC-AMM-RF-004", "timestamp": "2026-09-08T21:50:07.294673+00:00", "pm1_0": 9.5, "pm2_5": 12.0, "latitude": 25.73373, "longitude": -100.31656 }, "geometry": { "type": "Point", "coordinates": [ -100.31656, 25.73373 ] } },
{ "type": "Feature", "properties": { "sensor_index": 292999, "name": "TEC-AMM-RE-002", "timestamp": "2026-09-08T21:50:07.294673+00:00", "pm1_0": 10.1, "pm2_5": 12.4, "latitude": 25.772509, "longitude": -100.31119 }, "geometry": { "type": "Point", "coordinates": [ -100.31119, 25.772509 ] } },
{ "type": "Feature", "properties": { "sensor_index": 293001, "name": "TEC-AMM-RF-006", "timestamp": "2026-09-08T21:50:07.294673+00:00", "pm1_0": 17.7, "pm2_5": 21.8, "latitude": 25.71829, "longitude": -100.37077 }, "geometry": { "type": "Point", "coordinates": [ -100.37077, 25.71829 ] } },
{ "type": "Feature", "properties": { "sensor_index": 293003, "name": "TEC-AMM-RB-006", "timestamp": "2026-09-08T21:50:07.294673+00:00", "pm1_0": 14.0, "pm2_5": 16.3, "latitude": 25.676483, "longitude": -100.29272 }, "geometry": { "type": "Point", "coordinates": [ -100.29272, 25.676483 ] } },
{ "type": "Feature", "properties": { "sensor_index": 293469, "name": "Leon Ortigosa ABP", "timestamp": "2026-09-08T21:50:07.294673+00:00", "pm1_0": 15.4, "pm2_5": 19.2, "latitude": 25.67212, "longitude": -100.33521 }, "geometry": { "type": "Point", "coordinates": [ -100.33521, 25.67212 ] } },
{ "type": "Feature", "properties": { "sensor_index": 293465, "name": "Loma Larga", "timestamp": "2026-09-08T21:50:07.294673+00:00", "pm1_0": 14.3, "pm2_5": 17.3, "latitude": 25.665812, "longitude": -100.34373 }, "geometry": { "type": "Point", "coordinates": [ -100.34373, 25.665812 ] } },
{ "type": "Feature", "properties": { "sensor_index": 293467, "name": "UMF37", "timestamp": "2026-09-08T21:50:07.294673+00:00", "pm1_0": 15.1, "pm2_5": 20.4, "latitude": 25.687622, "longitude": -100.342964 }, "geometry": { "type": "Point", "coordinates": [ -100.342964, 25.687622 ] } },
{ "type": "Feature", "properties": { "sensor_index": 33027, "name": "Lagos del Bosque", "timestamp": "2026-09-08T21:50:07.294673+00:00", "pm1_0": 7.0, "pm2_5": 9.9, "latitude": 25.600061, "longitude": -100.26256 }, "geometry": { "type": "Point", "coordinates": [ -100.26256, 25.600061 ] } },
{ "type": "Feature", "properties": { "sensor_index": 33117, "name": "Liceo de Monterrey", "timestamp": "2026-09-08T21:50:07.294673+00:00", "pm1_0": 19.0, "pm2_5": 27.7, "latitude": 25.650322, "longitude": -100.32849 }, "geometry": { "type": "Point", "coordinates": [ -100.32849, 25.650322 ] } },
{ "type": "Feature", "properties": { "sensor_index": 34441, "name": "Callejon de los Ayala", "timestamp": "2026-09-08T21:50:07.294673+00:00", "pm1_0": 3.8, "pm2_5": 6.6, "latitude": 25.6665, "longitude": -100.3976 }, "geometry": { "type": "Point", "coordinates": [ -100.3976, 25.6665 ] } },
{ "type": "Feature", "properties": { "sensor_index": 34499, "name": "San Patricio #106", "timestamp": "2026-09-08T21:50:07.294673+00:00", "pm1_0": 0.2, "pm2_5": 0.5, "latitude": 25.641743, "longitude": -100.3472 }, "geometry": { "type": "Point", "coordinates": [ -100.3472, 25.641743 ] } },
{ "type": "Feature", "properties": { "sensor_index": 34511, "name": "Rosario", "timestamp": "2026-09-08T21:50:07.294673+00:00", "pm1_0": 13.2, "pm2_5": 20.9, "latitude": 25.640432, "longitude": -100.392265 }, "geometry": { "type": "Point", "coordinates": [ -100.392265, 25.640432 ] } },
{ "type": "Feature", "properties": { "sensor_index": 38663, "name": "Rayon Norte", "timestamp": "2026-09-08T21:50:07.294673+00:00", "pm1_0": 14.2, "pm2_5": 19.1, "latitude": 25.678823, "longitude": -100.319695 }, "geometry": { "type": "Point", "coordinates": [ -100.319695, 25.678823 ] } },
{ "type": "Feature", "properties": { "sensor_index": 42211, "name": "RF", "timestamp": "2026-09-08T21:50:07.294673+00:00", "pm1_0": 10.3, "pm2_5": 14.6, "latitude": 25.61638, "longitude": -100.316124 }, "geometry": { "type": "Point", "coordinates": [ -100.316124, 25.61638 ] } },
{ "type": "Feature", "properties": { "sensor_index": 305140, "name": "Bicla", "timestamp": "2026-09-08T21:50:07.294673+00:00", "pm1_0": 13.6, "pm2_5": 17.4, "latitude": 25.700935, "longitude": -100.33541 }, "geometry": { "type": "Point", "coordinates": [ -100.33541, 25.700935 ] } },
{ "type": "Feature", "properties": { "sensor_index": 305164, "name": "NuevaMaderoDave", "timestamp": "2026-09-08T21:50:07.294673+00:00", "pm1_0": 13.1, "pm2_5": 17.3, "latitude": 25.688787, "longitude": -100.27929 }, "geometry": { "type": "Point", "coordinates": [ -100.27929, 25.688787 ] } },
{ "type": "Feature", "properties": { "sensor_index": 305192, "name": "11a avenida cumbres 1 sector", "timestamp": "2026-09-08T21:50:07.294673+00:00", "pm1_0": 16.5, "pm2_5": 19.9, "latitude": 25.69958, "longitude": -100.35898 }, "geometry": { "type": "Point", "coordinates": [ -100.35898, 25.69958 ] } },
{ "type": "Feature", "properties": { "sensor_index": 305232, "name": "PurpleAir Ancira Mty", "timestamp": "2026-09-08T21:50:07.294673+00:00", "pm1_0": 18.4, "pm2_5": 22.7, "latitude": 25.651157, "longitude": -100.3062 }, "geometry": { "type": "Point", "coordinates": [ -100.3062, 25.651157 ] } },
{ "type": "Feature", "properties": { "sensor_index": 43627, "name": "Liceo de Monterrey Rosemont", "timestamp": "2026-09-08T21:50:07.294673+00:00", "pm1_0": 7.9, "pm2_5": 10.0, "latitude": 25.67425, "longitude": -100.35398 }, "geometry": { "type": "Point", "coordinates": [ -100.35398, 25.67425 ] } },
{ "type": "Feature", "properties": { "sensor_index": 45769, "name": "Huascaran", "timestamp": "2026-09-08T21:50:07.294673+00:00", "pm1_0": 12.7, "pm2_5": 17.9, "latitude": 25.637255, "longitude": -100.399216 }, "geometry": { "type": "Point", "coordinates": [ -100.399216, 25.637255 ] } },
{ "type": "Feature", "properties": { "sensor_index": 308956, "name": "Jardín de las carreras", "timestamp": "2026-09-08T21:50:07.294673+00:00", "pm1_0": 17.9, "pm2_5": 22.6, "latitude": 25.650595, "longitude": -100.289 }, "geometry": { "type": "Point", "coordinates": [ -100.289, 25.650595 ] } },
{ "type": "Feature", "properties": { "sensor_index": 49949, "name": "El Horizonte", "timestamp": "2026-09-08T21:50:07.294673+00:00", "pm1_0": 12.8, "pm2_5": 18.6, "latitude": 25.677492, "longitude": -100.29761 }, "geometry": { "type": "Point", "coordinates": [ -100.29761, 25.677492 ] } },
{ "type": "Feature", "properties": { "sensor_index": 50555, "name": "Treviño", "timestamp": "2026-09-08T21:50:07.294673+00:00", "pm1_0": 0.0, "pm2_5": 0.0, "latitude": 25.638243, "longitude": -100.36743 }, "geometry": { "type": "Point", "coordinates": [ -100.36743, 25.638243 ] } },
{ "type": "Feature", "properties": { "sensor_index": 50871, "name": "TEC Garza Laguera", "timestamp": "2026-09-08T21:50:07.294673+00:00", "pm1_0": 11.8, "pm2_5": 17.2, "latitude": 25.61827, "longitude": -100.27293 }, "geometry": { "type": "Point", "coordinates": [ -100.27293, 25.61827 ] } },
{ "type": "Feature", "properties": { "sensor_index": 321194, "name": "Ramsesgs", "timestamp": "2026-09-08T21:50:07.294673+00:00", "pm1_0": 18.4, "pm2_5": 22.8, "latitude": 25.61975, "longitude": -100.29781 }, "geometry": { "type": "Point", "coordinates": [ -100.29781, 25.61975 ] } },
{ "type": "Feature", "properties": { "sensor_index": 119937, "name": "Grupo Reforma Cumbres", "timestamp": "2026-09-08T21:50:07.294673+00:00", "pm1_0": 5.8, "pm2_5": 12.2, "latitude": 25.71012, "longitude": -100.37474 }, "geometry": { "type": "Point", "coordinates": [ -100.37474, 25.71012 ] } },
{ "type": "Feature", "properties": { "sensor_index": 119965, "name": "Grupo Reforma El Norte", "timestamp": "2026-09-08T21:50:07.294673+00:00", "pm1_0": 9.8, "pm2_5": 14.9, "latitude": 25.674164, "longitude": -100.30816 }, "geometry": { "type": "Point", "coordinates": [ -100.30816, 25.674164 ] } },
{ "type": "Feature", "properties": { "sensor_index": 121825, "name": "Grupo Reforma Sierra Madre", "timestamp": "2026-09-08T21:50:07.294673+00:00", "pm1_0": 3025.9, "pm2_5": 3025.9, "latitude": 25.663378, "longitude": -100.36808 }, "geometry": { "type": "Point", "coordinates": [ -100.36808, 25.663378 ] } },
{ "type": "Feature", "properties": { "sensor_index": 136522, "name": "Bosques de La Pastora", "timestamp": "2026-09-08T21:50:07.294673+00:00", "pm1_0": 1.9, "pm2_5": 5.4, "latitude": 25.65773, "longitude": -100.251625 }, "geometry": { "type": "Point", "coordinates": [ -100.251625, 25.65773 ] } },
{ "type": "Feature", "properties": { "sensor_index": 147010, "name": "Santa Barbara", "timestamp": "2026-09-08T21:50:07.294673+00:00", "pm1_0": 12.8, "pm2_5": 17.1, "latitude": 25.661701, "longitude": -100.38932 }, "geometry": { "type": "Point", "coordinates": [ -100.38932, 25.661701 ] } },
{ "type": "Feature", "properties": { "sensor_index": 174781, "name": "Colegio Cambridge de Monterrey Campus Mitras", "timestamp": "2026-09-08T21:50:07.294673+00:00", "pm1_0": 14.6, "pm2_5": 16.5, "latitude": 25.696613, "longitude": -100.348114 }, "geometry": { "type": "Point", "coordinates": [ -100.348114, 25.696613 ] } },
{ "type": "Feature", "properties": { "sensor_index": 174787, "name": "Colegio Cambridge de Monterrey Campus Norte", "timestamp": "2026-09-08T21:50:07.294673+00:00", "pm1_0": 10.2, "pm2_5": 10.9, "latitude": 25.779613, "longitude": -100.28022 }, "geometry": { "type": "Point", "coordinates": [ -100.28022, 25.779613 ] } },
{ "type": "Feature", "properties": { "sensor_index": 189431, "name": "BEA", "timestamp": "2026-09-08T21:50:07.294673+00:00", "pm1_0": 13.6, "pm2_5": 19.0, "latitude": 25.65725, "longitude": -100.35996 }, "geometry": { "type": "Point", "coordinates": [ -100.35996, 25.65725 ] } },
{ "type": "Feature", "properties": { "sensor_index": 189435, "name": "Olinalá", "timestamp": "2026-09-08T21:50:07.294673+00:00", "pm1_0": 16.6, "pm2_5": 24.9, "latitude": 25.618986, "longitude": -100.37645 }, "geometry": { "type": "Point", "coordinates": [ -100.37645, 25.618986 ] } },
{ "type": "Feature", "properties": { "sensor_index": 189447, "name": "Río Amazonas NO", "timestamp": "2026-09-08T21:50:07.294673+00:00", "pm1_0": 17.2, "pm2_5": 27.3, "latitude": 25.662104, "longitude": -100.37172 }, "geometry": { "type": "Point", "coordinates": [ -100.37172, 25.662104 ] } },
{ "type": "Feature", "properties": { "sensor_index": 189455, "name": "CHIPINQUE CAV", "timestamp": "2026-09-08T21:50:07.294673+00:00", "pm1_0": 14.1, "pm2_5": 21.9, "latitude": 25.618307, "longitude": -100.359955 }, "geometry": { "type": "Point", "coordinates": [ -100.359955, 25.618307 ] } },
{ "type": "Feature", "properties": { "sensor_index": 189469, "name": "Hospital Zambran Hellion TecSalud", "timestamp": "2026-09-08T21:50:07.294673+00:00", "pm1_0": 12.6, "pm2_5": 19.3, "latitude": 25.64684, "longitude": -100.33364 }, "geometry": { "type": "Point", "coordinates": [ -100.33364, 25.64684 ] } },
{ "type": "Feature", "properties": { "sensor_index": 208785, "name": "Colegio Cambridge de Monterrey Campus Anáhuac", "timestamp": "2026-09-08T21:50:07.294673+00:00", "pm1_0": 11.7, "pm2_5": 13.3, "latitude": 25.77144, "longitude": -100.26785 }, "geometry": { "type": "Point", "coordinates": [ -100.26785, 25.77144 ] } },
{ "type": "Feature", "properties": { "sensor_index": 209147, "name": "Rincon de San Jeronimo", "timestamp": "2026-09-08T21:50:07.294673+00:00", "pm1_0": 24.9, "pm2_5": 32.9, "latitude": 25.691032, "longitude": -100.375786 }, "geometry": { "type": "Point", "coordinates": [ -100.375786, 25.691032 ] } },
{ "type": "Feature", "properties": { "sensor_index": 227879, "name": "Rectoria", "timestamp": "2026-09-08T21:50:07.294673+00:00", "pm1_0": 14.1, "pm2_5": 16.9, "latitude": 25.651268, "longitude": -100.291214 }, "geometry": { "type": "Point", "coordinates": [ -100.291214, 25.651268 ] } },
{ "type": "Feature", "properties": { "sensor_index": 227887, "name": "Sensor_Purple_Air-Explanada_EGP-Entrada_Prin", "timestamp": "2026-09-08T21:50:07.294673+00:00", "pm1_0": 13.7, "pm2_5": 16.9, "latitude": 25.64419, "longitude": -100.3255 }, "geometry": { "type": "Point", "coordinates": [ -100.3255, 25.64419 ] } },
{ "type": "Feature", "properties": { "sensor_index": 227889, "name": "Parque central", "timestamp": "2026-09-08T21:50:07.294673+00:00", "pm1_0": 12.0, "pm2_5": 13.6, "latitude": 25.652395, "longitude": -100.28713 }, "geometry": { "type": "Point", "coordinates": [ -100.28713, 25.652395 ] } },
{ "type": "Feature", "properties": { "sensor_index": 227907, "name": "Estacionamiento Alumnos", "timestamp": "2026-09-08T21:50:07.294673+00:00", "pm1_0": 9.1, "pm2_5": 10.5, "latitude": 25.744081, "longitude": -100.28277 }, "geometry": { "type": "Point", "coordinates": [ -100.28277, 25.744081 ] } },
{ "type": "Feature", "properties": { "sensor_index": 227913, "name": "EGADE-Sombrillas", "timestamp": "2026-09-08T21:50:07.294673+00:00", "pm1_0": 17.4, "pm2_5": 21.8, "latitude": 25.643106, "longitude": -100.32573 }, "geometry": { "type": "Point", "coordinates": [ -100.32573, 25.643106 ] } },
{ "type": "Feature", "properties": { "sensor_index": 228003, "name": "EGL-Jardín Robótica", "timestamp": "2026-09-08T21:50:07.294673+00:00", "pm1_0": 15.2, "pm2_5": 18.7, "latitude": 25.61803, "longitude": -100.27554 }, "geometry": { "type": "Point", "coordinates": [ -100.27554, 25.61803 ] } },
{ "type": "Feature", "properties": { "sensor_index": 228001, "name": "C-MTY Explanada 2", "timestamp": "2026-09-08T21:50:07.294673+00:00", "pm1_0": 15.7, "pm2_5": 19.6, "latitude": 25.656332, "longitude": -100.20696 }, "geometry": { "type": "Point", "coordinates": [ -100.20696, 25.656332 ] } },
{ "type": "Feature", "properties": { "sensor_index": 228383, "name": "Estadio Banorte", "timestamp": "2026-09-08T21:50:07.294673+00:00", "pm1_0": 16.5, "pm2_5": 19.4, "latitude": 25.654228, "longitude": -100.28651 }, "geometry": { "type": "Point", "coordinates": [ -100.28651, 25.654228 ] } },
{ "type": "Feature", "properties": { "sensor_index": 228381, "name": "C-MTY RAMPA CAFETERÍA", "timestamp": "2026-09-08T21:50:07.294673+00:00", "pm1_0": 17.7, "pm2_5": 22.3, "latitude": 25.628263, "longitude": -100.30376 }, "geometry": { "type": "Point", "coordinates": [ -100.30376, 25.628263 ] } },
{ "type": "Feature", "properties": { "sensor_index": 228389, "name": "PEGS-Sensor-Canchas", "timestamp": "2026-09-08T21:50:07.294673+00:00", "pm1_0": 16.7, "pm2_5": 19.3, "latitude": 25.670425, "longitude": -100.35683 }, "geometry": { "type": "Point", "coordinates": [ -100.35683, 25.670425 ] } },
{ "type": "Feature", "properties": { "sensor_index": 228407, "name": "CEDES", "timestamp": "2026-09-08T21:50:07.294673+00:00", "pm1_0": 13.1, "pm2_5": 15.5, "latitude": 25.653677, "longitude": -100.29242 }, "geometry": { "type": "Point", "coordinates": [ -100.29242, 25.653677 ] } },
{ "type": "Feature", "properties": { "sensor_index": 278863, "name": "Rio Balsas", "timestamp": "2026-09-08T22:16:23.784466+00:00", "pm1_0": 15.8, "pm2_5": 19.3, "latitude": 25.662691, "longitude": -100.37312 }, "geometry": { "type": "Point", "coordinates": [ -100.37312, 25.662691 ] } },
{ "type": "Feature", "properties": { "sensor_index": 278869, "name": "Veredalta", "timestamp": "2026-09-08T22:16:23.784466+00:00", "pm1_0": 17.2, "pm2_5": 21.2, "latitude": 25.638226, "longitude": -100.3525 }, "geometry": { "type": "Point", "coordinates": [ -100.3525, 25.638226 ] } },
{ "type": "Feature", "properties": { "sensor_index": 278871, "name": "Parroquia Reina de Los Ángeles", "timestamp": "2026-09-08T22:16:23.784466+00:00", "pm1_0": 13.3, "pm2_5": 21.0, "latitude": 25.636341, "longitude": -100.36872 }, "geometry": { "type": "Point", "coordinates": [ -100.36872, 25.636341 ] } },
{ "type": "Feature", "properties": { "sensor_index": 278875, "name": "Secretaría de Relaciones Exteriores", "timestamp": "2026-09-08T22:16:23.784466+00:00", "pm1_0": 16.1, "pm2_5": 20.1, "latitude": 25.667723, "longitude": -100.38136 }, "geometry": { "type": "Point", "coordinates": [ -100.38136, 25.667723 ] } },
{ "type": "Feature", "properties": { "sensor_index": 278883, "name": "Mater International Institute", "timestamp": "2026-09-08T22:16:23.784466+00:00", "pm1_0": 16.3, "pm2_5": 20.4, "latitude": 25.641127, "longitude": -100.362755 }, "geometry": { "type": "Point", "coordinates": [ -100.362755, 25.641127 ] } },
{ "type": "Feature", "properties": { "sensor_index": 278889, "name": "Chipinque Meseta", "timestamp": "2026-09-08T22:16:23.784466+00:00", "pm1_0": 15.8, "pm2_5": 22.4, "latitude": 25.607624, "longitude": -100.355156 }, "geometry": { "type": "Point", "coordinates": [ -100.355156, 25.607624 ] } },
{ "type": "Feature", "properties": { "sensor_index": 278901, "name": "OFICINAS SAN PEDRO PARQUES", "timestamp": "2026-09-08T22:16:23.784466+00:00", "pm1_0": 17.3, "pm2_5": 20.6, "latitude": 25.644024, "longitude": -100.376305 }, "geometry": { "type": "Point", "coordinates": [ -100.376305, 25.644024 ] } },
{ "type": "Feature", "properties": { "sensor_index": 278919, "name": "Residencia Tabachín", "timestamp": "2026-09-08T22:16:23.784466+00:00", "pm1_0": 13.4, "pm2_5": 17.4, "latitude": 25.630367, "longitude": -100.34808 }, "geometry": { "type": "Point", "coordinates": [ -100.34808, 25.630367 ] } },
{ "type": "Feature", "properties": { "sensor_index": 278929, "name": "Rio Caura", "timestamp": "2026-09-08T22:16:23.784466+00:00", "pm1_0": 17.8, "pm2_5": 23.6, "latitude": 25.659946, "longitude": -100.38283 }, "geometry": { "type": "Point", "coordinates": [ -100.38283, 25.659946 ] } },
{ "type": "Feature", "properties": { "sensor_index": 278931, "name": "Residencia Platon", "timestamp": "2026-09-08T22:16:23.784466+00:00", "pm1_0": 16.6, "pm2_5": 21.9, "latitude": 25.630522, "longitude": -100.36023 }, "geometry": { "type": "Point", "coordinates": [ -100.36023, 25.630522 ] } },
{ "type": "Feature", "properties": { "sensor_index": 278937, "name": "Residencia Saqqara", "timestamp": "2026-09-08T22:16:23.784466+00:00", "pm1_0": 12.7, "pm2_5": 18.0, "latitude": 25.652473, "longitude": -100.349236 }, "geometry": { "type": "Point", "coordinates": [ -100.349236, 25.652473 ] } },
{ "type": "Feature", "properties": { "sensor_index": 278939, "name": "Residencia Rio Rosas", "timestamp": "2026-09-08T22:16:23.784466+00:00", "pm1_0": 12.4, "pm2_5": 16.6, "latitude": 25.656303, "longitude": -100.36027 }, "geometry": { "type": "Point", "coordinates": [ -100.36027, 25.656303 ] } },
{ "type": "Feature", "properties": { "sensor_index": 278951, "name": "Parque El Capitán", "timestamp": "2026-09-08T22:16:23.784466+00:00", "pm1_0": 16.4, "pm2_5": 20.0, "latitude": 25.663504, "longitude": -100.35734 }, "geometry": { "type": "Point", "coordinates": [ -100.35734, 25.663504 ] } },
{ "type": "Feature", "properties": { "sensor_index": 278957, "name": "Los Pinos", "timestamp": "2026-09-08T22:16:23.784466+00:00", "pm1_0": 12.0, "pm2_5": 16.4, "latitude": 25.672205, "longitude": -100.397354 }, "geometry": { "type": "Point", "coordinates": [ -100.397354, 25.672205 ] } },
{ "type": "Feature", "properties": { "sensor_index": 278959, "name": "Colegio Nobel", "timestamp": "2026-09-08T22:16:23.784466+00:00", "pm1_0": 15.8, "pm2_5": 20.3, "latitude": 25.657562, "longitude": -100.39641 }, "geometry": { "type": "Point", "coordinates": [ -100.39641, 25.657562 ] } },
{ "type": "Feature", "properties": { "sensor_index": 278955, "name": "Residencia San Mateo", "timestamp": "2026-09-08T22:16:23.784466+00:00", "pm1_0": 12.2, "pm2_5": 14.3, "latitude": 25.643766, "longitude": -100.31643 }, "geometry": { "type": "Point", "coordinates": [ -100.31643, 25.643766 ] } },
{ "type": "Feature", "properties": { "sensor_index": 279836, "name": "San Roberto International School San Agustin", "timestamp": "2026-09-08T22:16:23.784466+00:00", "pm1_0": 15.6, "pm2_5": 19.8, "latitude": 25.646032, "longitude": -100.338165 }, "geometry": { "type": "Point", "coordinates": [ -100.338165, 25.646032 ] } },
{ "type": "Feature", "properties": { "sensor_index": 279834, "name": "Colegio Ingles Campus Encino", "timestamp": "2026-09-08T22:16:23.784466+00:00", "pm1_0": 17.1, "pm2_5": 21.4, "latitude": 25.637669, "longitude": -100.33746 }, "geometry": { "type": "Point", "coordinates": [ -100.33746, 25.637669 ] } },
{ "type": "Feature", "properties": { "sensor_index": 279854, "name": "Pinos", "timestamp": "2026-09-08T22:16:23.784466+00:00", "pm1_0": 33.0, "pm2_5": 35.2, "latitude": 25.65975, "longitude": -100.349976 }, "geometry": { "type": "Point", "coordinates": [ -100.349976, 25.65975 ] } },
{ "type": "Feature", "properties": { "sensor_index": 279866, "name": "Lomas del Campestre", "timestamp": "2026-09-08T22:16:23.784466+00:00", "pm1_0": 16.3, "pm2_5": 20.8, "latitude": 25.638052, "longitude": -100.33173 }, "geometry": { "type": "Point", "coordinates": [ -100.33173, 25.638052 ] } },
{ "type": "Feature", "properties": { "sensor_index": 279890, "name": "María Desatadora de Nudos", "timestamp": "2026-09-08T22:16:23.784466+00:00", "pm1_0": 17.0, "pm2_5": 20.9, "latitude": 25.624146, "longitude": -100.37315 }, "geometry": { "type": "Point", "coordinates": [ -100.37315, 25.624146 ] } },
{ "type": "Feature", "properties": { "sensor_index": 279926, "name": "Parque Mississippi", "timestamp": "2026-09-08T22:16:23.784466+00:00", "pm1_0": 17.3, "pm2_5": 20.3, "latitude": 25.657495, "longitude": -100.36317 }, "geometry": { "type": "Point", "coordinates": [ -100.36317, 25.657495 ] } },
{ "type": "Feature", "properties": { "sensor_index": 280524, "name": "Privada Paso de la Sierra", "timestamp": "2026-09-08T22:16:23.784466+00:00", "pm1_0": 16.3, "pm2_5": 19.5, "latitude": 25.648457, "longitude": -100.36256 }, "geometry": { "type": "Point", "coordinates": [ -100.36256, 25.648457 ] } },
{ "type": "Feature", "properties": { "sensor_index": 280520, "name": "Irish International School Campus First School", "timestamp": "2026-09-08T22:16:23.784466+00:00", "pm1_0": 16.2, "pm2_5": 19.2, "latitude": 25.639212, "longitude": -100.34154 }, "geometry": { "type": "Point", "coordinates": [ -100.34154, 25.639212 ] } },
{ "type": "Feature", "properties": { "sensor_index": 280532, "name": "Museo La Milarca", "timestamp": "2026-09-08T22:16:23.784466+00:00", "pm1_0": 16.0, "pm2_5": 18.7, "latitude": 25.64443, "longitude": -100.32734 }, "geometry": { "type": "Point", "coordinates": [ -100.32734, 25.64443 ] } },
{ "type": "Feature", "properties": { "sensor_index": 280534, "name": "Residencia Savotino", "timestamp": "2026-09-08T22:16:23.784466+00:00", "pm1_0": 15.2, "pm2_5": 19.7, "latitude": 25.662497, "longitude": -100.36313 }, "geometry": { "type": "Point", "coordinates": [ -100.36313, 25.662497 ] } },
{ "type": "Feature", "properties": { "sensor_index": 280644, "name": "Residencia nogal", "timestamp": "2026-09-08T22:16:23.784466+00:00", "pm1_0": 15.7, "pm2_5": 21.5, "latitude": 25.61478, "longitude": -100.368286 }, "geometry": { "type": "Point", "coordinates": [ -100.368286, 25.61478 ] } },
{ "type": "Feature", "properties": { "sensor_index": 280900, "name": "Rio Necaxa", "timestamp": "2026-09-08T22:16:23.784466+00:00", "pm1_0": 15.9, "pm2_5": 19.9, "latitude": 25.65677, "longitude": -100.344666 }, "geometry": { "type": "Point", "coordinates": [ -100.344666, 25.65677 ] } },
{ "type": "Feature", "properties": { "sensor_index": 280902, "name": "Residencia Rio Pesqueria", "timestamp": "2026-09-08T22:16:23.784466+00:00", "pm1_0": 17.4, "pm2_5": 20.9, "latitude": 25.658936, "longitude": -100.37394 }, "geometry": { "type": "Point", "coordinates": [ -100.37394, 25.658936 ] } },
{ "type": "Feature", "properties": { "sensor_index": 284960, "name": "Esquina Barranquilla y Patagonia (Altavista)", "timestamp": "2026-09-08T22:16:23.784466+00:00", "pm1_0": 17.2, "pm2_5": 20.8, "latitude": 25.644045, "longitude": -100.29044 }, "geometry": { "type": "Point", "coordinates": [ -100.29044, 25.644045 ] } },
{ "type": "Feature", "properties": { "sensor_index": 286238, "name": "Oasis", "timestamp": "2026-09-08T22:16:23.784466+00:00", "pm1_0": 20.0, "pm2_5": 24.5, "latitude": 25.640884, "longitude": -100.30304 }, "geometry": { "type": "Point", "coordinates": [ -100.30304, 25.640884 ] } },
{ "type": "Feature", "properties": { "sensor_index": 286240, "name": "Casa Naranjos", "timestamp": "2026-09-08T22:16:23.784466+00:00", "pm1_0": 15.8, "pm2_5": 18.9, "latitude": 25.654285, "longitude": -100.28977 }, "geometry": { "type": "Point", "coordinates": [ -100.28977, 25.654285 ] } },
{ "type": "Feature", "properties": { "sensor_index": 288064, "name": "Terminal", "timestamp": "2026-09-08T22:16:23.784466+00:00", "pm1_0": 21.0, "pm2_5": 26.7, "latitude": 25.686438, "longitude": -100.29351 }, "geometry": { "type": "Point", "coordinates": [ -100.29351, 25.686438 ] } },
{ "type": "Feature", "properties": { "sensor_index": 288066, "name": "Hospital de San Vicente", "timestamp": "2026-09-08T22:16:23.784466+00:00", "pm1_0": 18.8, "pm2_5": 21.6, "latitude": 25.67851, "longitude": -100.324974 }, "geometry": { "type": "Point", "coordinates": [ -100.324974, 25.67851 ] } },
{ "type": "Feature", "properties": { "sensor_index": 288332, "name": "Facultad de Salud Pública y Nutrición", "timestamp": "2026-09-08T22:16:23.784466+00:00", "pm1_0": 16.9, "pm2_5": 20.9, "latitude": 25.688875, "longitude": -100.34783 }, "geometry": { "type": "Point", "coordinates": [ -100.34783, 25.688875 ] } },
{ "type": "Feature", "properties": { "sensor_index": 292893, "name": "TEC-AMM-RB-005", "timestamp": "2026-09-08T22:16:23.784466+00:00", "pm1_0": 15.7, "pm2_5": 19.9, "latitude": 25.658117, "longitude": -100.26312 }, "geometry": { "type": "Point", "coordinates": [ -100.26312, 25.658117 ] } },
{ "type": "Feature", "properties": { "sensor_index": 292895, "name": "TEC-AMM-RD-004", "timestamp": "2026-09-08T22:16:23.784466+00:00", "pm1_0": 15.0, "pm2_5": 18.9, "latitude": 25.774128, "longitude": -100.26622 }, "geometry": { "type": "Point", "coordinates": [ -100.26622, 25.774128 ] } },
{ "type": "Feature", "properties": { "sensor_index": 292889, "name": "TEC-AMM-RB-003", "timestamp": "2026-09-08T22:16:23.784466+00:00", "pm1_0": 14.6, "pm2_5": 18.0, "latitude": 25.654068, "longitude": -100.22748 }, "geometry": { "type": "Point", "coordinates": [ -100.22748, 25.654068 ] } },
{ "type": "Feature", "properties": { "sensor_index": 292891, "name": "TEC-AMM-RC-004", "timestamp": "2026-09-08T22:16:23.784466+00:00", "pm1_0": 14.4, "pm2_5": 16.7, "latitude": 25.639277, "longitude": -100.17398 }, "geometry": { "type": "Point", "coordinates": [ -100.17398, 25.639277 ] } },
{ "type": "Feature", "properties": { "sensor_index": 292901, "name": "TEC-AMM-RF-004", "timestamp": "2026-09-08T22:16:23.784466+00:00", "pm1_0": 11.6, "pm2_5": 13.2, "latitude": 25.738094, "longitude": -100.30651 }, "geometry": { "type": "Point", "coordinates": [ -100.30651, 25.738094 ] } },
{ "type": "Feature", "properties": { "sensor_index": 292901, "name": "TEC-AMM-RF-004", "timestamp": "2026-09-08T22:16:23.784466+00:00", "pm1_0": 11.6, "pm2_5": 13.2, "latitude": 25.73373, "longitude": -100.31656 }, "geometry": { "type": "Point", "coordinates": [ -100.31656, 25.73373 ] } },
{ "type": "Feature", "properties": { "sensor_index": 292897, "name": "TEC-AMM-RF-005", "timestamp": "2026-09-08T22:16:23.784466+00:00", "pm1_0": 14.3, "pm2_5": 17.1, "latitude": 25.770947, "longitude": -100.36825 }, "geometry": { "type": "Point", "coordinates": [ -100.36825, 25.770947 ] } },
{ "type": "Feature", "properties": { "sensor_index": 292905, "name": "TEC-AMM-RC-006", "timestamp": "2026-09-08T22:16:23.784466+00:00", "pm1_0": 15.1, "pm2_5": 17.9, "latitude": 25.608519, "longitude": -100.1551 }, "geometry": { "type": "Point", "coordinates": [ -100.1551, 25.608519 ] } },
{ "type": "Feature", "properties": { "sensor_index": 292941, "name": "TEC-AMM-RD-005", "timestamp": "2026-09-08T22:16:23.784466+00:00", "pm1_0": 8.8, "pm2_5": 11.6, "latitude": 25.760899, "longitude": -100.16765 }, "geometry": { "type": "Point", "coordinates": [ -100.16765, 25.760899 ] } },
{ "type": "Feature", "properties": { "sensor_index": 292943, "name": "TEC-AMM-RC-005", "timestamp": "2026-09-08T22:16:23.784466+00:00", "pm1_0": 15.1, "pm2_5": 19.9, "latitude": 25.646128, "longitude": -100.14929 }, "geometry": { "type": "Point", "coordinates": [ -100.14929, 25.646128 ] } },
{ "type": "Feature", "properties": { "sensor_index": 292939, "name": "TEC-AMM-RA-001", "timestamp": "2026-09-08T22:16:23.784466+00:00", "pm1_0": 17.4, "pm2_5": 20.8, "latitude": 25.658657, "longitude": -100.399 }, "geometry": { "type": "Point", "coordinates": [ -100.399, 25.658657 ] } },
{ "type": "Feature", "properties": { "sensor_index": 292949, "name": "TEC-AMM-RA-003", "timestamp": "2026-09-08T22:16:23.784466+00:00", "pm1_0": 16.3, "pm2_5": 19.7, "latitude": 25.661757, "longitude": -100.36972 }, "geometry": { "type": "Point", "coordinates": [ -100.36972, 25.661757 ] } },
{ "type": "Feature", "properties": { "sensor_index": 292951, "name": "TEC-AMM-RB-004", "timestamp": "2026-09-08T22:16:23.784466+00:00", "pm1_0": 15.4, "pm2_5": 19.2, "latitude": 25.66194, "longitude": -100.3313 }, "geometry": { "type": "Point", "coordinates": [ -100.3313, 25.66194 ] } },
{ "type": "Feature", "properties": { "sensor_index": 292947, "name": "TEC-AMM-RA-004", "timestamp": "2026-09-08T22:16:23.784466+00:00", "pm1_0": 53.1, "pm2_5": 67.3, "latitude": 25.684696, "longitude": -100.36298 }, "geometry": { "type": "Point", "coordinates": [ -100.36298, 25.684696 ] } },
{ "type": "Feature", "properties": { "sensor_index": 292957, "name": "TEC-AMM-RC-008", "timestamp": "2026-09-08T22:16:23.784466+00:00", "pm1_0": 22.2, "pm2_5": 29.7, "latitude": 25.731503, "longitude": -100.13724 }, "geometry": { "type": "Point", "coordinates": [ -100.13724, 25.731503 ] } },
{ "type": "Feature", "properties": { "sensor_index": 292973, "name": "TEC-AMM-RC-003", "timestamp": "2026-09-08T22:16:23.784466+00:00", "pm1_0": 17.6, "pm2_5": 22.0, "latitude": 25.684975, "longitude": -100.17443 }, "geometry": { "type": "Point", "coordinates": [ -100.17443, 25.684975 ] } },
{ "type": "Feature", "properties": { "sensor_index": 292983, "name": "TEC-AMM-RC-007", "timestamp": "2026-09-08T22:16:23.784466+00:00", "pm1_0": 17.7, "pm2_5": 24.9, "latitude": 25.650148, "longitude": -100.11657 }, "geometry": { "type": "Point", "coordinates": [ -100.11657, 25.650148 ] } },
{ "type": "Feature", "properties": { "sensor_index": 292997, "name": "TEC-AMM-RF-004", "timestamp": "2026-09-08T22:16:23.784466+00:00", "pm1_0": 14.4, "pm2_5": 18.8, "latitude": 25.738094, "longitude": -100.30651 }, "geometry": { "type": "Point", "coordinates": [ -100.30651, 25.738094 ] } },
{ "type": "Feature", "properties": { "sensor_index": 292997, "name": "TEC-AMM-RF-004", "timestamp": "2026-09-08T22:16:23.784466+00:00", "pm1_0": 14.4, "pm2_5": 18.8, "latitude": 25.73373, "longitude": -100.31656 }, "geometry": { "type": "Point", "coordinates": [ -100.31656, 25.73373 ] } },
{ "type": "Feature", "properties": { "sensor_index": 292999, "name": "TEC-AMM-RE-002", "timestamp": "2026-09-08T22:16:23.784466+00:00", "pm1_0": 15.0, "pm2_5": 18.0, "latitude": 25.772509, "longitude": -100.31119 }, "geometry": { "type": "Point", "coordinates": [ -100.31119, 25.772509 ] } },
{ "type": "Feature", "properties": { "sensor_index": 293001, "name": "TEC-AMM-RF-006", "timestamp": "2026-09-08T22:16:23.784466+00:00", "pm1_0": 16.1, "pm2_5": 20.0, "latitude": 25.71829, "longitude": -100.37077 }, "geometry": { "type": "Point", "coordinates": [ -100.37077, 25.71829 ] } },
{ "type": "Feature", "properties": { "sensor_index": 293003, "name": "TEC-AMM-RB-006", "timestamp": "2026-09-08T22:16:23.784466+00:00", "pm1_0": 15.4, "pm2_5": 18.5, "latitude": 25.676483, "longitude": -100.29272 }, "geometry": { "type": "Point", "coordinates": [ -100.29272, 25.676483 ] } },
{ "type": "Feature", "properties": { "sensor_index": 293469, "name": "Leon Ortigosa ABP", "timestamp": "2026-09-08T22:16:23.784466+00:00", "pm1_0": 15.4, "pm2_5": 19.9, "latitude": 25.67212, "longitude": -100.33521 }, "geometry": { "type": "Point", "coordinates": [ -100.33521, 25.67212 ] } },
{ "type": "Feature", "properties": { "sensor_index": 293465, "name": "Loma Larga", "timestamp": "2026-09-08T22:16:23.784466+00:00", "pm1_0": 15.3, "pm2_5": 19.7, "latitude": 25.665812, "longitude": -100.34373 }, "geometry": { "type": "Point", "coordinates": [ -100.34373, 25.665812 ] } },
{ "type": "Feature", "properties": { "sensor_index": 293467, "name": "UMF37", "timestamp": "2026-09-08T22:16:23.784466+00:00", "pm1_0": 15.8, "pm2_5": 20.0, "latitude": 25.687622, "longitude": -100.342964 }, "geometry": { "type": "Point", "coordinates": [ -100.342964, 25.687622 ] } },
{ "type": "Feature", "properties": { "sensor_index": 33027, "name": "Lagos del Bosque", "timestamp": "2026-09-08T22:16:23.784466+00:00", "pm1_0": 7.2, "pm2_5": 10.4, "latitude": 25.600061, "longitude": -100.26256 }, "geometry": { "type": "Point", "coordinates": [ -100.26256, 25.600061 ] } },
{ "type": "Feature", "properties": { "sensor_index": 33117, "name": "Liceo de Monterrey", "timestamp": "2026-09-08T22:16:23.784466+00:00", "pm1_0": 18.9, "pm2_5": 27.7, "latitude": 25.650322, "longitude": -100.32849 }, "geometry": { "type": "Point", "coordinates": [ -100.32849, 25.650322 ] } },
{ "type": "Feature", "properties": { "sensor_index": 34441, "name": "Callejon de los Ayala", "timestamp": "2026-09-08T22:16:23.784466+00:00", "pm1_0": 3.1, "pm2_5": 5.8, "latitude": 25.6665, "longitude": -100.3976 }, "geometry": { "type": "Point", "coordinates": [ -100.3976, 25.6665 ] } },
{ "type": "Feature", "properties": { "sensor_index": 34499, "name": "San Patricio #106", "timestamp": "2026-09-08T22:16:23.784466+00:00", "pm1_0": 0.0, "pm2_5": 0.0, "latitude": 25.641743, "longitude": -100.3472 }, "geometry": { "type": "Point", "coordinates": [ -100.3472, 25.641743 ] } },
{ "type": "Feature", "properties": { "sensor_index": 34511, "name": "Rosario", "timestamp": "2026-09-08T22:16:23.784466+00:00", "pm1_0": 11.3, "pm2_5": 17.2, "latitude": 25.640432, "longitude": -100.392265 }, "geometry": { "type": "Point", "coordinates": [ -100.392265, 25.640432 ] } },
{ "type": "Feature", "properties": { "sensor_index": 38663, "name": "Rayon Norte", "timestamp": "2026-09-08T22:16:23.784466+00:00", "pm1_0": 14.2, "pm2_5": 19.1, "latitude": 25.678823, "longitude": -100.319695 }, "geometry": { "type": "Point", "coordinates": [ -100.319695, 25.678823 ] } },
{ "type": "Feature", "properties": { "sensor_index": 42211, "name": "RF", "timestamp": "2026-09-08T22:16:23.784466+00:00", "pm1_0": 9.6, "pm2_5": 13.8, "latitude": 25.61638, "longitude": -100.316124 }, "geometry": { "type": "Point", "coordinates": [ -100.316124, 25.61638 ] } },
{ "type": "Feature", "properties": { "sensor_index": 305140, "name": "Bicla", "timestamp": "2026-09-08T22:16:23.784466+00:00", "pm1_0": 16.8, "pm2_5": 21.2, "latitude": 25.700935, "longitude": -100.33541 }, "geometry": { "type": "Point", "coordinates": [ -100.33541, 25.700935 ] } },
{ "type": "Feature", "properties": { "sensor_index": 305164, "name": "NuevaMaderoDave", "timestamp": "2026-09-08T22:16:23.784466+00:00", "pm1_0": 12.8, "pm2_5": 16.3, "latitude": 25.688787, "longitude": -100.27929 }, "geometry": { "type": "Point", "coordinates": [ -100.27929, 25.688787 ] } },
{ "type": "Feature", "properties": { "sensor_index": 305192, "name": "11a avenida cumbres 1 sector", "timestamp": "2026-09-08T22:16:23.784466+00:00", "pm1_0": 15.8, "pm2_5": 19.0, "latitude": 25.69958, "longitude": -100.35898 }, "geometry": { "type": "Point", "coordinates": [ -100.35898, 25.69958 ] } },
{ "type": "Feature", "properties": { "sensor_index": 305232, "name": "PurpleAir Ancira Mty", "timestamp": "2026-09-08T22:16:23.784466+00:00", "pm1_0": 17.7, "pm2_5": 21.9, "latitude": 25.651157, "longitude": -100.3062 }, "geometry": { "type": "Point", "coordinates": [ -100.3062, 25.651157 ] } },
{ "type": "Feature", "properties": { "sensor_index": 43627, "name": "Liceo de Monterrey Rosemont", "timestamp": "2026-09-08T22:16:23.784466+00:00", "pm1_0": 14.0, "pm2_5": 15.5, "latitude": 25.67425, "longitude": -100.35398 }, "geometry": { "type": "Point", "coordinates": [ -100.35398, 25.67425 ] } },
{ "type": "Feature", "properties": { "sensor_index": 45769, "name": "Huascaran", "timestamp": "2026-09-08T22:16:23.784466+00:00", "pm1_0": 11.5, "pm2_5": 15.3, "latitude": 25.637255, "longitude": -100.399216 }, "geometry": { "type": "Point", "coordinates": [ -100.399216, 25.637255 ] } },
{ "type": "Feature", "properties": { "sensor_index": 308956, "name": "Jardín de las carreras", "timestamp": "2026-09-08T22:16:23.784466+00:00", "pm1_0": 17.3, "pm2_5": 22.1, "latitude": 25.650595, "longitude": -100.289 }, "geometry": { "type": "Point", "coordinates": [ -100.289, 25.650595 ] } },
{ "type": "Feature", "properties": { "sensor_index": 49949, "name": "El Horizonte", "timestamp": "2026-09-08T22:16:23.784466+00:00", "pm1_0": 11.1, "pm2_5": 17.0, "latitude": 25.677492, "longitude": -100.29761 }, "geometry": { "type": "Point", "coordinates": [ -100.29761, 25.677492 ] } },
{ "type": "Feature", "properties": { "sensor_index": 50555, "name": "Treviño", "timestamp": "2026-09-08T22:16:23.784466+00:00", "pm1_0": 0.0, "pm2_5": 0.0, "latitude": 25.638243, "longitude": -100.36743 }, "geometry": { "type": "Point", "coordinates": [ -100.36743, 25.638243 ] } },
{ "type": "Feature", "properties": { "sensor_index": 50871, "name": "TEC Garza Laguera", "timestamp": "2026-09-08T22:16:23.784466+00:00", "pm1_0": 11.8, "pm2_5": 17.2, "latitude": 25.61827, "longitude": -100.27293 }, "geometry": { "type": "Point", "coordinates": [ -100.27293, 25.61827 ] } },
{ "type": "Feature", "properties": { "sensor_index": 321194, "name": "Ramsesgs", "timestamp": "2026-09-08T22:16:23.784466+00:00", "pm1_0": 16.4, "pm2_5": 20.9, "latitude": 25.61975, "longitude": -100.29781 }, "geometry": { "type": "Point", "coordinates": [ -100.29781, 25.61975 ] } },
{ "type": "Feature", "properties": { "sensor_index": 119937, "name": "Grupo Reforma Cumbres", "timestamp": "2026-09-08T22:16:23.784466+00:00", "pm1_0": 5.4, "pm2_5": 9.5, "latitude": 25.71012, "longitude": -100.37474 }, "geometry": { "type": "Point", "coordinates": [ -100.37474, 25.71012 ] } },
{ "type": "Feature", "properties": { "sensor_index": 119965, "name": "Grupo Reforma El Norte", "timestamp": "2026-09-08T22:16:23.784466+00:00", "pm1_0": 10.8, "pm2_5": 14.4, "latitude": 25.674164, "longitude": -100.30816 }, "geometry": { "type": "Point", "coordinates": [ -100.30816, 25.674164 ] } },
{ "type": "Feature", "properties": { "sensor_index": 121825, "name": "Grupo Reforma Sierra Madre", "timestamp": "2026-09-08T22:16:23.784466+00:00", "pm1_0": 3130.8, "pm2_5": 3130.8, "latitude": 25.663378, "longitude": -100.36808 }, "geometry": { "type": "Point", "coordinates": [ -100.36808, 25.663378 ] } },
{ "type": "Feature", "properties": { "sensor_index": 136522, "name": "Bosques de La Pastora", "timestamp": "2026-09-08T22:16:23.784466+00:00", "pm1_0": 2.5, "pm2_5": 6.1, "latitude": 25.65773, "longitude": -100.251625 }, "geometry": { "type": "Point", "coordinates": [ -100.251625, 25.65773 ] } },
{ "type": "Feature", "properties": { "sensor_index": 147010, "name": "Santa Barbara", "timestamp": "2026-09-08T22:16:23.784466+00:00", "pm1_0": 11.0, "pm2_5": 14.9, "latitude": 25.661701, "longitude": -100.38932 }, "geometry": { "type": "Point", "coordinates": [ -100.38932, 25.661701 ] } },
{ "type": "Feature", "properties": { "sensor_index": 174781, "name": "Colegio Cambridge de Monterrey Campus Mitras", "timestamp": "2026-09-08T22:16:23.784466+00:00", "pm1_0": 19.3, "pm2_5": 23.8, "latitude": 25.696613, "longitude": -100.348114 }, "geometry": { "type": "Point", "coordinates": [ -100.348114, 25.696613 ] } },
{ "type": "Feature", "properties": { "sensor_index": 174787, "name": "Colegio Cambridge de Monterrey Campus Norte", "timestamp": "2026-09-08T22:16:23.784466+00:00", "pm1_0": 13.7, "pm2_5": 15.0, "latitude": 25.779613, "longitude": -100.28022 }, "geometry": { "type": "Point", "coordinates": [ -100.28022, 25.779613 ] } },
{ "type": "Feature", "properties": { "sensor_index": 189431, "name": "BEA", "timestamp": "2026-09-08T22:16:23.784466+00:00", "pm1_0": 12.7, "pm2_5": 18.9, "latitude": 25.65725, "longitude": -100.35996 }, "geometry": { "type": "Point", "coordinates": [ -100.35996, 25.65725 ] } },
{ "type": "Feature", "properties": { "sensor_index": 189435, "name": "Olinalá", "timestamp": "2026-09-08T22:16:23.784466+00:00", "pm1_0": 14.0, "pm2_5": 20.9, "latitude": 25.618986, "longitude": -100.37645 }, "geometry": { "type": "Point", "coordinates": [ -100.37645, 25.618986 ] } },
{ "type": "Feature", "properties": { "sensor_index": 189447, "name": "Río Amazonas NO", "timestamp": "2026-09-08T22:16:23.784466+00:00", "pm1_0": 16.8, "pm2_5": 23.5, "latitude": 25.662104, "longitude": -100.37172 }, "geometry": { "type": "Point", "coordinates": [ -100.37172, 25.662104 ] } },
{ "type": "Feature", "properties": { "sensor_index": 189455, "name": "CHIPINQUE CAV", "timestamp": "2026-09-08T22:16:23.784466+00:00", "pm1_0": 12.3, "pm2_5": 19.3, "latitude": 25.618307, "longitude": -100.359955 }, "geometry": { "type": "Point", "coordinates": [ -100.359955, 25.618307 ] } },
{ "type": "Feature", "properties": { "sensor_index": 189469, "name": "Hospital Zambran Hellion TecSalud", "timestamp": "2026-09-08T22:16:23.784466+00:00", "pm1_0": 14.0, "pm2_5": 20.6, "latitude": 25.64684, "longitude": -100.33364 }, "geometry": { "type": "Point", "coordinates": [ -100.33364, 25.64684 ] } },
{ "type": "Feature", "properties": { "sensor_index": 208785, "name": "Colegio Cambridge de Monterrey Campus Anáhuac", "timestamp": "2026-09-08T22:16:23.784466+00:00", "pm1_0": 14.3, "pm2_5": 16.4, "latitude": 25.77144, "longitude": -100.26785 }, "geometry": { "type": "Point", "coordinates": [ -100.26785, 25.77144 ] } },
{ "type": "Feature", "properties": { "sensor_index": 209147, "name": "Rincon de San Jeronimo", "timestamp": "2026-09-08T22:16:23.784466+00:00", "pm1_0": 40.0, "pm2_5": 57.1, "latitude": 25.691032, "longitude": -100.375786 }, "geometry": { "type": "Point", "coordinates": [ -100.375786, 25.691032 ] } },
{ "type": "Feature", "properties": { "sensor_index": 227879, "name": "Rectoria", "timestamp": "2026-09-08T22:16:23.784466+00:00", "pm1_0": 13.3, "pm2_5": 16.4, "latitude": 25.651268, "longitude": -100.291214 }, "geometry": { "type": "Point", "coordinates": [ -100.291214, 25.651268 ] } },
{ "type": "Feature", "properties": { "sensor_index": 227887, "name": "Sensor_Purple_Air-Explanada_EGP-Entrada_Prin", "timestamp": "2026-09-08T22:16:23.784466+00:00", "pm1_0": 13.7, "pm2_5": 16.9, "latitude": 25.64419, "longitude": -100.3255 }, "geometry": { "type": "Point", "coordinates": [ -100.3255, 25.64419 ] } },
{ "type": "Feature", "properties": { "sensor_index": 227889, "name": "Parque central", "timestamp": "2026-09-08T22:16:23.784466+00:00", "pm1_0": 13.1, "pm2_5": 14.9, "latitude": 25.652395, "longitude": -100.28713 }, "geometry": { "type": "Point", "coordinates": [ -100.28713, 25.652395 ] } },
{ "type": "Feature", "properties": { "sensor_index": 227907, "name": "Estacionamiento Alumnos", "timestamp": "2026-09-08T22:16:23.784466+00:00", "pm1_0": 10.8, "pm2_5": 14.0, "latitude": 25.744081, "longitude": -100.28277 }, "geometry": { "type": "Point", "coordinates": [ -100.28277, 25.744081 ] } },
{ "type": "Feature", "properties": { "sensor_index": 227913, "name": "EGADE-Sombrillas", "timestamp": "2026-09-08T22:16:23.784466+00:00", "pm1_0": 16.5, "pm2_5": 20.9, "latitude": 25.643106, "longitude": -100.32573 }, "geometry": { "type": "Point", "coordinates": [ -100.32573, 25.643106 ] } },
{ "type": "Feature", "properties": { "sensor_index": 228003, "name": "EGL-Jardín Robótica", "timestamp": "2026-09-08T22:16:23.784466+00:00", "pm1_0": 13.3, "pm2_5": 16.8, "latitude": 25.61803, "longitude": -100.27554 }, "geometry": { "type": "Point", "coordinates": [ -100.27554, 25.61803 ] } },
{ "type": "Feature", "properties": { "sensor_index": 228001, "name": "C-MTY Explanada 2", "timestamp": "2026-09-08T22:16:23.784466+00:00", "pm1_0": 17.1, "pm2_5": 21.0, "latitude": 25.656332, "longitude": -100.20696 }, "geometry": { "type": "Point", "coordinates": [ -100.20696, 25.656332 ] } },
{ "type": "Feature", "properties": { "sensor_index": 228383, "name": "Estadio Banorte", "timestamp": "2026-09-08T22:16:23.784466+00:00", "pm1_0": 16.7, "pm2_5": 20.5, "latitude": 25.654228, "longitude": -100.28651 }, "geometry": { "type": "Point", "coordinates": [ -100.28651, 25.654228 ] } },
{ "type": "Feature", "properties": { "sensor_index": 228381, "name": "C-MTY RAMPA CAFETERÍA", "timestamp": "2026-09-08T22:16:23.784466+00:00", "pm1_0": 15.6, "pm2_5": 20.0, "latitude": 25.628263, "longitude": -100.30376 }, "geometry": { "type": "Point", "coordinates": [ -100.30376, 25.628263 ] } },
{ "type": "Feature", "properties": { "sensor_index": 228389, "name": "PEGS-Sensor-Canchas", "timestamp": "2026-09-08T22:16:23.784466+00:00", "pm1_0": 16.2, "pm2_5": 19.0, "latitude": 25.670425, "longitude": -100.35683 }, "geometry": { "type": "Point", "coordinates": [ -100.35683, 25.670425 ] } },
{ "type": "Feature", "properties": { "sensor_index": 228407, "name": "CEDES", "timestamp": "2026-09-08T22:16:23.784466+00:00", "pm1_0": 11.1, "pm2_5": 13.6, "latitude": 25.653677, "longitude": -100.29242 }, "geometry": { "type": "Point", "coordinates": [ -100.29242, 25.653677 ] } },
{ "type": "Feature", "properties": { "sensor_index": 278863, "name": "Rio Balsas", "timestamp": "2026-09-08T22:33:03.065516+00:00", "pm1_0": 14.6, "pm2_5": 18.0, "latitude": 25.662691, "longitude": -100.37312 }, "geometry": { "type": "Point", "coordinates": [ -100.37312, 25.662691 ] } },
{ "type": "Feature", "properties": { "sensor_index": 278869, "name": "Veredalta", "timestamp": "2026-09-08T22:33:03.065516+00:00", "pm1_0": 14.5, "pm2_5": 18.4, "latitude": 25.638226, "longitude": -100.3525 }, "geometry": { "type": "Point", "coordinates": [ -100.3525, 25.638226 ] } },
{ "type": "Feature", "properties": { "sensor_index": 278871, "name": "Parroquia Reina de Los Ángeles", "timestamp": "2026-09-08T22:33:03.065516+00:00", "pm1_0": 13.3, "pm2_5": 21.0, "latitude": 25.636341, "longitude": -100.36872 }, "geometry": { "type": "Point", "coordinates": [ -100.36872, 25.636341 ] } },
{ "type": "Feature", "properties": { "sensor_index": 278875, "name": "Secretaría de Relaciones Exteriores", "timestamp": "2026-09-08T22:33:03.065516+00:00", "pm1_0": 15.0, "pm2_5": 19.2, "latitude": 25.667723, "longitude": -100.38136 }, "geometry": { "type": "Point", "coordinates": [ -100.38136, 25.667723 ] } },
{ "type": "Feature", "properties": { "sensor_index": 278883, "name": "Mater International Institute", "timestamp": "2026-09-08T22:33:03.065516+00:00", "pm1_0": 16.5, "pm2_5": 21.1, "latitude": 25.641127, "longitude": -100.362755 }, "geometry": { "type": "Point", "coordinates": [ -100.362755, 25.641127 ] } },
{ "type": "Feature", "properties": { "sensor_index": 278889, "name": "Chipinque Meseta", "timestamp": "2026-09-08T22:33:03.065516+00:00", "pm1_0": 13.9, "pm2_5": 20.4, "latitude": 25.607624, "longitude": -100.355156 }, "geometry": { "type": "Point", "coordinates": [ -100.355156, 25.607624 ] } },
{ "type": "Feature", "properties": { "sensor_index": 278901, "name": "OFICINAS SAN PEDRO PARQUES", "timestamp": "2026-09-08T22:33:03.065516+00:00", "pm1_0": 16.2, "pm2_5": 19.4, "latitude": 25.644024, "longitude": -100.376305 }, "geometry": { "type": "Point", "coordinates": [ -100.376305, 25.644024 ] } },
{ "type": "Feature", "properties": { "sensor_index": 278919, "name": "Residencia Tabachín", "timestamp": "2026-09-08T22:33:03.065516+00:00", "pm1_0": 13.4, "pm2_5": 18.2, "latitude": 25.630367, "longitude": -100.34808 }, "geometry": { "type": "Point", "coordinates": [ -100.34808, 25.630367 ] } },
{ "type": "Feature", "properties": { "sensor_index": 278929, "name": "Rio Caura", "timestamp": "2026-09-08T22:33:03.065516+00:00", "pm1_0": 16.3, "pm2_5": 21.9, "latitude": 25.659946, "longitude": -100.38283 }, "geometry": { "type": "Point", "coordinates": [ -100.38283, 25.659946 ] } },
{ "type": "Feature", "properties": { "sensor_index": 278931, "name": "Residencia Platon", "timestamp": "2026-09-08T22:33:03.065516+00:00", "pm1_0": 16.5, "pm2_5": 21.3, "latitude": 25.630522, "longitude": -100.36023 }, "geometry": { "type": "Point", "coordinates": [ -100.36023, 25.630522 ] } },
{ "type": "Feature", "properties": { "sensor_index": 278937, "name": "Residencia Saqqara", "timestamp": "2026-09-08T22:33:03.065516+00:00", "pm1_0": 13.7, "pm2_5": 18.1, "latitude": 25.652473, "longitude": -100.349236 }, "geometry": { "type": "Point", "coordinates": [ -100.349236, 25.652473 ] } },
{ "type": "Feature", "properties": { "sensor_index": 278939, "name": "Residencia Rio Rosas", "timestamp": "2026-09-08T22:33:03.065516+00:00", "pm1_0": 14.3, "pm2_5": 18.5, "latitude": 25.656303, "longitude": -100.36027 }, "geometry": { "type": "Point", "coordinates": [ -100.36027, 25.656303 ] } },
{ "type": "Feature", "properties": { "sensor_index": 278951, "name": "Parque El Capitán", "timestamp": "2026-09-08T22:33:03.065516+00:00", "pm1_0": 14.7, "pm2_5": 19.2, "latitude": 25.663504, "longitude": -100.35734 }, "geometry": { "type": "Point", "coordinates": [ -100.35734, 25.663504 ] } },
{ "type": "Feature", "properties": { "sensor_index": 278957, "name": "Los Pinos", "timestamp": "2026-09-08T22:33:03.065516+00:00", "pm1_0": 12.1, "pm2_5": 16.8, "latitude": 25.672205, "longitude": -100.397354 }, "geometry": { "type": "Point", "coordinates": [ -100.397354, 25.672205 ] } },
{ "type": "Feature", "properties": { "sensor_index": 278959, "name": "Colegio Nobel", "timestamp": "2026-09-08T22:33:03.065516+00:00", "pm1_0": 15.0, "pm2_5": 20.1, "latitude": 25.657562, "longitude": -100.39641 }, "geometry": { "type": "Point", "coordinates": [ -100.39641, 25.657562 ] } },
{ "type": "Feature", "properties": { "sensor_index": 278955, "name": "Residencia San Mateo", "timestamp": "2026-09-08T22:33:03.065516+00:00", "pm1_0": 18.5, "pm2_5": 23.3, "latitude": 25.643766, "longitude": -100.31643 }, "geometry": { "type": "Point", "coordinates": [ -100.31643, 25.643766 ] } },
{ "type": "Feature", "properties": { "sensor_index": 279836, "name": "San Roberto International School San Agustin", "timestamp": "2026-09-08T22:33:03.065516+00:00", "pm1_0": 15.2, "pm2_5": 19.2, "latitude": 25.646032, "longitude": -100.338165 }, "geometry": { "type": "Point", "coordinates": [ -100.338165, 25.646032 ] } },
{ "type": "Feature", "properties": { "sensor_index": 279834, "name": "Colegio Ingles Campus Encino", "timestamp": "2026-09-08T22:33:03.065516+00:00", "pm1_0": 16.5, "pm2_5": 20.6, "latitude": 25.637669, "longitude": -100.33746 }, "geometry": { "type": "Point", "coordinates": [ -100.33746, 25.637669 ] } },
{ "type": "Feature", "properties": { "sensor_index": 279854, "name": "Pinos", "timestamp": "2026-09-08T22:33:03.065516+00:00", "pm1_0": 56.9, "pm2_5": 59.0, "latitude": 25.65975, "longitude": -100.349976 }, "geometry": { "type": "Point", "coordinates": [ -100.349976, 25.65975 ] } },
{ "type": "Feature", "properties": { "sensor_index": 279866, "name": "Lomas del Campestre", "timestamp": "2026-09-08T22:33:03.065516+00:00", "pm1_0": 16.5, "pm2_5": 20.6, "latitude": 25.638052, "longitude": -100.33173 }, "geometry": { "type": "Point", "coordinates": [ -100.33173, 25.638052 ] } },
{ "type": "Feature", "properties": { "sensor_index": 279890, "name": "María Desatadora de Nudos", "timestamp": "2026-09-08T22:33:03.065516+00:00", "pm1_0": 14.8, "pm2_5": 18.3, "latitude": 25.624146, "longitude": -100.37315 }, "geometry": { "type": "Point", "coordinates": [ -100.37315, 25.624146 ] } },
{ "type": "Feature", "properties": { "sensor_index": 279926, "name": "Parque Mississippi", "timestamp": "2026-09-08T22:33:03.065516+00:00", "pm1_0": 15.8, "pm2_5": 19.4, "latitude": 25.657495, "longitude": -100.36317 }, "geometry": { "type": "Point", "coordinates": [ -100.36317, 25.657495 ] } },
{ "type": "Feature", "properties": { "sensor_index": 280524, "name": "Privada Paso de la Sierra", "timestamp": "2026-09-08T22:33:03.065516+00:00", "pm1_0": 16.1, "pm2_5": 18.8, "latitude": 25.648457, "longitude": -100.36256 }, "geometry": { "type": "Point", "coordinates": [ -100.36256, 25.648457 ] } },
{ "type": "Feature", "properties": { "sensor_index": 280520, "name": "Irish International School Campus First School", "timestamp": "2026-09-08T22:33:03.065516+00:00", "pm1_0": 15.8, "pm2_5": 19.2, "latitude": 25.639212, "longitude": -100.34154 }, "geometry": { "type": "Point", "coordinates": [ -100.34154, 25.639212 ] } },
{ "type": "Feature", "properties": { "sensor_index": 280532, "name": "Museo La Milarca", "timestamp": "2026-09-08T22:33:03.065516+00:00", "pm1_0": 14.8, "pm2_5": 17.5, "latitude": 25.64443, "longitude": -100.32734 }, "geometry": { "type": "Point", "coordinates": [ -100.32734, 25.64443 ] } },
{ "type": "Feature", "properties": { "sensor_index": 280534, "name": "Residencia Savotino", "timestamp": "2026-09-08T22:33:03.065516+00:00", "pm1_0": 15.0, "pm2_5": 18.8, "latitude": 25.662497, "longitude": -100.36313 }, "geometry": { "type": "Point", "coordinates": [ -100.36313, 25.662497 ] } },
{ "type": "Feature", "properties": { "sensor_index": 280644, "name": "Residencia nogal", "timestamp": "2026-09-08T22:33:03.065516+00:00", "pm1_0": 14.8, "pm2_5": 21.0, "latitude": 25.61478, "longitude": -100.368286 }, "geometry": { "type": "Point", "coordinates": [ -100.368286, 25.61478 ] } },
{ "type": "Feature", "properties": { "sensor_index": 280900, "name": "Rio Necaxa", "timestamp": "2026-09-08T22:33:03.065516+00:00", "pm1_0": 16.3, "pm2_5": 20.3, "latitude": 25.65677, "longitude": -100.344666 }, "geometry": { "type": "Point", "coordinates": [ -100.344666, 25.65677 ] } },
{ "type": "Feature", "properties": { "sensor_index": 280902, "name": "Residencia Rio Pesqueria", "timestamp": "2026-09-08T22:33:03.065516+00:00", "pm1_0": 16.0, "pm2_5": 19.6, "latitude": 25.658936, "longitude": -100.37394 }, "geometry": { "type": "Point", "coordinates": [ -100.37394, 25.658936 ] } },
{ "type": "Feature", "properties": { "sensor_index": 284960, "name": "Esquina Barranquilla y Patagonia (Altavista)", "timestamp": "2026-09-08T22:33:03.065516+00:00", "pm1_0": 16.7, "pm2_5": 19.7, "latitude": 25.644045, "longitude": -100.29044 }, "geometry": { "type": "Point", "coordinates": [ -100.29044, 25.644045 ] } },
{ "type": "Feature", "properties": { "sensor_index": 286238, "name": "Oasis", "timestamp": "2026-09-08T22:33:03.065516+00:00", "pm1_0": 20.0, "pm2_5": 24.5, "latitude": 25.640884, "longitude": -100.30304 }, "geometry": { "type": "Point", "coordinates": [ -100.30304, 25.640884 ] } },
{ "type": "Feature", "properties": { "sensor_index": 286240, "name": "Casa Naranjos", "timestamp": "2026-09-08T22:33:03.065516+00:00", "pm1_0": 16.4, "pm2_5": 19.1, "latitude": 25.654285, "longitude": -100.28977 }, "geometry": { "type": "Point", "coordinates": [ -100.28977, 25.654285 ] } },
{ "type": "Feature", "properties": { "sensor_index": 288064, "name": "Terminal", "timestamp": "2026-09-08T22:33:03.065516+00:00", "pm1_0": 16.1, "pm2_5": 18.8, "latitude": 25.686438, "longitude": -100.29351 }, "geometry": { "type": "Point", "coordinates": [ -100.29351, 25.686438 ] } },
{ "type": "Feature", "properties": { "sensor_index": 288066, "name": "Hospital de San Vicente", "timestamp": "2026-09-08T22:33:03.065516+00:00", "pm1_0": 18.5, "pm2_5": 22.0, "latitude": 25.67851, "longitude": -100.324974 }, "geometry": { "type": "Point", "coordinates": [ -100.324974, 25.67851 ] } },
{ "type": "Feature", "properties": { "sensor_index": 288332, "name": "Facultad de Salud Pública y Nutrición", "timestamp": "2026-09-08T22:33:03.065516+00:00", "pm1_0": 16.6, "pm2_5": 20.1, "latitude": 25.688875, "longitude": -100.34783 }, "geometry": { "type": "Point", "coordinates": [ -100.34783, 25.688875 ] } },
{ "type": "Feature", "properties": { "sensor_index": 292893, "name": "TEC-AMM-RB-005", "timestamp": "2026-09-08T22:33:03.065516+00:00", "pm1_0": 16.7, "pm2_5": 21.0, "latitude": 25.658117, "longitude": -100.26312 }, "geometry": { "type": "Point", "coordinates": [ -100.26312, 25.658117 ] } },
{ "type": "Feature", "properties": { "sensor_index": 292895, "name": "TEC-AMM-RD-004", "timestamp": "2026-09-08T22:33:03.065516+00:00", "pm1_0": 14.7, "pm2_5": 18.7, "latitude": 25.774128, "longitude": -100.26622 }, "geometry": { "type": "Point", "coordinates": [ -100.26622, 25.774128 ] } },
{ "type": "Feature", "properties": { "sensor_index": 292889, "name": "TEC-AMM-RB-003", "timestamp": "2026-09-08T22:33:03.065516+00:00", "pm1_0": 15.1, "pm2_5": 18.7, "latitude": 25.654068, "longitude": -100.22748 }, "geometry": { "type": "Point", "coordinates": [ -100.22748, 25.654068 ] } },
{ "type": "Feature", "properties": { "sensor_index": 292891, "name": "TEC-AMM-RC-004", "timestamp": "2026-09-08T22:33:03.065516+00:00", "pm1_0": 14.6, "pm2_5": 17.0, "latitude": 25.639277, "longitude": -100.17398 }, "geometry": { "type": "Point", "coordinates": [ -100.17398, 25.639277 ] } },
{ "type": "Feature", "properties": { "sensor_index": 292901, "name": "TEC-AMM-RF-004", "timestamp": "2026-09-08T22:33:03.065516+00:00", "pm1_0": 12.1, "pm2_5": 13.9, "latitude": 25.738094, "longitude": -100.30651 }, "geometry": { "type": "Point", "coordinates": [ -100.30651, 25.738094 ] } },
{ "type": "Feature", "properties": { "sensor_index": 292901, "name": "TEC-AMM-RF-004", "timestamp": "2026-09-08T22:33:03.065516+00:00", "pm1_0": 12.1, "pm2_5": 13.9, "latitude": 25.73373, "longitude": -100.31656 }, "geometry": { "type": "Point", "coordinates": [ -100.31656, 25.73373 ] } },
{ "type": "Feature", "properties": { "sensor_index": 292897, "name": "TEC-AMM-RF-005", "timestamp": "2026-09-08T22:33:03.065516+00:00", "pm1_0": 27.9, "pm2_5": 36.8, "latitude": 25.770947, "longitude": -100.36825 }, "geometry": { "type": "Point", "coordinates": [ -100.36825, 25.770947 ] } },
{ "type": "Feature", "properties": { "sensor_index": 292905, "name": "TEC-AMM-RC-006", "timestamp": "2026-09-08T22:33:03.065516+00:00", "pm1_0": 15.6, "pm2_5": 18.5, "latitude": 25.608519, "longitude": -100.1551 }, "geometry": { "type": "Point", "coordinates": [ -100.1551, 25.608519 ] } },
{ "type": "Feature", "properties": { "sensor_index": 292941, "name": "TEC-AMM-RD-005", "timestamp": "2026-09-08T22:33:03.065516+00:00", "pm1_0": 8.8, "pm2_5": 11.6, "latitude": 25.760899, "longitude": -100.16765 }, "geometry": { "type": "Point", "coordinates": [ -100.16765, 25.760899 ] } },
{ "type": "Feature", "properties": { "sensor_index": 292943, "name": "TEC-AMM-RC-005", "timestamp": "2026-09-08T22:33:03.065516+00:00", "pm1_0": 18.7, "pm2_5": 27.0, "latitude": 25.646128, "longitude": -100.14929 }, "geometry": { "type": "Point", "coordinates": [ -100.14929, 25.646128 ] } },
{ "type": "Feature", "properties": { "sensor_index": 292939, "name": "TEC-AMM-RA-001", "timestamp": "2026-09-08T22:33:03.065516+00:00", "pm1_0": 16.0, "pm2_5": 20.0, "latitude": 25.658657, "longitude": -100.399 }, "geometry": { "type": "Point", "coordinates": [ -100.399, 25.658657 ] } },
{ "type": "Feature", "properties": { "sensor_index": 292949, "name": "TEC-AMM-RA-003", "timestamp": "2026-09-08T22:33:03.065516+00:00", "pm1_0": 15.3, "pm2_5": 18.6, "latitude": 25.661757, "longitude": -100.36972 }, "geometry": { "type": "Point", "coordinates": [ -100.36972, 25.661757 ] } },
{ "type": "Feature", "properties": { "sensor_index": 292951, "name": "TEC-AMM-RB-004", "timestamp": "2026-09-08T22:33:03.065516+00:00", "pm1_0": 14.9, "pm2_5": 19.0, "latitude": 25.66194, "longitude": -100.3313 }, "geometry": { "type": "Point", "coordinates": [ -100.3313, 25.66194 ] } },
{ "type": "Feature", "properties": { "sensor_index": 292947, "name": "TEC-AMM-RA-004", "timestamp": "2026-09-08T22:33:03.065516+00:00", "pm1_0": 25.3, "pm2_5": 33.8, "latitude": 25.684696, "longitude": -100.36298 }, "geometry": { "type": "Point", "coordinates": [ -100.36298, 25.684696 ] } },
{ "type": "Feature", "properties": { "sensor_index": 292957, "name": "TEC-AMM-RC-008", "timestamp": "2026-09-08T22:33:03.065516+00:00", "pm1_0": 22.2, "pm2_5": 29.7, "latitude": 25.731503, "longitude": -100.13724 }, "geometry": { "type": "Point", "coordinates": [ -100.13724, 25.731503 ] } },
{ "type": "Feature", "properties": { "sensor_index": 292973, "name": "TEC-AMM-RC-003", "timestamp": "2026-09-08T22:33:03.065516+00:00", "pm1_0": 17.5, "pm2_5": 21.5, "latitude": 25.684975, "longitude": -100.17443 }, "geometry": { "type": "Point", "coordinates": [ -100.17443, 25.684975 ] } },
{ "type": "Feature", "properties": { "sensor_index": 292983, "name": "TEC-AMM-RC-007", "timestamp": "2026-09-08T22:33:03.065516+00:00", "pm1_0": 17.7, "pm2_5": 24.9, "latitude": 25.650148, "longitude": -100.11657 }, "geometry": { "type": "Point", "coordinates": [ -100.11657, 25.650148 ] } },
{ "type": "Feature", "properties": { "sensor_index": 292997, "name": "TEC-AMM-RF-004", "timestamp": "2026-09-08T22:33:03.065516+00:00", "pm1_0": 13.8, "pm2_5": 18.1, "latitude": 25.738094, "longitude": -100.30651 }, "geometry": { "type": "Point", "coordinates": [ -100.30651, 25.738094 ] } },
{ "type": "Feature", "properties": { "sensor_index": 292997, "name": "TEC-AMM-RF-004", "timestamp": "2026-09-08T22:33:03.065516+00:00", "pm1_0": 13.8, "pm2_5": 18.1, "latitude": 25.73373, "longitude": -100.31656 }, "geometry": { "type": "Point", "coordinates": [ -100.31656, 25.73373 ] } },
{ "type": "Feature", "properties": { "sensor_index": 292999, "name": "TEC-AMM-RE-002", "timestamp": "2026-09-08T22:33:03.065516+00:00", "pm1_0": 15.8, "pm2_5": 19.2, "latitude": 25.772509, "longitude": -100.31119 }, "geometry": { "type": "Point", "coordinates": [ -100.31119, 25.772509 ] } },
{ "type": "Feature", "properties": { "sensor_index": 293001, "name": "TEC-AMM-RF-006", "timestamp": "2026-09-08T22:33:03.065516+00:00", "pm1_0": 14.7, "pm2_5": 18.0, "latitude": 25.71829, "longitude": -100.37077 }, "geometry": { "type": "Point", "coordinates": [ -100.37077, 25.71829 ] } },
{ "type": "Feature", "properties": { "sensor_index": 293003, "name": "TEC-AMM-RB-006", "timestamp": "2026-09-08T22:33:03.065516+00:00", "pm1_0": 16.6, "pm2_5": 19.9, "latitude": 25.676483, "longitude": -100.29272 }, "geometry": { "type": "Point", "coordinates": [ -100.29272, 25.676483 ] } },
{ "type": "Feature", "properties": { "sensor_index": 293469, "name": "Leon Ortigosa ABP", "timestamp": "2026-09-08T22:33:03.065516+00:00", "pm1_0": 14.9, "pm2_5": 19.7, "latitude": 25.67212, "longitude": -100.33521 }, "geometry": { "type": "Point", "coordinates": [ -100.33521, 25.67212 ] } },
{ "type": "Feature", "properties": { "sensor_index": 293465, "name": "Loma Larga", "timestamp": "2026-09-08T22:33:03.065516+00:00", "pm1_0": 15.1, "pm2_5": 20.0, "latitude": 25.665812, "longitude": -100.34373 }, "geometry": { "type": "Point", "coordinates": [ -100.34373, 25.665812 ] } },
{ "type": "Feature", "properties": { "sensor_index": 293467, "name": "UMF37", "timestamp": "2026-09-08T22:33:03.065516+00:00", "pm1_0": 15.2, "pm2_5": 19.6, "latitude": 25.687622, "longitude": -100.342964 }, "geometry": { "type": "Point", "coordinates": [ -100.342964, 25.687622 ] } },
{ "type": "Feature", "properties": { "sensor_index": 33027, "name": "Lagos del Bosque", "timestamp": "2026-09-08T22:33:03.065516+00:00", "pm1_0": 7.1, "pm2_5": 10.7, "latitude": 25.600061, "longitude": -100.26256 }, "geometry": { "type": "Point", "coordinates": [ -100.26256, 25.600061 ] } },
{ "type": "Feature", "properties": { "sensor_index": 33117, "name": "Liceo de Monterrey", "timestamp": "2026-09-08T22:33:03.065516+00:00", "pm1_0": 18.2, "pm2_5": 26.4, "latitude": 25.650322, "longitude": -100.32849 }, "geometry": { "type": "Point", "coordinates": [ -100.32849, 25.650322 ] } },
{ "type": "Feature", "properties": { "sensor_index": 34441, "name": "Callejon de los Ayala", "timestamp": "2026-09-08T22:33:03.065516+00:00", "pm1_0": 2.8, "pm2_5": 5.1, "latitude": 25.6665, "longitude": -100.3976 }, "geometry": { "type": "Point", "coordinates": [ -100.3976, 25.6665 ] } },
{ "type": "Feature", "properties": { "sensor_index": 34499, "name": "San Patricio #106", "timestamp": "2026-09-08T22:33:03.065516+00:00", "pm1_0": 0.0, "pm2_5": 0.0, "latitude": 25.641743, "longitude": -100.3472 }, "geometry": { "type": "Point", "coordinates": [ -100.3472, 25.641743 ] } },
{ "type": "Feature", "properties": { "sensor_index": 34511, "name": "Rosario", "timestamp": "2026-09-08T22:33:03.065516+00:00", "pm1_0": 10.2, "pm2_5": 16.6, "latitude": 25.640432, "longitude": -100.392265 }, "geometry": { "type": "Point", "coordinates": [ -100.392265, 25.640432 ] } },
{ "type": "Feature", "properties": { "sensor_index": 38663, "name": "Rayon Norte", "timestamp": "2026-09-08T22:33:03.065516+00:00", "pm1_0": 14.2, "pm2_5": 19.1, "latitude": 25.678823, "longitude": -100.319695 }, "geometry": { "type": "Point", "coordinates": [ -100.319695, 25.678823 ] } },
{ "type": "Feature", "properties": { "sensor_index": 42211, "name": "RF", "timestamp": "2026-09-08T22:33:03.065516+00:00", "pm1_0": 8.9, "pm2_5": 12.3, "latitude": 25.61638, "longitude": -100.316124 }, "geometry": { "type": "Point", "coordinates": [ -100.316124, 25.61638 ] } },
{ "type": "Feature", "properties": { "sensor_index": 305140, "name": "Bicla", "timestamp": "2026-09-08T22:33:03.065516+00:00", "pm1_0": 16.4, "pm2_5": 21.0, "latitude": 25.700935, "longitude": -100.33541 }, "geometry": { "type": "Point", "coordinates": [ -100.33541, 25.700935 ] } },
{ "type": "Feature", "properties": { "sensor_index": 305164, "name": "NuevaMaderoDave", "timestamp": "2026-09-08T22:33:03.065516+00:00", "pm1_0": 15.1, "pm2_5": 19.3, "latitude": 25.688787, "longitude": -100.27929 }, "geometry": { "type": "Point", "coordinates": [ -100.27929, 25.688787 ] } },
{ "type": "Feature", "properties": { "sensor_index": 305192, "name": "11a avenida cumbres 1 sector", "timestamp": "2026-09-08T22:33:03.065516+00:00", "pm1_0": 15.3, "pm2_5": 19.0, "latitude": 25.69958, "longitude": -100.35898 }, "geometry": { "type": "Point", "coordinates": [ -100.35898, 25.69958 ] } },
{ "type": "Feature", "properties": { "sensor_index": 305232, "name": "PurpleAir Ancira Mty", "timestamp": "2026-09-08T22:33:03.065516+00:00", "pm1_0": 17.1, "pm2_5": 21.0, "latitude": 25.651157, "longitude": -100.3062 }, "geometry": { "type": "Point", "coordinates": [ -100.3062, 25.651157 ] } },
{ "type": "Feature", "properties": { "sensor_index": 43627, "name": "Liceo de Monterrey Rosemont", "timestamp": "2026-09-08T22:33:03.065516+00:00", "pm1_0": 13.3, "pm2_5": 15.1, "latitude": 25.67425, "longitude": -100.35398 }, "geometry": { "type": "Point", "coordinates": [ -100.35398, 25.67425 ] } },
{ "type": "Feature", "properties": { "sensor_index": 45769, "name": "Huascaran", "timestamp": "2026-09-08T22:33:03.065516+00:00", "pm1_0": 10.5, "pm2_5": 14.6, "latitude": 25.637255, "longitude": -100.399216 }, "geometry": { "type": "Point", "coordinates": [ -100.399216, 25.637255 ] } },
{ "type": "Feature", "properties": { "sensor_index": 308956, "name": "Jardín de las carreras", "timestamp": "2026-09-08T22:33:03.065516+00:00", "pm1_0": 15.0, "pm2_5": 19.9, "latitude": 25.650595, "longitude": -100.289 }, "geometry": { "type": "Point", "coordinates": [ -100.289, 25.650595 ] } },
{ "type": "Feature", "properties": { "sensor_index": 49949, "name": "El Horizonte", "timestamp": "2026-09-08T22:33:03.065516+00:00", "pm1_0": 11.9, "pm2_5": 18.3, "latitude": 25.677492, "longitude": -100.29761 }, "geometry": { "type": "Point", "coordinates": [ -100.29761, 25.677492 ] } },
{ "type": "Feature", "properties": { "sensor_index": 50555, "name": "Treviño", "timestamp": "2026-09-08T22:33:03.065516+00:00", "pm1_0": 0.0, "pm2_5": 0.0, "latitude": 25.638243, "longitude": -100.36743 }, "geometry": { "type": "Point", "coordinates": [ -100.36743, 25.638243 ] } },
{ "type": "Feature", "properties": { "sensor_index": 50871, "name": "TEC Garza Laguera", "timestamp": "2026-09-08T22:33:03.065516+00:00", "pm1_0": 11.8, "pm2_5": 17.2, "latitude": 25.61827, "longitude": -100.27293 }, "geometry": { "type": "Point", "coordinates": [ -100.27293, 25.61827 ] } },
{ "type": "Feature", "properties": { "sensor_index": 321194, "name": "Ramsesgs", "timestamp": "2026-09-08T22:33:03.065516+00:00", "pm1_0": 16.1, "pm2_5": 20.0, "latitude": 25.61975, "longitude": -100.29781 }, "geometry": { "type": "Point", "coordinates": [ -100.29781, 25.61975 ] } },
{ "type": "Feature", "properties": { "sensor_index": 119937, "name": "Grupo Reforma Cumbres", "timestamp": "2026-09-08T22:33:03.065516+00:00", "pm1_0": 4.2, "pm2_5": 8.1, "latitude": 25.71012, "longitude": -100.37474 }, "geometry": { "type": "Point", "coordinates": [ -100.37474, 25.71012 ] } },
{ "type": "Feature", "properties": { "sensor_index": 119965, "name": "Grupo Reforma El Norte", "timestamp": "2026-09-08T22:33:03.065516+00:00", "pm1_0": 9.6, "pm2_5": 15.1, "latitude": 25.674164, "longitude": -100.30816 }, "geometry": { "type": "Point", "coordinates": [ -100.30816, 25.674164 ] } },
{ "type": "Feature", "properties": { "sensor_index": 121825, "name": "Grupo Reforma Sierra Madre", "timestamp": "2026-09-08T22:33:03.065516+00:00", "pm1_0": 3215.1, "pm2_5": 3215.1, "latitude": 25.663378, "longitude": -100.36808 }, "geometry": { "type": "Point", "coordinates": [ -100.36808, 25.663378 ] } },
{ "type": "Feature", "properties": { "sensor_index": 136522, "name": "Bosques de La Pastora", "timestamp": "2026-09-08T22:33:03.065516+00:00", "pm1_0": 3.4, "pm2_5": 6.8, "latitude": 25.65773, "longitude": -100.251625 }, "geometry": { "type": "Point", "coordinates": [ -100.251625, 25.65773 ] } },
{ "type": "Feature", "properties": { "sensor_index": 147010, "name": "Santa Barbara", "timestamp": "2026-09-08T22:33:03.065516+00:00", "pm1_0": 10.2, "pm2_5": 14.0, "latitude": 25.661701, "longitude": -100.38932 }, "geometry": { "type": "Point", "coordinates": [ -100.38932, 25.661701 ] } },
{ "type": "Feature", "properties": { "sensor_index": 174781, "name": "Colegio Cambridge de Monterrey Campus Mitras", "timestamp": "2026-09-08T22:33:03.065516+00:00", "pm1_0": 15.5, "pm2_5": 17.9, "latitude": 25.696613, "longitude": -100.348114 }, "geometry": { "type": "Point", "coordinates": [ -100.348114, 25.696613 ] } },
{ "type": "Feature", "properties": { "sensor_index": 174787, "name": "Colegio Cambridge de Monterrey Campus Norte", "timestamp": "2026-09-08T22:33:03.065516+00:00", "pm1_0": 14.3, "pm2_5": 15.4, "latitude": 25.779613, "longitude": -100.28022 }, "geometry": { "type": "Point", "coordinates": [ -100.28022, 25.779613 ] } },
{ "type": "Feature", "properties": { "sensor_index": 189431, "name": "BEA", "timestamp": "2026-09-08T22:33:03.065516+00:00", "pm1_0": 13.2, "pm2_5": 19.5, "latitude": 25.65725, "longitude": -100.35996 }, "geometry": { "type": "Point", "coordinates": [ -100.35996, 25.65725 ] } },
{ "type": "Feature", "properties": { "sensor_index": 189435, "name": "Olinalá", "timestamp": "2026-09-08T22:33:03.065516+00:00", "pm1_0": 12.5, "pm2_5": 18.7, "latitude": 25.618986, "longitude": -100.37645 }, "geometry": { "type": "Point", "coordinates": [ -100.37645, 25.618986 ] } },
{ "type": "Feature", "properties": { "sensor_index": 189447, "name": "Río Amazonas NO", "timestamp": "2026-09-08T22:33:03.065516+00:00", "pm1_0": 19.1, "pm2_5": 31.9, "latitude": 25.662104, "longitude": -100.37172 }, "geometry": { "type": "Point", "coordinates": [ -100.37172, 25.662104 ] } },
{ "type": "Feature", "properties": { "sensor_index": 189455, "name": "CHIPINQUE CAV", "timestamp": "2026-09-08T22:33:03.065516+00:00", "pm1_0": 11.1, "pm2_5": 17.8, "latitude": 25.618307, "longitude": -100.359955 }, "geometry": { "type": "Point", "coordinates": [ -100.359955, 25.618307 ] } },
{ "type": "Feature", "properties": { "sensor_index": 189469, "name": "Hospital Zambran Hellion TecSalud", "timestamp": "2026-09-08T22:33:03.065516+00:00", "pm1_0": 13.4, "pm2_5": 19.2, "latitude": 25.64684, "longitude": -100.33364 }, "geometry": { "type": "Point", "coordinates": [ -100.33364, 25.64684 ] } },
{ "type": "Feature", "properties": { "sensor_index": 208785, "name": "Colegio Cambridge de Monterrey Campus Anáhuac", "timestamp": "2026-09-08T22:33:03.065516+00:00", "pm1_0": 14.1, "pm2_5": 16.3, "latitude": 25.77144, "longitude": -100.26785 }, "geometry": { "type": "Point", "coordinates": [ -100.26785, 25.77144 ] } },
{ "type": "Feature", "properties": { "sensor_index": 209147, "name": "Rincon de San Jeronimo", "timestamp": "2026-09-08T22:33:03.065516+00:00", "pm1_0": 13.8, "pm2_5": 19.1, "latitude": 25.691032, "longitude": -100.375786 }, "geometry": { "type": "Point", "coordinates": [ -100.375786, 25.691032 ] } },
{ "type": "Feature", "properties": { "sensor_index": 227879, "name": "Rectoria", "timestamp": "2026-09-08T22:33:03.065516+00:00", "pm1_0": 13.7, "pm2_5": 16.9, "latitude": 25.651268, "longitude": -100.291214 }, "geometry": { "type": "Point", "coordinates": [ -100.291214, 25.651268 ] } },
{ "type": "Feature", "properties": { "sensor_index": 227887, "name": "Sensor_Purple_Air-Explanada_EGP-Entrada_Prin", "timestamp": "2026-09-08T22:33:03.065516+00:00", "pm1_0": 13.7, "pm2_5": 16.9, "latitude": 25.64419, "longitude": -100.3255 }, "geometry": { "type": "Point", "coordinates": [ -100.3255, 25.64419 ] } },
{ "type": "Feature", "properties": { "sensor_index": 227889, "name": "Parque central", "timestamp": "2026-09-08T22:33:03.065516+00:00", "pm1_0": 13.6, "pm2_5": 15.6, "latitude": 25.652395, "longitude": -100.28713 }, "geometry": { "type": "Point", "coordinates": [ -100.28713, 25.652395 ] } },
{ "type": "Feature", "properties": { "sensor_index": 227907, "name": "Estacionamiento Alumnos", "timestamp": "2026-09-08T22:33:03.065516+00:00", "pm1_0": 12.3, "pm2_5": 14.2, "latitude": 25.744081, "longitude": -100.28277 }, "geometry": { "type": "Point", "coordinates": [ -100.28277, 25.744081 ] } },
{ "type": "Feature", "properties": { "sensor_index": 227913, "name": "EGADE-Sombrillas", "timestamp": "2026-09-08T22:33:03.065516+00:00", "pm1_0": 15.8, "pm2_5": 19.4, "latitude": 25.643106, "longitude": -100.32573 }, "geometry": { "type": "Point", "coordinates": [ -100.32573, 25.643106 ] } },
{ "type": "Feature", "properties": { "sensor_index": 228003, "name": "EGL-Jardín Robótica", "timestamp": "2026-09-08T22:33:03.065516+00:00", "pm1_0": 15.3, "pm2_5": 18.5, "latitude": 25.61803, "longitude": -100.27554 }, "geometry": { "type": "Point", "coordinates": [ -100.27554, 25.61803 ] } },
{ "type": "Feature", "properties": { "sensor_index": 228001, "name": "C-MTY Explanada 2", "timestamp": "2026-09-08T22:33:03.065516+00:00", "pm1_0": 17.6, "pm2_5": 21.8, "latitude": 25.656332, "longitude": -100.20696 }, "geometry": { "type": "Point", "coordinates": [ -100.20696, 25.656332 ] } },
{ "type": "Feature", "properties": { "sensor_index": 228383, "name": "Estadio Banorte", "timestamp": "2026-09-08T22:33:03.065516+00:00", "pm1_0": 17.8, "pm2_5": 22.0, "latitude": 25.654228, "longitude": -100.28651 }, "geometry": { "type": "Point", "coordinates": [ -100.28651, 25.654228 ] } },
{ "type": "Feature", "properties": { "sensor_index": 228381, "name": "C-MTY RAMPA CAFETERÍA", "timestamp": "2026-09-08T22:33:03.065516+00:00", "pm1_0": 14.5, "pm2_5": 18.4, "latitude": 25.628263, "longitude": -100.30376 }, "geometry": { "type": "Point", "coordinates": [ -100.30376, 25.628263 ] } },
{ "type": "Feature", "properties": { "sensor_index": 228389, "name": "PEGS-Sensor-Canchas", "timestamp": "2026-09-08T22:33:03.065516+00:00", "pm1_0": 15.2, "pm2_5": 18.0, "latitude": 25.670425, "longitude": -100.35683 }, "geometry": { "type": "Point", "coordinates": [ -100.35683, 25.670425 ] } },
{ "type": "Feature", "properties": { "sensor_index": 228407, "name": "CEDES", "timestamp": "2026-09-08T22:33:03.065516+00:00", "pm1_0": 13.7, "pm2_5": 15.7, "latitude": 25.653677, "longitude": -100.29242 }, "geometry": { "type": "Point", "coordinates": [ -100.29242, 25.653677 ] } },
{ "type": "Feature", "properties": { "sensor_index": 278863, "name": "Rio Balsas", "timestamp": "2026-09-08T22:50:10.014766+00:00", "pm1_0": 15.4, "pm2_5": 19.2, "latitude": 25.662691, "longitude": -100.37312 }, "geometry": { "type": "Point", "coordinates": [ -100.37312, 25.662691 ] } },
{ "type": "Feature", "properties": { "sensor_index": 278869, "name": "Veredalta", "timestamp": "2026-09-08T22:50:10.014766+00:00", "pm1_0": 14.3, "pm2_5": 18.4, "latitude": 25.638226, "longitude": -100.3525 }, "geometry": { "type": "Point", "coordinates": [ -100.3525, 25.638226 ] } },
{ "type": "Feature", "properties": { "sensor_index": 278871, "name": "Parroquia Reina de Los Ángeles", "timestamp": "2026-09-08T22:50:10.014766+00:00", "pm1_0": 13.3, "pm2_5": 21.0, "latitude": 25.636341, "longitude": -100.36872 }, "geometry": { "type": "Point", "coordinates": [ -100.36872, 25.636341 ] } },
{ "type": "Feature", "properties": { "sensor_index": 278875, "name": "Secretaría de Relaciones Exteriores", "timestamp": "2026-09-08T22:50:10.014766+00:00", "pm1_0": 14.6, "pm2_5": 18.8, "latitude": 25.667723, "longitude": -100.38136 }, "geometry": { "type": "Point", "coordinates": [ -100.38136, 25.667723 ] } },
{ "type": "Feature", "properties": { "sensor_index": 278883, "name": "Mater International Institute", "timestamp": "2026-09-08T22:50:10.014766+00:00", "pm1_0": 15.5, "pm2_5": 19.9, "latitude": 25.641127, "longitude": -100.362755 }, "geometry": { "type": "Point", "coordinates": [ -100.362755, 25.641127 ] } },
{ "type": "Feature", "properties": { "sensor_index": 278889, "name": "Chipinque Meseta", "timestamp": "2026-09-08T22:50:10.014766+00:00", "pm1_0": 14.0, "pm2_5": 20.1, "latitude": 25.607624, "longitude": -100.355156 }, "geometry": { "type": "Point", "coordinates": [ -100.355156, 25.607624 ] } },
{ "type": "Feature", "properties": { "sensor_index": 278901, "name": "OFICINAS SAN PEDRO PARQUES", "timestamp": "2026-09-08T22:50:10.014766+00:00", "pm1_0": 16.2, "pm2_5": 19.0, "latitude": 25.644024, "longitude": -100.376305 }, "geometry": { "type": "Point", "coordinates": [ -100.376305, 25.644024 ] } },
{ "type": "Feature", "properties": { "sensor_index": 278919, "name": "Residencia Tabachín", "timestamp": "2026-09-08T22:50:10.014766+00:00", "pm1_0": 12.3, "pm2_5": 16.7, "latitude": 25.630367, "longitude": -100.34808 }, "geometry": { "type": "Point", "coordinates": [ -100.34808, 25.630367 ] } },
{ "type": "Feature", "properties": { "sensor_index": 278929, "name": "Rio Caura", "timestamp": "2026-09-08T22:50:10.014766+00:00", "pm1_0": 15.5, "pm2_5": 20.9, "latitude": 25.659946, "longitude": -100.38283 }, "geometry": { "type": "Point", "coordinates": [ -100.38283, 25.659946 ] } },
{ "type": "Feature", "properties": { "sensor_index": 278931, "name": "Residencia Platon", "timestamp": "2026-09-08T22:50:10.014766+00:00", "pm1_0": 15.8, "pm2_5": 20.4, "latitude": 25.630522, "longitude": -100.36023 }, "geometry": { "type": "Point", "coordinates": [ -100.36023, 25.630522 ] } },
{ "type": "Feature", "properties": { "sensor_index": 278937, "name": "Residencia Saqqara", "timestamp": "2026-09-08T22:50:10.014766+00:00", "pm1_0": 13.1, "pm2_5": 18.8, "latitude": 25.652473, "longitude": -100.349236 }, "geometry": { "type": "Point", "coordinates": [ -100.349236, 25.652473 ] } },
{ "type": "Feature", "properties": { "sensor_index": 278939, "name": "Residencia Rio Rosas", "timestamp": "2026-09-08T22:50:10.014766+00:00", "pm1_0": 13.5, "pm2_5": 17.5, "latitude": 25.656303, "longitude": -100.36027 }, "geometry": { "type": "Point", "coordinates": [ -100.36027, 25.656303 ] } },
{ "type": "Feature", "properties": { "sensor_index": 278951, "name": "Parque El Capitán", "timestamp": "2026-09-08T22:50:10.014766+00:00", "pm1_0": 15.8, "pm2_5": 19.4, "latitude": 25.663504, "longitude": -100.35734 }, "geometry": { "type": "Point", "coordinates": [ -100.35734, 25.663504 ] } },
{ "type": "Feature", "properties": { "sensor_index": 278957, "name": "Los Pinos", "timestamp": "2026-09-08T22:50:10.014766+00:00", "pm1_0": 13.6, "pm2_5": 18.9, "latitude": 25.672205, "longitude": -100.397354 }, "geometry": { "type": "Point", "coordinates": [ -100.397354, 25.672205 ] } },
{ "type": "Feature", "properties": { "sensor_index": 278959, "name": "Colegio Nobel", "timestamp": "2026-09-08T22:50:10.014766+00:00", "pm1_0": 14.2, "pm2_5": 19.2, "latitude": 25.657562, "longitude": -100.39641 }, "geometry": { "type": "Point", "coordinates": [ -100.39641, 25.657562 ] } },
{ "type": "Feature", "properties": { "sensor_index": 278955, "name": "Residencia San Mateo", "timestamp": "2026-09-08T22:50:10.014766+00:00", "pm1_0": 13.3, "pm2_5": 16.0, "latitude": 25.643766, "longitude": -100.31643 }, "geometry": { "type": "Point", "coordinates": [ -100.31643, 25.643766 ] } },
{ "type": "Feature", "properties": { "sensor_index": 279836, "name": "San Roberto International School San Agustin", "timestamp": "2026-09-08T22:50:10.014766+00:00", "pm1_0": 15.0, "pm2_5": 19.0, "latitude": 25.646032, "longitude": -100.338165 }, "geometry": { "type": "Point", "coordinates": [ -100.338165, 25.646032 ] } },
{ "type": "Feature", "properties": { "sensor_index": 279834, "name": "Colegio Ingles Campus Encino", "timestamp": "2026-09-08T22:50:10.014766+00:00", "pm1_0": 16.7, "pm2_5": 20.7, "latitude": 25.637669, "longitude": -100.33746 }, "geometry": { "type": "Point", "coordinates": [ -100.33746, 25.637669 ] } },
{ "type": "Feature", "properties": { "sensor_index": 279854, "name": "Pinos", "timestamp": "2026-09-08T22:50:10.014766+00:00", "pm1_0": 67.8, "pm2_5": 69.5, "latitude": 25.65975, "longitude": -100.349976 }, "geometry": { "type": "Point", "coordinates": [ -100.349976, 25.65975 ] } },
{ "type": "Feature", "properties": { "sensor_index": 279866, "name": "Lomas del Campestre", "timestamp": "2026-09-08T22:50:10.014766+00:00", "pm1_0": 15.8, "pm2_5": 20.2, "latitude": 25.638052, "longitude": -100.33173 }, "geometry": { "type": "Point", "coordinates": [ -100.33173, 25.638052 ] } },
{ "type": "Feature", "properties": { "sensor_index": 279890, "name": "María Desatadora de Nudos", "timestamp": "2026-09-08T22:50:10.014766+00:00", "pm1_0": 14.6, "pm2_5": 18.4, "latitude": 25.624146, "longitude": -100.37315 }, "geometry": { "type": "Point", "coordinates": [ -100.37315, 25.624146 ] } },
{ "type": "Feature", "properties": { "sensor_index": 279926, "name": "Parque Mississippi", "timestamp": "2026-09-08T22:50:10.014766+00:00", "pm1_0": 15.0, "pm2_5": 18.4, "latitude": 25.657495, "longitude": -100.36317 }, "geometry": { "type": "Point", "coordinates": [ -100.36317, 25.657495 ] } },
{ "type": "Feature", "properties": { "sensor_index": 280524, "name": "Privada Paso de la Sierra", "timestamp": "2026-09-08T22:50:10.014766+00:00", "pm1_0": 15.6, "pm2_5": 18.6, "latitude": 25.648457, "longitude": -100.36256 }, "geometry": { "type": "Point", "coordinates": [ -100.36256, 25.648457 ] } },
{ "type": "Feature", "properties": { "sensor_index": 280520, "name": "Irish International School Campus First School", "timestamp": "2026-09-08T22:50:10.014766+00:00", "pm1_0": 16.3, "pm2_5": 19.7, "latitude": 25.639212, "longitude": -100.34154 }, "geometry": { "type": "Point", "coordinates": [ -100.34154, 25.639212 ] } },
{ "type": "Feature", "properties": { "sensor_index": 280532, "name": "Museo La Milarca", "timestamp": "2026-09-08T22:50:10.014766+00:00", "pm1_0": 15.7, "pm2_5": 18.2, "latitude": 25.64443, "longitude": -100.32734 }, "geometry": { "type": "Point", "coordinates": [ -100.32734, 25.64443 ] } },
{ "type": "Feature", "properties": { "sensor_index": 280534, "name": "Residencia Savotino", "timestamp": "2026-09-08T22:50:10.014766+00:00", "pm1_0": 15.6, "pm2_5": 19.5, "latitude": 25.662497, "longitude": -100.36313 }, "geometry": { "type": "Point", "coordinates": [ -100.36313, 25.662497 ] } },
{ "type": "Feature", "properties": { "sensor_index": 280644, "name": "Residencia nogal", "timestamp": "2026-09-08T22:50:10.014766+00:00", "pm1_0": 14.6, "pm2_5": 20.4, "latitude": 25.61478, "longitude": -100.368286 }, "geometry": { "type": "Point", "coordinates": [ -100.368286, 25.61478 ] } },
{ "type": "Feature", "properties": { "sensor_index": 280900, "name": "Rio Necaxa", "timestamp": "2026-09-08T22:50:10.014766+00:00", "pm1_0": 16.2, "pm2_5": 20.4, "latitude": 25.65677, "longitude": -100.344666 }, "geometry": { "type": "Point", "coordinates": [ -100.344666, 25.65677 ] } },
{ "type": "Feature", "properties": { "sensor_index": 280902, "name": "Residencia Rio Pesqueria", "timestamp": "2026-09-08T22:50:10.014766+00:00", "pm1_0": 13.9, "pm2_5": 18.4, "latitude": 25.658936, "longitude": -100.37394 }, "geometry": { "type": "Point", "coordinates": [ -100.37394, 25.658936 ] } },
{ "type": "Feature", "properties": { "sensor_index": 284960, "name": "Esquina Barranquilla y Patagonia (Altavista)", "timestamp": "2026-09-08T22:50:10.014766+00:00", "pm1_0": 19.3, "pm2_5": 23.5, "latitude": 25.644045, "longitude": -100.29044 }, "geometry": { "type": "Point", "coordinates": [ -100.29044, 25.644045 ] } },
{ "type": "Feature", "properties": { "sensor_index": 286238, "name": "Oasis", "timestamp": "2026-09-08T22:50:10.014766+00:00", "pm1_0": 20.0, "pm2_5": 24.5, "latitude": 25.640884, "longitude": -100.30304 }, "geometry": { "type": "Point", "coordinates": [ -100.30304, 25.640884 ] } },
{ "type": "Feature", "properties": { "sensor_index": 286240, "name": "Casa Naranjos", "timestamp": "2026-09-08T22:50:10.014766+00:00", "pm1_0": 16.7, "pm2_5": 19.7, "latitude": 25.654285, "longitude": -100.28977 }, "geometry": { "type": "Point", "coordinates": [ -100.28977, 25.654285 ] } },
{ "type": "Feature", "properties": { "sensor_index": 288064, "name": "Terminal", "timestamp": "2026-09-08T22:50:10.014766+00:00", "pm1_0": 18.2, "pm2_5": 22.2, "latitude": 25.686438, "longitude": -100.29351 }, "geometry": { "type": "Point", "coordinates": [ -100.29351, 25.686438 ] } },
{ "type": "Feature", "properties": { "sensor_index": 288066, "name": "Hospital de San Vicente", "timestamp": "2026-09-08T22:50:10.014766+00:00", "pm1_0": 18.6, "pm2_5": 21.7, "latitude": 25.67851, "longitude": -100.324974 }, "geometry": { "type": "Point", "coordinates": [ -100.324974, 25.67851 ] } },
{ "type": "Feature", "properties": { "sensor_index": 288332, "name": "Facultad de Salud Pública y Nutrición", "timestamp": "2026-09-08T22:50:10.014766+00:00", "pm1_0": 17.0, "pm2_5": 21.3, "latitude": 25.688875, "longitude": -100.34783 }, "geometry": { "type": "Point", "coordinates": [ -100.34783, 25.688875 ] } },
{ "type": "Feature", "properties": { "sensor_index": 292893, "name": "TEC-AMM-RB-005", "timestamp": "2026-09-08T22:50:10.014766+00:00", "pm1_0": 17.3, "pm2_5": 21.8, "latitude": 25.658117, "longitude": -100.26312 }, "geometry": { "type": "Point", "coordinates": [ -100.26312, 25.658117 ] } },
{ "type": "Feature", "properties": { "sensor_index": 292895, "name": "TEC-AMM-RD-004", "timestamp": "2026-09-08T22:50:10.014766+00:00", "pm1_0": 15.7, "pm2_5": 19.3, "latitude": 25.774128, "longitude": -100.26622 }, "geometry": { "type": "Point", "coordinates": [ -100.26622, 25.774128 ] } },
{ "type": "Feature", "properties": { "sensor_index": 292889, "name": "TEC-AMM-RB-003", "timestamp": "2026-09-08T22:50:10.014766+00:00", "pm1_0": 15.6, "pm2_5": 19.2, "latitude": 25.654068, "longitude": -100.22748 }, "geometry": { "type": "Point", "coordinates": [ -100.22748, 25.654068 ] } },
{ "type": "Feature", "properties": { "sensor_index": 292891, "name": "TEC-AMM-RC-004", "timestamp": "2026-09-08T22:50:10.014766+00:00", "pm1_0": 16.6, "pm2_5": 19.8, "latitude": 25.639277, "longitude": -100.17398 }, "geometry": { "type": "Point", "coordinates": [ -100.17398, 25.639277 ] } },
{ "type": "Feature", "properties": { "sensor_index": 292901, "name": "TEC-AMM-RF-004", "timestamp": "2026-09-08T22:50:10.014766+00:00", "pm1_0": 15.4, "pm2_5": 18.8, "latitude": 25.738094, "longitude": -100.30651 }, "geometry": { "type": "Point", "coordinates": [ -100.30651, 25.738094 ] } },
{ "type": "Feature", "properties": { "sensor_index": 292901, "name": "TEC-AMM-RF-004", "timestamp": "2026-09-08T22:50:10.014766+00:00", "pm1_0": 15.4, "pm2_5": 18.8, "latitude": 25.73373, "longitude": -100.31656 }, "geometry": { "type": "Point", "coordinates": [ -100.31656, 25.73373 ] } },
{ "type": "Feature", "properties": { "sensor_index": 292897, "name": "TEC-AMM-RF-005", "timestamp": "2026-09-08T22:50:10.014766+00:00", "pm1_0": 17.3, "pm2_5": 20.9, "latitude": 25.770947, "longitude": -100.36825 }, "geometry": { "type": "Point", "coordinates": [ -100.36825, 25.770947 ] } },
{ "type": "Feature", "properties": { "sensor_index": 292905, "name": "TEC-AMM-RC-006", "timestamp": "2026-09-08T22:50:10.014766+00:00", "pm1_0": 16.1, "pm2_5": 18.8, "latitude": 25.608519, "longitude": -100.1551 }, "geometry": { "type": "Point", "coordinates": [ -100.1551, 25.608519 ] } },
{ "type": "Feature", "properties": { "sensor_index": 292941, "name": "TEC-AMM-RD-005", "timestamp": "2026-09-08T22:50:10.014766+00:00", "pm1_0": 8.8, "pm2_5": 11.6, "latitude": 25.760899, "longitude": -100.16765 }, "geometry": { "type": "Point", "coordinates": [ -100.16765, 25.760899 ] } },
{ "type": "Feature", "properties": { "sensor_index": 292943, "name": "TEC-AMM-RC-005", "timestamp": "2026-09-08T22:50:10.014766+00:00", "pm1_0": 17.9, "pm2_5": 22.5, "latitude": 25.646128, "longitude": -100.14929 }, "geometry": { "type": "Point", "coordinates": [ -100.14929, 25.646128 ] } },
{ "type": "Feature", "properties": { "sensor_index": 292939, "name": "TEC-AMM-RA-001", "timestamp": "2026-09-08T22:50:10.014766+00:00", "pm1_0": 15.5, "pm2_5": 18.8, "latitude": 25.658657, "longitude": -100.399 }, "geometry": { "type": "Point", "coordinates": [ -100.399, 25.658657 ] } },
{ "type": "Feature", "properties": { "sensor_index": 292949, "name": "TEC-AMM-RA-003", "timestamp": "2026-09-08T22:50:10.014766+00:00", "pm1_0": 15.6, "pm2_5": 19.1, "latitude": 25.661757, "longitude": -100.36972 }, "geometry": { "type": "Point", "coordinates": [ -100.36972, 25.661757 ] } },
{ "type": "Feature", "properties": { "sensor_index": 292951, "name": "TEC-AMM-RB-004", "timestamp": "2026-09-08T22:50:10.014766+00:00", "pm1_0": 15.4, "pm2_5": 19.0, "latitude": 25.66194, "longitude": -100.3313 }, "geometry": { "type": "Point", "coordinates": [ -100.3313, 25.66194 ] } },
{ "type": "Feature", "properties": { "sensor_index": 292947, "name": "TEC-AMM-RA-004", "timestamp": "2026-09-08T22:50:10.014766+00:00", "pm1_0": 16.0, "pm2_5": 19.6, "latitude": 25.684696, "longitude": -100.36298 }, "geometry": { "type": "Point", "coordinates": [ -100.36298, 25.684696 ] } },
{ "type": "Feature", "properties": { "sensor_index": 292957, "name": "TEC-AMM-RC-008", "timestamp": "2026-09-08T22:50:10.014766+00:00", "pm1_0": 22.2, "pm2_5": 29.7, "latitude": 25.731503, "longitude": -100.13724 }, "geometry": { "type": "Point", "coordinates": [ -100.13724, 25.731503 ] } },
{ "type": "Feature", "properties": { "sensor_index": 292973, "name": "TEC-AMM-RC-003", "timestamp": "2026-09-08T22:50:10.014766+00:00", "pm1_0": 17.8, "pm2_5": 22.3, "latitude": 25.684975, "longitude": -100.17443 }, "geometry": { "type": "Point", "coordinates": [ -100.17443, 25.684975 ] } },
{ "type": "Feature", "properties": { "sensor_index": 292983, "name": "TEC-AMM-RC-007", "timestamp": "2026-09-08T22:50:10.014766+00:00", "pm1_0": 17.7, "pm2_5": 24.9, "latitude": 25.650148, "longitude": -100.11657 }, "geometry": { "type": "Point", "coordinates": [ -100.11657, 25.650148 ] } },
{ "type": "Feature", "properties": { "sensor_index": 292997, "name": "TEC-AMM-RF-004", "timestamp": "2026-09-08T22:50:10.014766+00:00", "pm1_0": 13.4, "pm2_5": 18.2, "latitude": 25.738094, "longitude": -100.30651 }, "geometry": { "type": "Point", "coordinates": [ -100.30651, 25.738094 ] } },
{ "type": "Feature", "properties": { "sensor_index": 292997, "name": "TEC-AMM-RF-004", "timestamp": "2026-09-08T22:50:10.014766+00:00", "pm1_0": 13.4, "pm2_5": 18.2, "latitude": 25.73373, "longitude": -100.31656 }, "geometry": { "type": "Point", "coordinates": [ -100.31656, 25.73373 ] } },
{ "type": "Feature", "properties": { "sensor_index": 292999, "name": "TEC-AMM-RE-002", "timestamp": "2026-09-08T22:50:10.014766+00:00", "pm1_0": 15.1, "pm2_5": 18.4, "latitude": 25.772509, "longitude": -100.31119 }, "geometry": { "type": "Point", "coordinates": [ -100.31119, 25.772509 ] } },
{ "type": "Feature", "properties": { "sensor_index": 293001, "name": "TEC-AMM-RF-006", "timestamp": "2026-09-08T22:50:10.014766+00:00", "pm1_0": 15.9, "pm2_5": 19.5, "latitude": 25.71829, "longitude": -100.37077 }, "geometry": { "type": "Point", "coordinates": [ -100.37077, 25.71829 ] } },
{ "type": "Feature", "properties": { "sensor_index": 293003, "name": "TEC-AMM-RB-006", "timestamp": "2026-09-08T22:50:10.014766+00:00", "pm1_0": 17.8, "pm2_5": 21.4, "latitude": 25.676483, "longitude": -100.29272 }, "geometry": { "type": "Point", "coordinates": [ -100.29272, 25.676483 ] } },
{ "type": "Feature", "properties": { "sensor_index": 293469, "name": "Leon Ortigosa ABP", "timestamp": "2026-09-08T22:50:10.014766+00:00", "pm1_0": 15.6, "pm2_5": 19.7, "latitude": 25.67212, "longitude": -100.33521 }, "geometry": { "type": "Point", "coordinates": [ -100.33521, 25.67212 ] } },
{ "type": "Feature", "properties": { "sensor_index": 293465, "name": "Loma Larga", "timestamp": "2026-09-08T22:50:10.014766+00:00", "pm1_0": 14.9, "pm2_5": 19.6, "latitude": 25.665812, "longitude": -100.34373 }, "geometry": { "type": "Point", "coordinates": [ -100.34373, 25.665812 ] } },
{ "type": "Feature", "properties": { "sensor_index": 293467, "name": "UMF37", "timestamp": "2026-09-08T22:50:10.014766+00:00", "pm1_0": 15.2, "pm2_5": 19.6, "latitude": 25.687622, "longitude": -100.342964 }, "geometry": { "type": "Point", "coordinates": [ -100.342964, 25.687622 ] } },
{ "type": "Feature", "properties": { "sensor_index": 33027, "name": "Lagos del Bosque", "timestamp": "2026-09-08T22:50:10.014766+00:00", "pm1_0": 7.2, "pm2_5": 10.2, "latitude": 25.600061, "longitude": -100.26256 }, "geometry": { "type": "Point", "coordinates": [ -100.26256, 25.600061 ] } },
{ "type": "Feature", "properties": { "sensor_index": 33117, "name": "Liceo de Monterrey", "timestamp": "2026-09-08T22:50:10.014766+00:00", "pm1_0": 18.5, "pm2_5": 27.6, "latitude": 25.650322, "longitude": -100.32849 }, "geometry": { "type": "Point", "coordinates": [ -100.32849, 25.650322 ] } },
{ "type": "Feature", "properties": { "sensor_index": 34441, "name": "Callejon de los Ayala", "timestamp": "2026-09-08T22:50:10.014766+00:00", "pm1_0": 2.7, "pm2_5": 5.5, "latitude": 25.6665, "longitude": -100.3976 }, "geometry": { "type": "Point", "coordinates": [ -100.3976, 25.6665 ] } },
{ "type": "Feature", "properties": { "sensor_index": 34499, "name": "San Patricio #106", "timestamp": "2026-09-08T22:50:10.014766+00:00", "pm1_0": 0.0, "pm2_5": 0.0, "latitude": 25.641743, "longitude": -100.3472 }, "geometry": { "type": "Point", "coordinates": [ -100.3472, 25.641743 ] } },
{ "type": "Feature", "properties": { "sensor_index": 34511, "name": "Rosario", "timestamp": "2026-09-08T22:50:10.014766+00:00", "pm1_0": 9.6, "pm2_5": 16.2, "latitude": 25.640432, "longitude": -100.392265 }, "geometry": { "type": "Point", "coordinates": [ -100.392265, 25.640432 ] } },
{ "type": "Feature", "properties": { "sensor_index": 38663, "name": "Rayon Norte", "timestamp": "2026-09-08T22:50:10.014766+00:00", "pm1_0": 14.2, "pm2_5": 19.1, "latitude": 25.678823, "longitude": -100.319695 }, "geometry": { "type": "Point", "coordinates": [ -100.319695, 25.678823 ] } },
{ "type": "Feature", "properties": { "sensor_index": 42211, "name": "RF", "timestamp": "2026-09-08T22:50:10.014766+00:00", "pm1_0": 9.4, "pm2_5": 12.8, "latitude": 25.61638, "longitude": -100.316124 }, "geometry": { "type": "Point", "coordinates": [ -100.316124, 25.61638 ] } },
{ "type": "Feature", "properties": { "sensor_index": 305140, "name": "Bicla", "timestamp": "2026-09-08T22:50:10.014766+00:00", "pm1_0": 17.1, "pm2_5": 22.1, "latitude": 25.700935, "longitude": -100.33541 }, "geometry": { "type": "Point", "coordinates": [ -100.33541, 25.700935 ] } },
{ "type": "Feature", "properties": { "sensor_index": 305164, "name": "NuevaMaderoDave", "timestamp": "2026-09-08T22:50:10.014766+00:00", "pm1_0": 17.5, "pm2_5": 22.2, "latitude": 25.688787, "longitude": -100.27929 }, "geometry": { "type": "Point", "coordinates": [ -100.27929, 25.688787 ] } },
{ "type": "Feature", "properties": { "sensor_index": 305192, "name": "11a avenida cumbres 1 sector", "timestamp": "2026-09-08T22:50:10.014766+00:00", "pm1_0": 15.4, "pm2_5": 18.6, "latitude": 25.69958, "longitude": -100.35898 }, "geometry": { "type": "Point", "coordinates": [ -100.35898, 25.69958 ] } },
{ "type": "Feature", "properties": { "sensor_index": 305232, "name": "PurpleAir Ancira Mty", "timestamp": "2026-09-08T22:50:10.014766+00:00", "pm1_0": 18.2, "pm2_5": 22.8, "latitude": 25.651157, "longitude": -100.3062 }, "geometry": { "type": "Point", "coordinates": [ -100.3062, 25.651157 ] } },
{ "type": "Feature", "properties": { "sensor_index": 43627, "name": "Liceo de Monterrey Rosemont", "timestamp": "2026-09-08T22:50:10.014766+00:00", "pm1_0": 13.8, "pm2_5": 15.5, "latitude": 25.67425, "longitude": -100.35398 }, "geometry": { "type": "Point", "coordinates": [ -100.35398, 25.67425 ] } },
{ "type": "Feature", "properties": { "sensor_index": 45769, "name": "Huascaran", "timestamp": "2026-09-08T22:50:10.014766+00:00", "pm1_0": 10.1, "pm2_5": 14.2, "latitude": 25.637255, "longitude": -100.399216 }, "geometry": { "type": "Point", "coordinates": [ -100.399216, 25.637255 ] } },
{ "type": "Feature", "properties": { "sensor_index": 308956, "name": "Jardín de las carreras", "timestamp": "2026-09-08T22:50:10.014766+00:00", "pm1_0": 17.0, "pm2_5": 21.5, "latitude": 25.650595, "longitude": -100.289 }, "geometry": { "type": "Point", "coordinates": [ -100.289, 25.650595 ] } },
{ "type": "Feature", "properties": { "sensor_index": 49949, "name": "El Horizonte", "timestamp": "2026-09-08T22:50:10.014766+00:00", "pm1_0": 11.8, "pm2_5": 19.2, "latitude": 25.677492, "longitude": -100.29761 }, "geometry": { "type": "Point", "coordinates": [ -100.29761, 25.677492 ] } },
{ "type": "Feature", "properties": { "sensor_index": 50555, "name": "Treviño", "timestamp": "2026-09-08T22:50:10.014766+00:00", "pm1_0": 0.0, "pm2_5": 0.0, "latitude": 25.638243, "longitude": -100.36743 }, "geometry": { "type": "Point", "coordinates": [ -100.36743, 25.638243 ] } },
{ "type": "Feature", "properties": { "sensor_index": 50871, "name": "TEC Garza Laguera", "timestamp": "2026-09-08T22:50:10.014766+00:00", "pm1_0": 11.8, "pm2_5": 17.2, "latitude": 25.61827, "longitude": -100.27293 }, "geometry": { "type": "Point", "coordinates": [ -100.27293, 25.61827 ] } },
{ "type": "Feature", "properties": { "sensor_index": 321194, "name": "Ramsesgs", "timestamp": "2026-09-08T22:50:10.014766+00:00", "pm1_0": 16.7, "pm2_5": 20.8, "latitude": 25.61975, "longitude": -100.29781 }, "geometry": { "type": "Point", "coordinates": [ -100.29781, 25.61975 ] } },
{ "type": "Feature", "properties": { "sensor_index": 119937, "name": "Grupo Reforma Cumbres", "timestamp": "2026-09-08T22:50:10.014766+00:00", "pm1_0": 5.2, "pm2_5": 9.7, "latitude": 25.71012, "longitude": -100.37474 }, "geometry": { "type": "Point", "coordinates": [ -100.37474, 25.71012 ] } },
{ "type": "Feature", "properties": { "sensor_index": 119965, "name": "Grupo Reforma El Norte", "timestamp": "2026-09-08T22:50:10.014766+00:00", "pm1_0": 9.7, "pm2_5": 14.9, "latitude": 25.674164, "longitude": -100.30816 }, "geometry": { "type": "Point", "coordinates": [ -100.30816, 25.674164 ] } },
{ "type": "Feature", "properties": { "sensor_index": 121825, "name": "Grupo Reforma Sierra Madre", "timestamp": "2026-09-08T22:50:10.014766+00:00", "pm1_0": 3233.2, "pm2_5": 3233.2, "latitude": 25.663378, "longitude": -100.36808 }, "geometry": { "type": "Point", "coordinates": [ -100.36808, 25.663378 ] } },
{ "type": "Feature", "properties": { "sensor_index": 136522, "name": "Bosques de La Pastora", "timestamp": "2026-09-08T22:50:10.014766+00:00", "pm1_0": 3.7, "pm2_5": 8.0, "latitude": 25.65773, "longitude": -100.251625 }, "geometry": { "type": "Point", "coordinates": [ -100.251625, 25.65773 ] } },
{ "type": "Feature", "properties": { "sensor_index": 147010, "name": "Santa Barbara", "timestamp": "2026-09-08T22:50:10.014766+00:00", "pm1_0": 9.4, "pm2_5": 13.2, "latitude": 25.661701, "longitude": -100.38932 }, "geometry": { "type": "Point", "coordinates": [ -100.38932, 25.661701 ] } },
{ "type": "Feature", "properties": { "sensor_index": 174781, "name": "Colegio Cambridge de Monterrey Campus Mitras", "timestamp": "2026-09-08T22:50:10.014766+00:00", "pm1_0": 14.8, "pm2_5": 17.5, "latitude": 25.696613, "longitude": -100.348114 }, "geometry": { "type": "Point", "coordinates": [ -100.348114, 25.696613 ] } },
{ "type": "Feature", "properties": { "sensor_index": 174787, "name": "Colegio Cambridge de Monterrey Campus Norte", "timestamp": "2026-09-08T22:50:10.014766+00:00", "pm1_0": 14.4, "pm2_5": 15.9, "latitude": 25.779613, "longitude": -100.28022 }, "geometry": { "type": "Point", "coordinates": [ -100.28022, 25.779613 ] } },
{ "type": "Feature", "properties": { "sensor_index": 189431, "name": "BEA", "timestamp": "2026-09-08T22:50:10.014766+00:00", "pm1_0": 12.1, "pm2_5": 18.1, "latitude": 25.65725, "longitude": -100.35996 }, "geometry": { "type": "Point", "coordinates": [ -100.35996, 25.65725 ] } },
{ "type": "Feature", "properties": { "sensor_index": 189435, "name": "Olinalá", "timestamp": "2026-09-08T22:50:10.014766+00:00", "pm1_0": 11.1, "pm2_5": 18.0, "latitude": 25.618986, "longitude": -100.37645 }, "geometry": { "type": "Point", "coordinates": [ -100.37645, 25.618986 ] } },
{ "type": "Feature", "properties": { "sensor_index": 189447, "name": "Río Amazonas NO", "timestamp": "2026-09-08T22:50:10.014766+00:00", "pm1_0": 14.5, "pm2_5": 21.0, "latitude": 25.662104, "longitude": -100.37172 }, "geometry": { "type": "Point", "coordinates": [ -100.37172, 25.662104 ] } },
{ "type": "Feature", "properties": { "sensor_index": 189455, "name": "CHIPINQUE CAV", "timestamp": "2026-09-08T22:50:10.014766+00:00", "pm1_0": 11.0, "pm2_5": 17.9, "latitude": 25.618307, "longitude": -100.359955 }, "geometry": { "type": "Point", "coordinates": [ -100.359955, 25.618307 ] } },
{ "type": "Feature", "properties": { "sensor_index": 189469, "name": "Hospital Zambran Hellion TecSalud", "timestamp": "2026-09-08T22:50:10.014766+00:00", "pm1_0": 12.1, "pm2_5": 18.4, "latitude": 25.64684, "longitude": -100.33364 }, "geometry": { "type": "Point", "coordinates": [ -100.33364, 25.64684 ] } },
{ "type": "Feature", "properties": { "sensor_index": 208785, "name": "Colegio Cambridge de Monterrey Campus Anáhuac", "timestamp": "2026-09-08T22:50:10.014766+00:00", "pm1_0": 15.2, "pm2_5": 17.0, "latitude": 25.77144, "longitude": -100.26785 }, "geometry": { "type": "Point", "coordinates": [ -100.26785, 25.77144 ] } },
{ "type": "Feature", "properties": { "sensor_index": 209147, "name": "Rincon de San Jeronimo", "timestamp": "2026-09-08T22:50:10.014766+00:00", "pm1_0": 14.4, "pm2_5": 20.7, "latitude": 25.691032, "longitude": -100.375786 }, "geometry": { "type": "Point", "coordinates": [ -100.375786, 25.691032 ] } },
{ "type": "Feature", "properties": { "sensor_index": 227879, "name": "Rectoria", "timestamp": "2026-09-08T22:50:10.014766+00:00", "pm1_0": 14.6, "pm2_5": 17.7, "latitude": 25.651268, "longitude": -100.291214 }, "geometry": { "type": "Point", "coordinates": [ -100.291214, 25.651268 ] } },
{ "type": "Feature", "properties": { "sensor_index": 227887, "name": "Sensor_Purple_Air-Explanada_EGP-Entrada_Prin", "timestamp": "2026-09-08T22:50:10.014766+00:00", "pm1_0": 13.7, "pm2_5": 16.9, "latitude": 25.64419, "longitude": -100.3255 }, "geometry": { "type": "Point", "coordinates": [ -100.3255, 25.64419 ] } },
{ "type": "Feature", "properties": { "sensor_index": 227889, "name": "Parque central", "timestamp": "2026-09-08T22:50:10.014766+00:00", "pm1_0": 13.8, "pm2_5": 15.8, "latitude": 25.652395, "longitude": -100.28713 }, "geometry": { "type": "Point", "coordinates": [ -100.28713, 25.652395 ] } },
{ "type": "Feature", "properties": { "sensor_index": 227907, "name": "Estacionamiento Alumnos", "timestamp": "2026-09-08T22:50:10.014766+00:00", "pm1_0": 11.9, "pm2_5": 14.8, "latitude": 25.744081, "longitude": -100.28277 }, "geometry": { "type": "Point", "coordinates": [ -100.28277, 25.744081 ] } },
{ "type": "Feature", "properties": { "sensor_index": 227913, "name": "EGADE-Sombrillas", "timestamp": "2026-09-08T22:50:10.014766+00:00", "pm1_0": 16.8, "pm2_5": 21.5, "latitude": 25.643106, "longitude": -100.32573 }, "geometry": { "type": "Point", "coordinates": [ -100.32573, 25.643106 ] } },
{ "type": "Feature", "properties": { "sensor_index": 228003, "name": "EGL-Jardín Robótica", "timestamp": "2026-09-08T22:50:10.014766+00:00", "pm1_0": 14.1, "pm2_5": 17.9, "latitude": 25.61803, "longitude": -100.27554 }, "geometry": { "type": "Point", "coordinates": [ -100.27554, 25.61803 ] } },
{ "type": "Feature", "properties": { "sensor_index": 228001, "name": "C-MTY Explanada 2", "timestamp": "2026-09-08T22:50:10.014766+00:00", "pm1_0": 19.1, "pm2_5": 24.2, "latitude": 25.656332, "longitude": -100.20696 }, "geometry": { "type": "Point", "coordinates": [ -100.20696, 25.656332 ] } },
{ "type": "Feature", "properties": { "sensor_index": 228383, "name": "Estadio Banorte", "timestamp": "2026-09-08T22:50:10.014766+00:00", "pm1_0": 18.4, "pm2_5": 22.0, "latitude": 25.654228, "longitude": -100.28651 }, "geometry": { "type": "Point", "coordinates": [ -100.28651, 25.654228 ] } },
{ "type": "Feature", "properties": { "sensor_index": 228381, "name": "C-MTY RAMPA CAFETERÍA", "timestamp": "2026-09-08T22:50:10.014766+00:00", "pm1_0": 15.3, "pm2_5": 19.8, "latitude": 25.628263, "longitude": -100.30376 }, "geometry": { "type": "Point", "coordinates": [ -100.30376, 25.628263 ] } },
{ "type": "Feature", "properties": { "sensor_index": 228389, "name": "PEGS-Sensor-Canchas", "timestamp": "2026-09-08T22:50:10.014766+00:00", "pm1_0": 15.0, "pm2_5": 17.9, "latitude": 25.670425, "longitude": -100.35683 }, "geometry": { "type": "Point", "coordinates": [ -100.35683, 25.670425 ] } },
{ "type": "Feature", "properties": { "sensor_index": 228407, "name": "CEDES", "timestamp": "2026-09-08T22:50:10.014766+00:00", "pm1_0": 16.2, "pm2_5": 18.4, "latitude": 25.653677, "longitude": -100.29242 }, "geometry": { "type": "Point", "coordinates": [ -100.29242, 25.653677 ] } },
{ "type": "Feature", "properties": { "sensor_index": 278863, "name": "Rio Balsas", "timestamp": "2026-09-08T23:15:43.207940+00:00", "pm1_0": 15.0, "pm2_5": 19.2, "latitude": 25.662691, "longitude": -100.37312 }, "geometry": { "type": "Point", "coordinates": [ -100.37312, 25.662691 ] } },
{ "type": "Feature", "properties": { "sensor_index": 278869, "name": "Veredalta", "timestamp": "2026-09-08T23:15:43.207940+00:00", "pm1_0": 13.4, "pm2_5": 17.0, "latitude": 25.638226, "longitude": -100.3525 }, "geometry": { "type": "Point", "coordinates": [ -100.3525, 25.638226 ] } },
{ "type": "Feature", "properties": { "sensor_index": 278871, "name": "Parroquia Reina de Los Ángeles", "timestamp": "2026-09-08T23:15:43.207940+00:00", "pm1_0": 13.3, "pm2_5": 21.0, "latitude": 25.636341, "longitude": -100.36872 }, "geometry": { "type": "Point", "coordinates": [ -100.36872, 25.636341 ] } },
{ "type": "Feature", "properties": { "sensor_index": 278875, "name": "Secretaría de Relaciones Exteriores", "timestamp": "2026-09-08T23:15:43.207940+00:00", "pm1_0": 14.5, "pm2_5": 19.0, "latitude": 25.667723, "longitude": -100.38136 }, "geometry": { "type": "Point", "coordinates": [ -100.38136, 25.667723 ] } },
{ "type": "Feature", "properties": { "sensor_index": 278883, "name": "Mater International Institute", "timestamp": "2026-09-08T23:15:43.207940+00:00", "pm1_0": 14.1, "pm2_5": 18.3, "latitude": 25.641127, "longitude": -100.362755 }, "geometry": { "type": "Point", "coordinates": [ -100.362755, 25.641127 ] } },
{ "type": "Feature", "properties": { "sensor_index": 278889, "name": "Chipinque Meseta", "timestamp": "2026-09-08T23:15:43.207940+00:00", "pm1_0": 12.5, "pm2_5": 18.2, "latitude": 25.607624, "longitude": -100.355156 }, "geometry": { "type": "Point", "coordinates": [ -100.355156, 25.607624 ] } },
{ "type": "Feature", "properties": { "sensor_index": 278901, "name": "OFICINAS SAN PEDRO PARQUES", "timestamp": "2026-09-08T23:15:43.207940+00:00", "pm1_0": 14.3, "pm2_5": 17.7, "latitude": 25.644024, "longitude": -100.376305 }, "geometry": { "type": "Point", "coordinates": [ -100.376305, 25.644024 ] } },
{ "type": "Feature", "properties": { "sensor_index": 278919, "name": "Residencia Tabachín", "timestamp": "2026-09-08T23:15:43.207940+00:00", "pm1_0": 12.6, "pm2_5": 18.1, "latitude": 25.630367, "longitude": -100.34808 }, "geometry": { "type": "Point", "coordinates": [ -100.34808, 25.630367 ] } },
{ "type": "Feature", "properties": { "sensor_index": 278929, "name": "Rio Caura", "timestamp": "2026-09-08T23:15:43.207940+00:00", "pm1_0": 15.2, "pm2_5": 20.3, "latitude": 25.659946, "longitude": -100.38283 }, "geometry": { "type": "Point", "coordinates": [ -100.38283, 25.659946 ] } },
{ "type": "Feature", "properties": { "sensor_index": 278931, "name": "Residencia Platon", "timestamp": "2026-09-08T23:15:43.207940+00:00", "pm1_0": 14.7, "pm2_5": 19.3, "latitude": 25.630522, "longitude": -100.36023 }, "geometry": { "type": "Point", "coordinates": [ -100.36023, 25.630522 ] } },
{ "type": "Feature", "properties": { "sensor_index": 278937, "name": "Residencia Saqqara", "timestamp": "2026-09-08T23:15:43.207940+00:00", "pm1_0": 14.3, "pm2_5": 18.8, "latitude": 25.652473, "longitude": -100.349236 }, "geometry": { "type": "Point", "coordinates": [ -100.349236, 25.652473 ] } },
{ "type": "Feature", "properties": { "sensor_index": 278939, "name": "Residencia Rio Rosas", "timestamp": "2026-09-08T23:15:43.207940+00:00", "pm1_0": 12.4, "pm2_5": 16.0, "latitude": 25.656303, "longitude": -100.36027 }, "geometry": { "type": "Point", "coordinates": [ -100.36027, 25.656303 ] } },
{ "type": "Feature", "properties": { "sensor_index": 278951, "name": "Parque El Capitán", "timestamp": "2026-09-08T23:15:43.207940+00:00", "pm1_0": 14.7, "pm2_5": 18.4, "latitude": 25.663504, "longitude": -100.35734 }, "geometry": { "type": "Point", "coordinates": [ -100.35734, 25.663504 ] } },
{ "type": "Feature", "properties": { "sensor_index": 278957, "name": "Los Pinos", "timestamp": "2026-09-08T23:15:43.207940+00:00", "pm1_0": 11.1, "pm2_5": 15.8, "latitude": 25.672205, "longitude": -100.397354 }, "geometry": { "type": "Point", "coordinates": [ -100.397354, 25.672205 ] } },
{ "type": "Feature", "properties": { "sensor_index": 278959, "name": "Colegio Nobel", "timestamp": "2026-09-08T23:15:43.207940+00:00", "pm1_0": 13.9, "pm2_5": 19.5, "latitude": 25.657562, "longitude": -100.39641 }, "geometry": { "type": "Point", "coordinates": [ -100.39641, 25.657562 ] } },
{ "type": "Feature", "properties": { "sensor_index": 278955, "name": "Residencia San Mateo", "timestamp": "2026-09-08T23:15:43.207940+00:00", "pm1_0": 13.5, "pm2_5": 17.0, "latitude": 25.643766, "longitude": -100.31643 }, "geometry": { "type": "Point", "coordinates": [ -100.31643, 25.643766 ] } },
{ "type": "Feature", "properties": { "sensor_index": 279836, "name": "San Roberto International School San Agustin", "timestamp": "2026-09-08T23:15:43.207940+00:00", "pm1_0": 14.3, "pm2_5": 18.0, "latitude": 25.646032, "longitude": -100.338165 }, "geometry": { "type": "Point", "coordinates": [ -100.338165, 25.646032 ] } },
{ "type": "Feature", "properties": { "sensor_index": 279834, "name": "Colegio Ingles Campus Encino", "timestamp": "2026-09-08T23:15:43.207940+00:00", "pm1_0": 15.5, "pm2_5": 19.6, "latitude": 25.637669, "longitude": -100.33746 }, "geometry": { "type": "Point", "coordinates": [ -100.33746, 25.637669 ] } },
{ "type": "Feature", "properties": { "sensor_index": 279854, "name": "Pinos", "timestamp": "2026-09-08T23:15:43.207940+00:00", "pm1_0": 99.6, "pm2_5": 101.8, "latitude": 25.65975, "longitude": -100.349976 }, "geometry": { "type": "Point", "coordinates": [ -100.349976, 25.65975 ] } },
{ "type": "Feature", "properties": { "sensor_index": 279866, "name": "Lomas del Campestre", "timestamp": "2026-09-08T23:15:43.207940+00:00", "pm1_0": 15.1, "pm2_5": 19.6, "latitude": 25.638052, "longitude": -100.33173 }, "geometry": { "type": "Point", "coordinates": [ -100.33173, 25.638052 ] } },
{ "type": "Feature", "properties": { "sensor_index": 279890, "name": "María Desatadora de Nudos", "timestamp": "2026-09-08T23:15:43.207940+00:00", "pm1_0": 13.4, "pm2_5": 16.7, "latitude": 25.624146, "longitude": -100.37315 }, "geometry": { "type": "Point", "coordinates": [ -100.37315, 25.624146 ] } },
{ "type": "Feature", "properties": { "sensor_index": 279926, "name": "Parque Mississippi", "timestamp": "2026-09-08T23:15:43.207940+00:00", "pm1_0": 15.8, "pm2_5": 19.1, "latitude": 25.657495, "longitude": -100.36317 }, "geometry": { "type": "Point", "coordinates": [ -100.36317, 25.657495 ] } },
{ "type": "Feature", "properties": { "sensor_index": 280524, "name": "Privada Paso de la Sierra", "timestamp": "2026-09-08T23:15:43.207940+00:00", "pm1_0": 13.8, "pm2_5": 16.6, "latitude": 25.648457, "longitude": -100.36256 }, "geometry": { "type": "Point", "coordinates": [ -100.36256, 25.648457 ] } },
{ "type": "Feature", "properties": { "sensor_index": 280520, "name": "Irish International School Campus First School", "timestamp": "2026-09-08T23:15:43.207940+00:00", "pm1_0": 15.6, "pm2_5": 19.2, "latitude": 25.639212, "longitude": -100.34154 }, "geometry": { "type": "Point", "coordinates": [ -100.34154, 25.639212 ] } },
{ "type": "Feature", "properties": { "sensor_index": 280532, "name": "Museo La Milarca", "timestamp": "2026-09-08T23:15:43.207940+00:00", "pm1_0": 14.5, "pm2_5": 17.5, "latitude": 25.64443, "longitude": -100.32734 }, "geometry": { "type": "Point", "coordinates": [ -100.32734, 25.64443 ] } },
{ "type": "Feature", "properties": { "sensor_index": 280534, "name": "Residencia Savotino", "timestamp": "2026-09-08T23:15:43.207940+00:00", "pm1_0": 16.6, "pm2_5": 21.2, "latitude": 25.662497, "longitude": -100.36313 }, "geometry": { "type": "Point", "coordinates": [ -100.36313, 25.662497 ] } },
{ "type": "Feature", "properties": { "sensor_index": 280644, "name": "Residencia nogal", "timestamp": "2026-09-08T23:15:43.207940+00:00", "pm1_0": 12.9, "pm2_5": 17.4, "latitude": 25.61478, "longitude": -100.368286 }, "geometry": { "type": "Point", "coordinates": [ -100.368286, 25.61478 ] } },
{ "type": "Feature", "properties": { "sensor_index": 280900, "name": "Rio Necaxa", "timestamp": "2026-09-08T23:15:43.207940+00:00", "pm1_0": 15.5, "pm2_5": 19.9, "latitude": 25.65677, "longitude": -100.344666 }, "geometry": { "type": "Point", "coordinates": [ -100.344666, 25.65677 ] } },
{ "type": "Feature", "properties": { "sensor_index": 280902, "name": "Residencia Rio Pesqueria", "timestamp": "2026-09-08T23:15:43.207940+00:00", "pm1_0": 15.8, "pm2_5": 18.9, "latitude": 25.658936, "longitude": -100.37394 }, "geometry": { "type": "Point", "coordinates": [ -100.37394, 25.658936 ] } },
{ "type": "Feature", "properties": { "sensor_index": 284960, "name": "Esquina Barranquilla y Patagonia (Altavista)", "timestamp": "2026-09-08T23:15:43.207940+00:00", "pm1_0": 17.6, "pm2_5": 21.1, "latitude": 25.644045, "longitude": -100.29044 }, "geometry": { "type": "Point", "coordinates": [ -100.29044, 25.644045 ] } },
{ "type": "Feature", "properties": { "sensor_index": 286238, "name": "Oasis", "timestamp": "2026-09-08T23:15:43.207940+00:00", "pm1_0": 20.0, "pm2_5": 24.5, "latitude": 25.640884, "longitude": -100.30304 }, "geometry": { "type": "Point", "coordinates": [ -100.30304, 25.640884 ] } },
{ "type": "Feature", "properties": { "sensor_index": 286240, "name": "Casa Naranjos", "timestamp": "2026-09-08T23:15:43.207940+00:00", "pm1_0": 16.5, "pm2_5": 19.4, "latitude": 25.654285, "longitude": -100.28977 }, "geometry": { "type": "Point", "coordinates": [ -100.28977, 25.654285 ] } },
{ "type": "Feature", "properties": { "sensor_index": 288064, "name": "Terminal", "timestamp": "2026-09-08T23:15:43.207940+00:00", "pm1_0": 16.6, "pm2_5": 19.7, "latitude": 25.686438, "longitude": -100.29351 }, "geometry": { "type": "Point", "coordinates": [ -100.29351, 25.686438 ] } },
{ "type": "Feature", "properties": { "sensor_index": 288066, "name": "Hospital de San Vicente", "timestamp": "2026-09-08T23:15:43.207940+00:00", "pm1_0": 18.9, "pm2_5": 22.9, "latitude": 25.67851, "longitude": -100.324974 }, "geometry": { "type": "Point", "coordinates": [ -100.324974, 25.67851 ] } },
{ "type": "Feature", "properties": { "sensor_index": 288332, "name": "Facultad de Salud Pública y Nutrición", "timestamp": "2026-09-08T23:15:43.207940+00:00", "pm1_0": 17.1, "pm2_5": 20.9, "latitude": 25.688875, "longitude": -100.34783 }, "geometry": { "type": "Point", "coordinates": [ -100.34783, 25.688875 ] } },
{ "type": "Feature", "properties": { "sensor_index": 292893, "name": "TEC-AMM-RB-005", "timestamp": "2026-09-08T23:15:43.207940+00:00", "pm1_0": 15.5, "pm2_5": 19.7, "latitude": 25.658117, "longitude": -100.26312 }, "geometry": { "type": "Point", "coordinates": [ -100.26312, 25.658117 ] } },
{ "type": "Feature", "properties": { "sensor_index": 292895, "name": "TEC-AMM-RD-004", "timestamp": "2026-09-08T23:15:43.207940+00:00", "pm1_0": 15.9, "pm2_5": 20.1, "latitude": 25.774128, "longitude": -100.26622 }, "geometry": { "type": "Point", "coordinates": [ -100.26622, 25.774128 ] } },
{ "type": "Feature", "properties": { "sensor_index": 292889, "name": "TEC-AMM-RB-003", "timestamp": "2026-09-08T23:15:43.207940+00:00", "pm1_0": 13.7, "pm2_5": 16.9, "latitude": 25.654068, "longitude": -100.22748 }, "geometry": { "type": "Point", "coordinates": [ -100.22748, 25.654068 ] } },
{ "type": "Feature", "properties": { "sensor_index": 292891, "name": "TEC-AMM-RC-004", "timestamp": "2026-09-08T23:15:43.207940+00:00", "pm1_0": 16.1, "pm2_5": 18.9, "latitude": 25.639277, "longitude": -100.17398 }, "geometry": { "type": "Point", "coordinates": [ -100.17398, 25.639277 ] } },
{ "type": "Feature", "properties": { "sensor_index": 292901, "name": "TEC-AMM-RF-004", "timestamp": "2026-09-08T23:15:43.207940+00:00", "pm1_0": 13.2, "pm2_5": 15.2, "latitude": 25.738094, "longitude": -100.30651 }, "geometry": { "type": "Point", "coordinates": [ -100.30651, 25.738094 ] } },
{ "type": "Feature", "properties": { "sensor_index": 292901, "name": "TEC-AMM-RF-004", "timestamp": "2026-09-08T23:15:43.207940+00:00", "pm1_0": 13.2, "pm2_5": 15.2, "latitude": 25.73373, "longitude": -100.31656 }, "geometry": { "type": "Point", "coordinates": [ -100.31656, 25.73373 ] } },
{ "type": "Feature", "properties": { "sensor_index": 292897, "name": "TEC-AMM-RF-005", "timestamp": "2026-09-08T23:15:43.207940+00:00", "pm1_0": 17.4, "pm2_5": 21.2, "latitude": 25.770947, "longitude": -100.36825 }, "geometry": { "type": "Point", "coordinates": [ -100.36825, 25.770947 ] } },
{ "type": "Feature", "properties": { "sensor_index": 292905, "name": "TEC-AMM-RC-006", "timestamp": "2026-09-08T23:15:43.207940+00:00", "pm1_0": 17.7, "pm2_5": 20.6, "latitude": 25.608519, "longitude": -100.1551 }, "geometry": { "type": "Point", "coordinates": [ -100.1551, 25.608519 ] } },
{ "type": "Feature", "properties": { "sensor_index": 292941, "name": "TEC-AMM-RD-005", "timestamp": "2026-09-08T23:15:43.207940+00:00", "pm1_0": 8.8, "pm2_5": 11.6, "latitude": 25.760899, "longitude": -100.16765 }, "geometry": { "type": "Point", "coordinates": [ -100.16765, 25.760899 ] } },
{ "type": "Feature", "properties": { "sensor_index": 292943, "name": "TEC-AMM-RC-005", "timestamp": "2026-09-08T23:15:43.207940+00:00", "pm1_0": 17.0, "pm2_5": 21.0, "latitude": 25.646128, "longitude": -100.14929 }, "geometry": { "type": "Point", "coordinates": [ -100.14929, 25.646128 ] } },
{ "type": "Feature", "properties": { "sensor_index": 292939, "name": "TEC-AMM-RA-001", "timestamp": "2026-09-08T23:15:43.207940+00:00", "pm1_0": 14.0, "pm2_5": 17.6, "latitude": 25.658657, "longitude": -100.399 }, "geometry": { "type": "Point", "coordinates": [ -100.399, 25.658657 ] } },
{ "type": "Feature", "properties": { "sensor_index": 292949, "name": "TEC-AMM-RA-003", "timestamp": "2026-09-08T23:15:43.207940+00:00", "pm1_0": 15.1, "pm2_5": 18.5, "latitude": 25.661757, "longitude": -100.36972 }, "geometry": { "type": "Point", "coordinates": [ -100.36972, 25.661757 ] } },
{ "type": "Feature", "properties": { "sensor_index": 292951, "name": "TEC-AMM-RB-004", "timestamp": "2026-09-08T23:15:43.207940+00:00", "pm1_0": 15.3, "pm2_5": 19.2, "latitude": 25.66194, "longitude": -100.3313 }, "geometry": { "type": "Point", "coordinates": [ -100.3313, 25.66194 ] } },
{ "type": "Feature", "properties": { "sensor_index": 292947, "name": "TEC-AMM-RA-004", "timestamp": "2026-09-08T23:15:43.207940+00:00", "pm1_0": 17.1, "pm2_5": 21.1, "latitude": 25.684696, "longitude": -100.36298 }, "geometry": { "type": "Point", "coordinates": [ -100.36298, 25.684696 ] } },
{ "type": "Feature", "properties": { "sensor_index": 292957, "name": "TEC-AMM-RC-008", "timestamp": "2026-09-08T23:15:43.207940+00:00", "pm1_0": 22.2, "pm2_5": 29.7, "latitude": 25.731503, "longitude": -100.13724 }, "geometry": { "type": "Point", "coordinates": [ -100.13724, 25.731503 ] } },
{ "type": "Feature", "properties": { "sensor_index": 292973, "name": "TEC-AMM-RC-003", "timestamp": "2026-09-08T23:15:43.207940+00:00", "pm1_0": 17.3, "pm2_5": 21.6, "latitude": 25.684975, "longitude": -100.17443 }, "geometry": { "type": "Point", "coordinates": [ -100.17443, 25.684975 ] } },
{ "type": "Feature", "properties": { "sensor_index": 292983, "name": "TEC-AMM-RC-007", "timestamp": "2026-09-08T23:15:43.207940+00:00", "pm1_0": 17.7, "pm2_5": 24.9, "latitude": 25.650148, "longitude": -100.11657 }, "geometry": { "type": "Point", "coordinates": [ -100.11657, 25.650148 ] } },
{ "type": "Feature", "properties": { "sensor_index": 292997, "name": "TEC-AMM-RF-004", "timestamp": "2026-09-08T23:15:43.207940+00:00", "pm1_0": 14.5, "pm2_5": 19.2, "latitude": 25.738094, "longitude": -100.30651 }, "geometry": { "type": "Point", "coordinates": [ -100.30651, 25.738094 ] } },
{ "type": "Feature", "properties": { "sensor_index": 292997, "name": "TEC-AMM-RF-004", "timestamp": "2026-09-08T23:15:43.207940+00:00", "pm1_0": 14.5, "pm2_5": 19.2, "latitude": 25.73373, "longitude": -100.31656 }, "geometry": { "type": "Point", "coordinates": [ -100.31656, 25.73373 ] } },
{ "type": "Feature", "properties": { "sensor_index": 292999, "name": "TEC-AMM-RE-002", "timestamp": "2026-09-08T23:15:43.207940+00:00", "pm1_0": 14.5, "pm2_5": 17.7, "latitude": 25.772509, "longitude": -100.31119 }, "geometry": { "type": "Point", "coordinates": [ -100.31119, 25.772509 ] } },
{ "type": "Feature", "properties": { "sensor_index": 293001, "name": "TEC-AMM-RF-006", "timestamp": "2026-09-08T23:15:43.207940+00:00", "pm1_0": 16.3, "pm2_5": 20.1, "latitude": 25.71829, "longitude": -100.37077 }, "geometry": { "type": "Point", "coordinates": [ -100.37077, 25.71829 ] } },
{ "type": "Feature", "properties": { "sensor_index": 293003, "name": "TEC-AMM-RB-006", "timestamp": "2026-09-08T23:15:43.207940+00:00", "pm1_0": 17.4, "pm2_5": 21.2, "latitude": 25.676483, "longitude": -100.29272 }, "geometry": { "type": "Point", "coordinates": [ -100.29272, 25.676483 ] } },
{ "type": "Feature", "properties": { "sensor_index": 293469, "name": "Leon Ortigosa ABP", "timestamp": "2026-09-08T23:15:43.207940+00:00", "pm1_0": 15.7, "pm2_5": 20.6, "latitude": 25.67212, "longitude": -100.33521 }, "geometry": { "type": "Point", "coordinates": [ -100.33521, 25.67212 ] } },
{ "type": "Feature", "properties": { "sensor_index": 293465, "name": "Loma Larga", "timestamp": "2026-09-08T23:15:43.207940+00:00", "pm1_0": 14.9, "pm2_5": 19.9, "latitude": 25.665812, "longitude": -100.34373 }, "geometry": { "type": "Point", "coordinates": [ -100.34373, 25.665812 ] } },
{ "type": "Feature", "properties": { "sensor_index": 293467, "name": "UMF37", "timestamp": "2026-09-08T23:15:43.207940+00:00", "pm1_0": 15.0, "pm2_5": 19.4, "latitude": 25.687622, "longitude": -100.342964 }, "geometry": { "type": "Point", "coordinates": [ -100.342964, 25.687622 ] } },
{ "type": "Feature", "properties": { "sensor_index": 33027, "name": "Lagos del Bosque", "timestamp": "2026-09-08T23:15:43.207940+00:00", "pm1_0": 7.0, "pm2_5": 11.0, "latitude": 25.600061, "longitude": -100.26256 }, "geometry": { "type": "Point", "coordinates": [ -100.26256, 25.600061 ] } },
{ "type": "Feature", "properties": { "sensor_index": 33117, "name": "Liceo de Monterrey", "timestamp": "2026-09-08T23:15:43.207940+00:00", "pm1_0": 17.3, "pm2_5": 25.8, "latitude": 25.650322, "longitude": -100.32849 }, "geometry": { "type": "Point", "coordinates": [ -100.32849, 25.650322 ] } },
{ "type": "Feature", "properties": { "sensor_index": 34441, "name": "Callejon de los Ayala", "timestamp": "2026-09-08T23:15:43.207940+00:00", "pm1_0": 2.4, "pm2_5": 4.6, "latitude": 25.6665, "longitude": -100.3976 }, "geometry": { "type": "Point", "coordinates": [ -100.3976, 25.6665 ] } },
{ "type": "Feature", "properties": { "sensor_index": 34499, "name": "San Patricio #106", "timestamp": "2026-09-08T23:15:43.207940+00:00", "pm1_0": 0.0, "pm2_5": 0.0, "latitude": 25.641743, "longitude": -100.3472 }, "geometry": { "type": "Point", "coordinates": [ -100.3472, 25.641743 ] } },
{ "type": "Feature", "properties": { "sensor_index": 34511, "name": "Rosario", "timestamp": "2026-09-08T23:15:43.207940+00:00", "pm1_0": 8.8, "pm2_5": 14.6, "latitude": 25.640432, "longitude": -100.392265 }, "geometry": { "type": "Point", "coordinates": [ -100.392265, 25.640432 ] } },
{ "type": "Feature", "properties": { "sensor_index": 38663, "name": "Rayon Norte", "timestamp": "2026-09-08T23:15:43.207940+00:00", "pm1_0": 14.2, "pm2_5": 19.1, "latitude": 25.678823, "longitude": -100.319695 }, "geometry": { "type": "Point", "coordinates": [ -100.319695, 25.678823 ] } },
{ "type": "Feature", "properties": { "sensor_index": 42211, "name": "RF", "timestamp": "2026-09-08T23:15:43.207940+00:00", "pm1_0": 9.0, "pm2_5": 12.1, "latitude": 25.61638, "longitude": -100.316124 }, "geometry": { "type": "Point", "coordinates": [ -100.316124, 25.61638 ] } },
{ "type": "Feature", "properties": { "sensor_index": 305140, "name": "Bicla", "timestamp": "2026-09-08T23:15:43.207940+00:00", "pm1_0": 18.1, "pm2_5": 23.6, "latitude": 25.700935, "longitude": -100.33541 }, "geometry": { "type": "Point", "coordinates": [ -100.33541, 25.700935 ] } },
{ "type": "Feature", "properties": { "sensor_index": 305164, "name": "NuevaMaderoDave", "timestamp": "2026-09-08T23:15:43.207940+00:00", "pm1_0": 15.2, "pm2_5": 19.3, "latitude": 25.688787, "longitude": -100.27929 }, "geometry": { "type": "Point", "coordinates": [ -100.27929, 25.688787 ] } },
{ "type": "Feature", "properties": { "sensor_index": 305192, "name": "11a avenida cumbres 1 sector", "timestamp": "2026-09-08T23:15:43.207940+00:00", "pm1_0": 16.1, "pm2_5": 19.8, "latitude": 25.69958, "longitude": -100.35898 }, "geometry": { "type": "Point", "coordinates": [ -100.35898, 25.69958 ] } },
{ "type": "Feature", "properties": { "sensor_index": 305232, "name": "PurpleAir Ancira Mty", "timestamp": "2026-09-08T23:15:43.207940+00:00", "pm1_0": 18.8, "pm2_5": 23.4, "latitude": 25.651157, "longitude": -100.3062 }, "geometry": { "type": "Point", "coordinates": [ -100.3062, 25.651157 ] } },
{ "type": "Feature", "properties": { "sensor_index": 43627, "name": "Liceo de Monterrey Rosemont", "timestamp": "2026-09-08T23:15:43.207940+00:00", "pm1_0": 12.6, "pm2_5": 14.3, "latitude": 25.67425, "longitude": -100.35398 }, "geometry": { "type": "Point", "coordinates": [ -100.35398, 25.67425 ] } },
{ "type": "Feature", "properties": { "sensor_index": 45769, "name": "Huascaran", "timestamp": "2026-09-08T23:15:43.207940+00:00", "pm1_0": 9.7, "pm2_5": 13.3, "latitude": 25.637255, "longitude": -100.399216 }, "geometry": { "type": "Point", "coordinates": [ -100.399216, 25.637255 ] } },
{ "type": "Feature", "properties": { "sensor_index": 308956, "name": "Jardín de las carreras", "timestamp": "2026-09-08T23:15:43.207940+00:00", "pm1_0": 16.3, "pm2_5": 21.3, "latitude": 25.650595, "longitude": -100.289 }, "geometry": { "type": "Point", "coordinates": [ -100.289, 25.650595 ] } },
{ "type": "Feature", "properties": { "sensor_index": 49949, "name": "El Horizonte", "timestamp": "2026-09-08T23:15:43.207940+00:00", "pm1_0": 11.7, "pm2_5": 18.6, "latitude": 25.677492, "longitude": -100.29761 }, "geometry": { "type": "Point", "coordinates": [ -100.29761, 25.677492 ] } },
{ "type": "Feature", "properties": { "sensor_index": 50555, "name": "Treviño", "timestamp": "2026-09-08T23:15:43.207940+00:00", "pm1_0": 0.0, "pm2_5": 0.0, "latitude": 25.638243, "longitude": -100.36743 }, "geometry": { "type": "Point", "coordinates": [ -100.36743, 25.638243 ] } },
{ "type": "Feature", "properties": { "sensor_index": 50871, "name": "TEC Garza Laguera", "timestamp": "2026-09-08T23:15:43.207940+00:00", "pm1_0": 11.8, "pm2_5": 17.2, "latitude": 25.61827, "longitude": -100.27293 }, "geometry": { "type": "Point", "coordinates": [ -100.27293, 25.61827 ] } },
{ "type": "Feature", "properties": { "sensor_index": 321194, "name": "Ramsesgs", "timestamp": "2026-09-08T23:15:43.207940+00:00", "pm1_0": 15.7, "pm2_5": 19.7, "latitude": 25.61975, "longitude": -100.29781 }, "geometry": { "type": "Point", "coordinates": [ -100.29781, 25.61975 ] } },
{ "type": "Feature", "properties": { "sensor_index": 119937, "name": "Grupo Reforma Cumbres", "timestamp": "2026-09-08T23:15:43.207940+00:00", "pm1_0": 4.0, "pm2_5": 8.1, "latitude": 25.71012, "longitude": -100.37474 }, "geometry": { "type": "Point", "coordinates": [ -100.37474, 25.71012 ] } },
{ "type": "Feature", "properties": { "sensor_index": 119965, "name": "Grupo Reforma El Norte", "timestamp": "2026-09-08T23:15:43.207940+00:00", "pm1_0": 10.7, "pm2_5": 15.3, "latitude": 25.674164, "longitude": -100.30816 }, "geometry": { "type": "Point", "coordinates": [ -100.30816, 25.674164 ] } },
{ "type": "Feature", "properties": { "sensor_index": 121825, "name": "Grupo Reforma Sierra Madre", "timestamp": "2026-09-08T23:15:43.207940+00:00", "pm1_0": 3251.4, "pm2_5": 3251.4, "latitude": 25.663378, "longitude": -100.36808 }, "geometry": { "type": "Point", "coordinates": [ -100.36808, 25.663378 ] } },
{ "type": "Feature", "properties": { "sensor_index": 136522, "name": "Bosques de La Pastora", "timestamp": "2026-09-08T23:15:43.207940+00:00", "pm1_0": 4.4, "pm2_5": 9.7, "latitude": 25.65773, "longitude": -100.251625 }, "geometry": { "type": "Point", "coordinates": [ -100.251625, 25.65773 ] } },
{ "type": "Feature", "properties": { "sensor_index": 147010, "name": "Santa Barbara", "timestamp": "2026-09-08T23:15:43.207940+00:00", "pm1_0": 8.8, "pm2_5": 12.4, "latitude": 25.661701, "longitude": -100.38932 }, "geometry": { "type": "Point", "coordinates": [ -100.38932, 25.661701 ] } },
{ "type": "Feature", "properties": { "sensor_index": 174781, "name": "Colegio Cambridge de Monterrey Campus Mitras", "timestamp": "2026-09-08T23:15:43.207940+00:00", "pm1_0": 16.9, "pm2_5": 19.8, "latitude": 25.696613, "longitude": -100.348114 }, "geometry": { "type": "Point", "coordinates": [ -100.348114, 25.696613 ] } },
{ "type": "Feature", "properties": { "sensor_index": 174787, "name": "Colegio Cambridge de Monterrey Campus Norte", "timestamp": "2026-09-08T23:15:43.207940+00:00", "pm1_0": 14.3, "pm2_5": 15.3, "latitude": 25.779613, "longitude": -100.28022 }, "geometry": { "type": "Point", "coordinates": [ -100.28022, 25.779613 ] } },
{ "type": "Feature", "properties": { "sensor_index": 189431, "name": "BEA", "timestamp": "2026-09-08T23:15:43.207940+00:00", "pm1_0": 12.0, "pm2_5": 19.1, "latitude": 25.65725, "longitude": -100.35996 }, "geometry": { "type": "Point", "coordinates": [ -100.35996, 25.65725 ] } },
{ "type": "Feature", "properties": { "sensor_index": 189435, "name": "Olinalá", "timestamp": "2026-09-08T23:15:43.207940+00:00", "pm1_0": 9.2, "pm2_5": 14.6, "latitude": 25.618986, "longitude": -100.37645 }, "geometry": { "type": "Point", "coordinates": [ -100.37645, 25.618986 ] } },
{ "type": "Feature", "properties": { "sensor_index": 189447, "name": "Río Amazonas NO", "timestamp": "2026-09-08T23:15:43.207940+00:00", "pm1_0": 14.6, "pm2_5": 20.8, "latitude": 25.662104, "longitude": -100.37172 }, "geometry": { "type": "Point", "coordinates": [ -100.37172, 25.662104 ] } },
{ "type": "Feature", "properties": { "sensor_index": 189455, "name": "CHIPINQUE CAV", "timestamp": "2026-09-08T23:15:43.207940+00:00", "pm1_0": 10.0, "pm2_5": 15.6, "latitude": 25.618307, "longitude": -100.359955 }, "geometry": { "type": "Point", "coordinates": [ -100.359955, 25.618307 ] } },
{ "type": "Feature", "properties": { "sensor_index": 189469, "name": "Hospital Zambran Hellion TecSalud", "timestamp": "2026-09-08T23:15:43.207940+00:00", "pm1_0": 12.8, "pm2_5": 19.8, "latitude": 25.64684, "longitude": -100.33364 }, "geometry": { "type": "Point", "coordinates": [ -100.33364, 25.64684 ] } },
{ "type": "Feature", "properties": { "sensor_index": 208785, "name": "Colegio Cambridge de Monterrey Campus Anáhuac", "timestamp": "2026-09-08T23:15:43.207940+00:00", "pm1_0": 15.2, "pm2_5": 17.3, "latitude": 25.77144, "longitude": -100.26785 }, "geometry": { "type": "Point", "coordinates": [ -100.26785, 25.77144 ] } },
{ "type": "Feature", "properties": { "sensor_index": 209147, "name": "Rincon de San Jeronimo", "timestamp": "2026-09-08T23:15:43.207940+00:00", "pm1_0": 11.9, "pm2_5": 18.0, "latitude": 25.691032, "longitude": -100.375786 }, "geometry": { "type": "Point", "coordinates": [ -100.375786, 25.691032 ] } },
{ "type": "Feature", "properties": { "sensor_index": 227879, "name": "Rectoria", "timestamp": "2026-09-08T23:15:43.207940+00:00", "pm1_0": 16.0, "pm2_5": 19.5, "latitude": 25.651268, "longitude": -100.291214 }, "geometry": { "type": "Point", "coordinates": [ -100.291214, 25.651268 ] } },
{ "type": "Feature", "properties": { "sensor_index": 227887, "name": "Sensor_Purple_Air-Explanada_EGP-Entrada_Prin", "timestamp": "2026-09-08T23:15:43.207940+00:00", "pm1_0": 13.7, "pm2_5": 16.9, "latitude": 25.64419, "longitude": -100.3255 }, "geometry": { "type": "Point", "coordinates": [ -100.3255, 25.64419 ] } },
{ "type": "Feature", "properties": { "sensor_index": 227889, "name": "Parque central", "timestamp": "2026-09-08T23:15:43.207940+00:00", "pm1_0": 14.0, "pm2_5": 16.0, "latitude": 25.652395, "longitude": -100.28713 }, "geometry": { "type": "Point", "coordinates": [ -100.28713, 25.652395 ] } },
{ "type": "Feature", "properties": { "sensor_index": 227907, "name": "Estacionamiento Alumnos", "timestamp": "2026-09-08T23:15:43.207940+00:00", "pm1_0": 12.0, "pm2_5": 15.4, "latitude": 25.744081, "longitude": -100.28277 }, "geometry": { "type": "Point", "coordinates": [ -100.28277, 25.744081 ] } },
{ "type": "Feature", "properties": { "sensor_index": 227913, "name": "EGADE-Sombrillas", "timestamp": "2026-09-08T23:15:43.207940+00:00", "pm1_0": 15.3, "pm2_5": 19.2, "latitude": 25.643106, "longitude": -100.32573 }, "geometry": { "type": "Point", "coordinates": [ -100.32573, 25.643106 ] } },
{ "type": "Feature", "properties": { "sensor_index": 228003, "name": "EGL-Jardín Robótica", "timestamp": "2026-09-08T23:15:43.207940+00:00", "pm1_0": 14.6, "pm2_5": 18.4, "latitude": 25.61803, "longitude": -100.27554 }, "geometry": { "type": "Point", "coordinates": [ -100.27554, 25.61803 ] } },
{ "type": "Feature", "properties": { "sensor_index": 228001, "name": "C-MTY Explanada 2", "timestamp": "2026-09-08T23:15:43.207940+00:00", "pm1_0": 16.9, "pm2_5": 21.9, "latitude": 25.656332, "longitude": -100.20696 }, "geometry": { "type": "Point", "coordinates": [ -100.20696, 25.656332 ] } },
{ "type": "Feature", "properties": { "sensor_index": 228383, "name": "Estadio Banorte", "timestamp": "2026-09-08T23:15:43.207940+00:00", "pm1_0": 18.1, "pm2_5": 21.9, "latitude": 25.654228, "longitude": -100.28651 }, "geometry": { "type": "Point", "coordinates": [ -100.28651, 25.654228 ] } },
{ "type": "Feature", "properties": { "sensor_index": 228381, "name": "C-MTY RAMPA CAFETERÍA", "timestamp": "2026-09-08T23:15:43.207940+00:00", "pm1_0": 13.7, "pm2_5": 17.5, "latitude": 25.628263, "longitude": -100.30376 }, "geometry": { "type": "Point", "coordinates": [ -100.30376, 25.628263 ] } },
{ "type": "Feature", "properties": { "sensor_index": 228389, "name": "PEGS-Sensor-Canchas", "timestamp": "2026-09-08T23:15:43.207940+00:00", "pm1_0": 15.7, "pm2_5": 18.7, "latitude": 25.670425, "longitude": -100.35683 }, "geometry": { "type": "Point", "coordinates": [ -100.35683, 25.670425 ] } },
{ "type": "Feature", "properties": { "sensor_index": 228407, "name": "CEDES", "timestamp": "2026-09-08T23:15:43.207940+00:00", "pm1_0": 13.1, "pm2_5": 15.5, "latitude": 25.653677, "longitude": -100.29242 }, "geometry": { "type": "Point", "coordinates": [ -100.29242, 25.653677 ] } },
{ "type": "Feature", "properties": { "sensor_index": 278863, "name": "Rio Balsas", "timestamp": "2026-09-08T23:31:24.880839+00:00", "pm1_0": 14.0, "pm2_5": 18.1, "latitude": 25.662691, "longitude": -100.37312 }, "geometry": { "type": "Point", "coordinates": [ -100.37312, 25.662691 ] } },
{ "type": "Feature", "properties": { "sensor_index": 278869, "name": "Veredalta", "timestamp": "2026-09-08T23:31:24.880839+00:00", "pm1_0": 13.0, "pm2_5": 16.6, "latitude": 25.638226, "longitude": -100.3525 }, "geometry": { "type": "Point", "coordinates": [ -100.3525, 25.638226 ] } },
{ "type": "Feature", "properties": { "sensor_index": 278871, "name": "Parroquia Reina de Los Ángeles", "timestamp": "2026-09-08T23:31:24.880839+00:00", "pm1_0": 13.3, "pm2_5": 21.0, "latitude": 25.636341, "longitude": -100.36872 }, "geometry": { "type": "Point", "coordinates": [ -100.36872, 25.636341 ] } },
{ "type": "Feature", "properties": { "sensor_index": 278875, "name": "Secretaría de Relaciones Exteriores", "timestamp": "2026-09-08T23:31:24.880839+00:00", "pm1_0": 14.1, "pm2_5": 18.3, "latitude": 25.667723, "longitude": -100.38136 }, "geometry": { "type": "Point", "coordinates": [ -100.38136, 25.667723 ] } },
{ "type": "Feature", "properties": { "sensor_index": 278883, "name": "Mater International Institute", "timestamp": "2026-09-08T23:31:24.880839+00:00", "pm1_0": 13.5, "pm2_5": 17.4, "latitude": 25.641127, "longitude": -100.362755 }, "geometry": { "type": "Point", "coordinates": [ -100.362755, 25.641127 ] } },
{ "type": "Feature", "properties": { "sensor_index": 278889, "name": "Chipinque Meseta", "timestamp": "2026-09-08T23:31:24.880839+00:00", "pm1_0": 11.6, "pm2_5": 17.1, "latitude": 25.607624, "longitude": -100.355156 }, "geometry": { "type": "Point", "coordinates": [ -100.355156, 25.607624 ] } },
{ "type": "Feature", "properties": { "sensor_index": 278901, "name": "OFICINAS SAN PEDRO PARQUES", "timestamp": "2026-09-08T23:31:24.880839+00:00", "pm1_0": 14.3, "pm2_5": 17.6, "latitude": 25.644024, "longitude": -100.376305 }, "geometry": { "type": "Point", "coordinates": [ -100.376305, 25.644024 ] } },
{ "type": "Feature", "properties": { "sensor_index": 278919, "name": "Residencia Tabachín", "timestamp": "2026-09-08T23:31:24.880839+00:00", "pm1_0": 11.9, "pm2_5": 16.2, "latitude": 25.630367, "longitude": -100.34808 }, "geometry": { "type": "Point", "coordinates": [ -100.34808, 25.630367 ] } },
{ "type": "Feature", "properties": { "sensor_index": 278929, "name": "Rio Caura", "timestamp": "2026-09-08T23:31:24.880839+00:00", "pm1_0": 14.6, "pm2_5": 19.3, "latitude": 25.659946, "longitude": -100.38283 }, "geometry": { "type": "Point", "coordinates": [ -100.38283, 25.659946 ] } },
{ "type": "Feature", "properties": { "sensor_index": 278931, "name": "Residencia Platon", "timestamp": "2026-09-08T23:31:24.880839+00:00", "pm1_0": 14.4, "pm2_5": 18.5, "latitude": 25.630522, "longitude": -100.36023 }, "geometry": { "type": "Point", "coordinates": [ -100.36023, 25.630522 ] } },
{ "type": "Feature", "properties": { "sensor_index": 278937, "name": "Residencia Saqqara", "timestamp": "2026-09-08T23:31:24.880839+00:00", "pm1_0": 12.6, "pm2_5": 16.9, "latitude": 25.652473, "longitude": -100.349236 }, "geometry": { "type": "Point", "coordinates": [ -100.349236, 25.652473 ] } },
{ "type": "Feature", "properties": { "sensor_index": 278939, "name": "Residencia Rio Rosas", "timestamp": "2026-09-08T23:31:24.880839+00:00", "pm1_0": 13.4, "pm2_5": 17.5, "latitude": 25.656303, "longitude": -100.36027 }, "geometry": { "type": "Point", "coordinates": [ -100.36027, 25.656303 ] } },
{ "type": "Feature", "properties": { "sensor_index": 278951, "name": "Parque El Capitán", "timestamp": "2026-09-08T23:31:24.880839+00:00", "pm1_0": 15.2, "pm2_5": 18.7, "latitude": 25.663504, "longitude": -100.35734 }, "geometry": { "type": "Point", "coordinates": [ -100.35734, 25.663504 ] } },
{ "type": "Feature", "properties": { "sensor_index": 278957, "name": "Los Pinos", "timestamp": "2026-09-08T23:31:24.880839+00:00", "pm1_0": 13.5, "pm2_5": 18.9, "latitude": 25.672205, "longitude": -100.397354 }, "geometry": { "type": "Point", "coordinates": [ -100.397354, 25.672205 ] } },
{ "type": "Feature", "properties": { "sensor_index": 278959, "name": "Colegio Nobel", "timestamp": "2026-09-08T23:31:24.880839+00:00", "pm1_0": 13.0, "pm2_5": 18.2, "latitude": 25.657562, "longitude": -100.39641 }, "geometry": { "type": "Point", "coordinates": [ -100.39641, 25.657562 ] } },
{ "type": "Feature", "properties": { "sensor_index": 278955, "name": "Residencia San Mateo", "timestamp": "2026-09-08T23:31:24.880839+00:00", "pm1_0": 12.3, "pm2_5": 15.1, "latitude": 25.643766, "longitude": -100.31643 }, "geometry": { "type": "Point", "coordinates": [ -100.31643, 25.643766 ] } },
{ "type": "Feature", "properties": { "sensor_index": 279836, "name": "San Roberto International School San Agustin", "timestamp": "2026-09-08T23:31:24.880839+00:00", "pm1_0": 13.6, "pm2_5": 17.6, "latitude": 25.646032, "longitude": -100.338165 }, "geometry": { "type": "Point", "coordinates": [ -100.338165, 25.646032 ] } },
{ "type": "Feature", "properties": { "sensor_index": 279834, "name": "Colegio Ingles Campus Encino", "timestamp": "2026-09-08T23:31:24.880839+00:00", "pm1_0": 15.1, "pm2_5": 19.1, "latitude": 25.637669, "longitude": -100.33746 }, "geometry": { "type": "Point", "coordinates": [ -100.33746, 25.637669 ] } },
{ "type": "Feature", "properties": { "sensor_index": 279854, "name": "Pinos", "timestamp": "2026-09-08T23:31:24.880839+00:00", "pm1_0": 72.2, "pm2_5": 74.3, "latitude": 25.65975, "longitude": -100.349976 }, "geometry": { "type": "Point", "coordinates": [ -100.349976, 25.65975 ] } },
{ "type": "Feature", "properties": { "sensor_index": 279866, "name": "Lomas del Campestre", "timestamp": "2026-09-08T23:31:24.880839+00:00", "pm1_0": 14.8, "pm2_5": 18.9, "latitude": 25.638052, "longitude": -100.33173 }, "geometry": { "type": "Point", "coordinates": [ -100.33173, 25.638052 ] } },
{ "type": "Feature", "properties": { "sensor_index": 279890, "name": "María Desatadora de Nudos", "timestamp": "2026-09-08T23:31:24.880839+00:00", "pm1_0": 12.7, "pm2_5": 15.7, "latitude": 25.624146, "longitude": -100.37315 }, "geometry": { "type": "Point", "coordinates": [ -100.37315, 25.624146 ] } },
{ "type": "Feature", "properties": { "sensor_index": 279926, "name": "Parque Mississippi", "timestamp": "2026-09-08T23:31:24.880839+00:00", "pm1_0": 15.2, "pm2_5": 18.3, "latitude": 25.657495, "longitude": -100.36317 }, "geometry": { "type": "Point", "coordinates": [ -100.36317, 25.657495 ] } },
{ "type": "Feature", "properties": { "sensor_index": 280524, "name": "Privada Paso de la Sierra", "timestamp": "2026-09-08T23:31:24.880839+00:00", "pm1_0": 12.9, "pm2_5": 15.8, "latitude": 25.648457, "longitude": -100.36256 }, "geometry": { "type": "Point", "coordinates": [ -100.36256, 25.648457 ] } },
{ "type": "Feature", "properties": { "sensor_index": 280520, "name": "Irish International School Campus First School", "timestamp": "2026-09-08T23:31:24.880839+00:00", "pm1_0": 15.4, "pm2_5": 18.6, "latitude": 25.639212, "longitude": -100.34154 }, "geometry": { "type": "Point", "coordinates": [ -100.34154, 25.639212 ] } },
{ "type": "Feature", "properties": { "sensor_index": 280532, "name": "Museo La Milarca", "timestamp": "2026-09-08T23:31:24.880839+00:00", "pm1_0": 14.4, "pm2_5": 17.2, "latitude": 25.64443, "longitude": -100.32734 }, "geometry": { "type": "Point", "coordinates": [ -100.32734, 25.64443 ] } },
{ "type": "Feature", "properties": { "sensor_index": 280534, "name": "Residencia Savotino", "timestamp": "2026-09-08T23:31:24.880839+00:00", "pm1_0": 14.9, "pm2_5": 19.0, "latitude": 25.662497, "longitude": -100.36313 }, "geometry": { "type": "Point", "coordinates": [ -100.36313, 25.662497 ] } },
{ "type": "Feature", "properties": { "sensor_index": 280644, "name": "Residencia nogal", "timestamp": "2026-09-08T23:31:24.880839+00:00", "pm1_0": 12.2, "pm2_5": 17.0, "latitude": 25.61478, "longitude": -100.368286 }, "geometry": { "type": "Point", "coordinates": [ -100.368286, 25.61478 ] } },
{ "type": "Feature", "properties": { "sensor_index": 280900, "name": "Rio Necaxa", "timestamp": "2026-09-08T23:31:24.880839+00:00", "pm1_0": 15.1, "pm2_5": 18.9, "latitude": 25.65677, "longitude": -100.344666 }, "geometry": { "type": "Point", "coordinates": [ -100.344666, 25.65677 ] } },
{ "type": "Feature", "properties": { "sensor_index": 280902, "name": "Residencia Rio Pesqueria", "timestamp": "2026-09-08T23:31:24.880839+00:00", "pm1_0": 15.2, "pm2_5": 18.7, "latitude": 25.658936, "longitude": -100.37394 }, "geometry": { "type": "Point", "coordinates": [ -100.37394, 25.658936 ] } },
{ "type": "Feature", "properties": { "sensor_index": 284960, "name": "Esquina Barranquilla y Patagonia (Altavista)", "timestamp": "2026-09-08T23:31:24.880839+00:00", "pm1_0": 19.9, "pm2_5": 25.3, "latitude": 25.644045, "longitude": -100.29044 }, "geometry": { "type": "Point", "coordinates": [ -100.29044, 25.644045 ] } },
{ "type": "Feature", "properties": { "sensor_index": 286238, "name": "Oasis", "timestamp": "2026-09-08T23:31:24.880839+00:00", "pm1_0": 20.0, "pm2_5": 24.5, "latitude": 25.640884, "longitude": -100.30304 }, "geometry": { "type": "Point", "coordinates": [ -100.30304, 25.640884 ] } },
{ "type": "Feature", "properties": { "sensor_index": 286240, "name": "Casa Naranjos", "timestamp": "2026-09-08T23:31:24.880839+00:00", "pm1_0": 14.2, "pm2_5": 16.8, "latitude": 25.654285, "longitude": -100.28977 }, "geometry": { "type": "Point", "coordinates": [ -100.28977, 25.654285 ] } },
{ "type": "Feature", "properties": { "sensor_index": 288064, "name": "Terminal", "timestamp": "2026-09-08T23:31:24.880839+00:00", "pm1_0": 15.3, "pm2_5": 18.3, "latitude": 25.686438, "longitude": -100.29351 }, "geometry": { "type": "Point", "coordinates": [ -100.29351, 25.686438 ] } },
{ "type": "Feature", "properties": { "sensor_index": 288066, "name": "Hospital de San Vicente", "timestamp": "2026-09-08T23:31:24.880839+00:00", "pm1_0": 18.4, "pm2_5": 21.6, "latitude": 25.67851, "longitude": -100.324974 }, "geometry": { "type": "Point", "coordinates": [ -100.324974, 25.67851 ] } },
{ "type": "Feature", "properties": { "sensor_index": 288332, "name": "Facultad de Salud Pública y Nutrición", "timestamp": "2026-09-08T23:31:24.880839+00:00", "pm1_0": 16.0, "pm2_5": 19.8, "latitude": 25.688875, "longitude": -100.34783 }, "geometry": { "type": "Point", "coordinates": [ -100.34783, 25.688875 ] } },
{ "type": "Feature", "properties": { "sensor_index": 292893, "name": "TEC-AMM-RB-005", "timestamp": "2026-09-08T23:31:24.880839+00:00", "pm1_0": 14.3, "pm2_5": 17.7, "latitude": 25.658117, "longitude": -100.26312 }, "geometry": { "type": "Point", "coordinates": [ -100.26312, 25.658117 ] } },
{ "type": "Feature", "properties": { "sensor_index": 292895, "name": "TEC-AMM-RD-004", "timestamp": "2026-09-08T23:31:24.880839+00:00", "pm1_0": 16.1, "pm2_5": 20.2, "latitude": 25.774128, "longitude": -100.26622 }, "geometry": { "type": "Point", "coordinates": [ -100.26622, 25.774128 ] } },
{ "type": "Feature", "properties": { "sensor_index": 292889, "name": "TEC-AMM-RB-003", "timestamp": "2026-09-08T23:31:24.880839+00:00", "pm1_0": 13.4, "pm2_5": 16.9, "latitude": 25.654068, "longitude": -100.22748 }, "geometry": { "type": "Point", "coordinates": [ -100.22748, 25.654068 ] } },
{ "type": "Feature", "properties": { "sensor_index": 292891, "name": "TEC-AMM-RC-004", "timestamp": "2026-09-08T23:31:24.880839+00:00", "pm1_0": 16.1, "pm2_5": 18.9, "latitude": 25.639277, "longitude": -100.17398 }, "geometry": { "type": "Point", "coordinates": [ -100.17398, 25.639277 ] } },
{ "type": "Feature", "properties": { "sensor_index": 292901, "name": "TEC-AMM-RF-004", "timestamp": "2026-09-08T23:31:24.880839+00:00", "pm1_0": 12.0, "pm2_5": 14.0, "latitude": 25.738094, "longitude": -100.30651 }, "geometry": { "type": "Point", "coordinates": [ -100.30651, 25.738094 ] } },
{ "type": "Feature", "properties": { "sensor_index": 292901, "name": "TEC-AMM-RF-004", "timestamp": "2026-09-08T23:31:24.880839+00:00", "pm1_0": 12.0, "pm2_5": 14.0, "latitude": 25.73373, "longitude": -100.31656 }, "geometry": { "type": "Point", "coordinates": [ -100.31656, 25.73373 ] } },
{ "type": "Feature", "properties": { "sensor_index": 292897, "name": "TEC-AMM-RF-005", "timestamp": "2026-09-08T23:31:24.880839+00:00", "pm1_0": 17.7, "pm2_5": 21.8, "latitude": 25.770947, "longitude": -100.36825 }, "geometry": { "type": "Point", "coordinates": [ -100.36825, 25.770947 ] } },
{ "type": "Feature", "properties": { "sensor_index": 292905, "name": "TEC-AMM-RC-006", "timestamp": "2026-09-08T23:31:24.880839+00:00", "pm1_0": 18.3, "pm2_5": 21.8, "latitude": 25.608519, "longitude": -100.1551 }, "geometry": { "type": "Point", "coordinates": [ -100.1551, 25.608519 ] } },
{ "type": "Feature", "properties": { "sensor_index": 292941, "name": "TEC-AMM-RD-005", "timestamp": "2026-09-08T23:31:24.880839+00:00", "pm1_0": 8.8, "pm2_5": 11.6, "latitude": 25.760899, "longitude": -100.16765 }, "geometry": { "type": "Point", "coordinates": [ -100.16765, 25.760899 ] } },
{ "type": "Feature", "properties": { "sensor_index": 292943, "name": "TEC-AMM-RC-005", "timestamp": "2026-09-08T23:31:24.880839+00:00", "pm1_0": 17.2, "pm2_5": 21.1, "latitude": 25.646128, "longitude": -100.14929 }, "geometry": { "type": "Point", "coordinates": [ -100.14929, 25.646128 ] } },
{ "type": "Feature", "properties": { "sensor_index": 292939, "name": "TEC-AMM-RA-001", "timestamp": "2026-09-08T23:31:24.880839+00:00", "pm1_0": 14.7, "pm2_5": 18.6, "latitude": 25.658657, "longitude": -100.399 }, "geometry": { "type": "Point", "coordinates": [ -100.399, 25.658657 ] } },
{ "type": "Feature", "properties": { "sensor_index": 292949, "name": "TEC-AMM-RA-003", "timestamp": "2026-09-08T23:31:24.880839+00:00", "pm1_0": 14.1, "pm2_5": 17.5, "latitude": 25.661757, "longitude": -100.36972 }, "geometry": { "type": "Point", "coordinates": [ -100.36972, 25.661757 ] } },
{ "type": "Feature", "properties": { "sensor_index": 292951, "name": "TEC-AMM-RB-004", "timestamp": "2026-09-08T23:31:24.880839+00:00", "pm1_0": 15.1, "pm2_5": 19.3, "latitude": 25.66194, "longitude": -100.3313 }, "geometry": { "type": "Point", "coordinates": [ -100.3313, 25.66194 ] } },
{ "type": "Feature", "properties": { "sensor_index": 292947, "name": "TEC-AMM-RA-004", "timestamp": "2026-09-08T23:31:24.880839+00:00", "pm1_0": 15.6, "pm2_5": 18.7, "latitude": 25.684696, "longitude": -100.36298 }, "geometry": { "type": "Point", "coordinates": [ -100.36298, 25.684696 ] } },
{ "type": "Feature", "properties": { "sensor_index": 292957, "name": "TEC-AMM-RC-008", "timestamp": "2026-09-08T23:31:24.880839+00:00", "pm1_0": 22.2, "pm2_5": 29.7, "latitude": 25.731503, "longitude": -100.13724 }, "geometry": { "type": "Point", "coordinates": [ -100.13724, 25.731503 ] } },
{ "type": "Feature", "properties": { "sensor_index": 292973, "name": "TEC-AMM-RC-003", "timestamp": "2026-09-08T23:31:24.880839+00:00", "pm1_0": 16.9, "pm2_5": 21.7, "latitude": 25.684975, "longitude": -100.17443 }, "geometry": { "type": "Point", "coordinates": [ -100.17443, 25.684975 ] } },
{ "type": "Feature", "properties": { "sensor_index": 292983, "name": "TEC-AMM-RC-007", "timestamp": "2026-09-08T23:31:24.880839+00:00", "pm1_0": 17.7, "pm2_5": 24.9, "latitude": 25.650148, "longitude": -100.11657 }, "geometry": { "type": "Point", "coordinates": [ -100.11657, 25.650148 ] } },
{ "type": "Feature", "properties": { "sensor_index": 292997, "name": "TEC-AMM-RF-004", "timestamp": "2026-09-08T23:31:24.880839+00:00", "pm1_0": 16.6, "pm2_5": 22.0, "latitude": 25.738094, "longitude": -100.30651 }, "geometry": { "type": "Point", "coordinates": [ -100.30651, 25.738094 ] } },
{ "type": "Feature", "properties": { "sensor_index": 292997, "name": "TEC-AMM-RF-004", "timestamp": "2026-09-08T23:31:24.880839+00:00", "pm1_0": 16.6, "pm2_5": 22.0, "latitude": 25.73373, "longitude": -100.31656 }, "geometry": { "type": "Point", "coordinates": [ -100.31656, 25.73373 ] } },
{ "type": "Feature", "properties": { "sensor_index": 292999, "name": "TEC-AMM-RE-002", "timestamp": "2026-09-08T23:31:24.880839+00:00", "pm1_0": 14.8, "pm2_5": 17.6, "latitude": 25.772509, "longitude": -100.31119 }, "geometry": { "type": "Point", "coordinates": [ -100.31119, 25.772509 ] } },
{ "type": "Feature", "properties": { "sensor_index": 293001, "name": "TEC-AMM-RF-006", "timestamp": "2026-09-08T23:31:24.880839+00:00", "pm1_0": 15.0, "pm2_5": 19.3, "latitude": 25.71829, "longitude": -100.37077 }, "geometry": { "type": "Point", "coordinates": [ -100.37077, 25.71829 ] } },
{ "type": "Feature", "properties": { "sensor_index": 293003, "name": "TEC-AMM-RB-006", "timestamp": "2026-09-08T23:31:24.880839+00:00", "pm1_0": 15.3, "pm2_5": 18.4, "latitude": 25.676483, "longitude": -100.29272 }, "geometry": { "type": "Point", "coordinates": [ -100.29272, 25.676483 ] } },
{ "type": "Feature", "properties": { "sensor_index": 293469, "name": "Leon Ortigosa ABP", "timestamp": "2026-09-08T23:31:24.880839+00:00", "pm1_0": 15.9, "pm2_5": 20.4, "latitude": 25.67212, "longitude": -100.33521 }, "geometry": { "type": "Point", "coordinates": [ -100.33521, 25.67212 ] } },
{ "type": "Feature", "properties": { "sensor_index": 293465, "name": "Loma Larga", "timestamp": "2026-09-08T23:31:24.880839+00:00", "pm1_0": 14.8, "pm2_5": 20.1, "latitude": 25.665812, "longitude": -100.34373 }, "geometry": { "type": "Point", "coordinates": [ -100.34373, 25.665812 ] } },
{ "type": "Feature", "properties": { "sensor_index": 293467, "name": "UMF37", "timestamp": "2026-09-08T23:31:24.880839+00:00", "pm1_0": 14.3, "pm2_5": 18.5, "latitude": 25.687622, "longitude": -100.342964 }, "geometry": { "type": "Point", "coordinates": [ -100.342964, 25.687622 ] } },
{ "type": "Feature", "properties": { "sensor_index": 33027, "name": "Lagos del Bosque", "timestamp": "2026-09-08T23:31:24.880839+00:00", "pm1_0": 6.8, "pm2_5": 9.6, "latitude": 25.600061, "longitude": -100.26256 }, "geometry": { "type": "Point", "coordinates": [ -100.26256, 25.600061 ] } },
{ "type": "Feature", "properties": { "sensor_index": 33117, "name": "Liceo de Monterrey", "timestamp": "2026-09-08T23:31:24.880839+00:00", "pm1_0": 17.1, "pm2_5": 24.3, "latitude": 25.650322, "longitude": -100.32849 }, "geometry": { "type": "Point", "coordinates": [ -100.32849, 25.650322 ] } },
{ "type": "Feature", "properties": { "sensor_index": 34441, "name": "Callejon de los Ayala", "timestamp": "2026-09-08T23:31:24.880839+00:00", "pm1_0": 2.3, "pm2_5": 4.5, "latitude": 25.6665, "longitude": -100.3976 }, "geometry": { "type": "Point", "coordinates": [ -100.3976, 25.6665 ] } },
{ "type": "Feature", "properties": { "sensor_index": 34499, "name": "San Patricio #106", "timestamp": "2026-09-08T23:31:24.880839+00:00", "pm1_0": 0.6, "pm2_5": 0.9, "latitude": 25.641743, "longitude": -100.3472 }, "geometry": { "type": "Point", "coordinates": [ -100.3472, 25.641743 ] } },
{ "type": "Feature", "properties": { "sensor_index": 34511, "name": "Rosario", "timestamp": "2026-09-08T23:31:24.880839+00:00", "pm1_0": 8.2, "pm2_5": 13.7, "latitude": 25.640432, "longitude": -100.392265 }, "geometry": { "type": "Point", "coordinates": [ -100.392265, 25.640432 ] } },
{ "type": "Feature", "properties": { "sensor_index": 38663, "name": "Rayon Norte", "timestamp": "2026-09-08T23:31:24.880839+00:00", "pm1_0": 14.2, "pm2_5": 19.1, "latitude": 25.678823, "longitude": -100.319695 }, "geometry": { "type": "Point", "coordinates": [ -100.319695, 25.678823 ] } },
{ "type": "Feature", "properties": { "sensor_index": 42211, "name": "RF", "timestamp": "2026-09-08T23:31:24.880839+00:00", "pm1_0": 9.0, "pm2_5": 12.4, "latitude": 25.61638, "longitude": -100.316124 }, "geometry": { "type": "Point", "coordinates": [ -100.316124, 25.61638 ] } },
{ "type": "Feature", "properties": { "sensor_index": 305140, "name": "Bicla", "timestamp": "2026-09-08T23:31:24.880839+00:00", "pm1_0": 16.8, "pm2_5": 22.5, "latitude": 25.700935, "longitude": -100.33541 }, "geometry": { "type": "Point", "coordinates": [ -100.33541, 25.700935 ] } },
{ "type": "Feature", "properties": { "sensor_index": 305164, "name": "NuevaMaderoDave", "timestamp": "2026-09-08T23:31:24.880839+00:00", "pm1_0": 15.0, "pm2_5": 19.8, "latitude": 25.688787, "longitude": -100.27929 }, "geometry": { "type": "Point", "coordinates": [ -100.27929, 25.688787 ] } },
{ "type": "Feature", "properties": { "sensor_index": 305192, "name": "11a avenida cumbres 1 sector", "timestamp": "2026-09-08T23:31:24.880839+00:00", "pm1_0": 15.2, "pm2_5": 18.9, "latitude": 25.69958, "longitude": -100.35898 }, "geometry": { "type": "Point", "coordinates": [ -100.35898, 25.69958 ] } },
{ "type": "Feature", "properties": { "sensor_index": 305232, "name": "PurpleAir Ancira Mty", "timestamp": "2026-09-08T23:31:24.880839+00:00", "pm1_0": 17.2, "pm2_5": 21.6, "latitude": 25.651157, "longitude": -100.3062 }, "geometry": { "type": "Point", "coordinates": [ -100.3062, 25.651157 ] } },
{ "type": "Feature", "properties": { "sensor_index": 43627, "name": "Liceo de Monterrey Rosemont", "timestamp": "2026-09-08T23:31:24.880839+00:00", "pm1_0": 13.8, "pm2_5": 15.5, "latitude": 25.67425, "longitude": -100.35398 }, "geometry": { "type": "Point", "coordinates": [ -100.35398, 25.67425 ] } },
{ "type": "Feature", "properties": { "sensor_index": 45769, "name": "Huascaran", "timestamp": "2026-09-08T23:31:24.880839+00:00", "pm1_0": 8.4, "pm2_5": 12.1, "latitude": 25.637255, "longitude": -100.399216 }, "geometry": { "type": "Point", "coordinates": [ -100.399216, 25.637255 ] } },
{ "type": "Feature", "properties": { "sensor_index": 308956, "name": "Jardín de las carreras", "timestamp": "2026-09-08T23:31:24.880839+00:00", "pm1_0": 14.9, "pm2_5": 19.2, "latitude": 25.650595, "longitude": -100.289 }, "geometry": { "type": "Point", "coordinates": [ -100.289, 25.650595 ] } },
{ "type": "Feature", "properties": { "sensor_index": 49949, "name": "El Horizonte", "timestamp": "2026-09-08T23:31:24.880839+00:00", "pm1_0": 9.8, "pm2_5": 15.6, "latitude": 25.677492, "longitude": -100.29761 }, "geometry": { "type": "Point", "coordinates": [ -100.29761, 25.677492 ] } },
{ "type": "Feature", "properties": { "sensor_index": 50555, "name": "Treviño", "timestamp": "2026-09-08T23:31:24.880839+00:00", "pm1_0": 0.0, "pm2_5": 0.0, "latitude": 25.638243, "longitude": -100.36743 }, "geometry": { "type": "Point", "coordinates": [ -100.36743, 25.638243 ] } },
{ "type": "Feature", "properties": { "sensor_index": 50871, "name": "TEC Garza Laguera", "timestamp": "2026-09-08T23:31:24.880839+00:00", "pm1_0": 11.8, "pm2_5": 17.2, "latitude": 25.61827, "longitude": -100.27293 }, "geometry": { "type": "Point", "coordinates": [ -100.27293, 25.61827 ] } },
{ "type": "Feature", "properties": { "sensor_index": 321194, "name": "Ramsesgs", "timestamp": "2026-09-08T23:31:24.880839+00:00", "pm1_0": 15.4, "pm2_5": 19.4, "latitude": 25.61975, "longitude": -100.29781 }, "geometry": { "type": "Point", "coordinates": [ -100.29781, 25.61975 ] } },
{ "type": "Feature", "properties": { "sensor_index": 119937, "name": "Grupo Reforma Cumbres", "timestamp": "2026-09-08T23:31:24.880839+00:00", "pm1_0": 4.0, "pm2_5": 7.0, "latitude": 25.71012, "longitude": -100.37474 }, "geometry": { "type": "Point", "coordinates": [ -100.37474, 25.71012 ] } },
{ "type": "Feature", "properties": { "sensor_index": 119965, "name": "Grupo Reforma El Norte", "timestamp": "2026-09-08T23:31:24.880839+00:00", "pm1_0": 9.7, "pm2_5": 14.0, "latitude": 25.674164, "longitude": -100.30816 }, "geometry": { "type": "Point", "coordinates": [ -100.30816, 25.674164 ] } },
{ "type": "Feature", "properties": { "sensor_index": 121825, "name": "Grupo Reforma Sierra Madre", "timestamp": "2026-09-08T23:31:24.880839+00:00", "pm1_0": 3260.7, "pm2_5": 3260.7, "latitude": 25.663378, "longitude": -100.36808 }, "geometry": { "type": "Point", "coordinates": [ -100.36808, 25.663378 ] } },
{ "type": "Feature", "properties": { "sensor_index": 136522, "name": "Bosques de La Pastora", "timestamp": "2026-09-08T23:31:24.880839+00:00", "pm1_0": 4.0, "pm2_5": 7.0, "latitude": 25.65773, "longitude": -100.251625 }, "geometry": { "type": "Point", "coordinates": [ -100.251625, 25.65773 ] } },
{ "type": "Feature", "properties": { "sensor_index": 147010, "name": "Santa Barbara", "timestamp": "2026-09-08T23:31:24.880839+00:00", "pm1_0": 8.7, "pm2_5": 11.9, "latitude": 25.661701, "longitude": -100.38932 }, "geometry": { "type": "Point", "coordinates": [ -100.38932, 25.661701 ] } },
{ "type": "Feature", "properties": { "sensor_index": 174781, "name": "Colegio Cambridge de Monterrey Campus Mitras", "timestamp": "2026-09-08T23:31:24.880839+00:00", "pm1_0": 14.9, "pm2_5": 17.8, "latitude": 25.696613, "longitude": -100.348114 }, "geometry": { "type": "Point", "coordinates": [ -100.348114, 25.696613 ] } },
{ "type": "Feature", "properties": { "sensor_index": 174787, "name": "Colegio Cambridge de Monterrey Campus Norte", "timestamp": "2026-09-08T23:31:24.880839+00:00", "pm1_0": 15.1, "pm2_5": 16.6, "latitude": 25.779613, "longitude": -100.28022 }, "geometry": { "type": "Point", "coordinates": [ -100.28022, 25.779613 ] } },
{ "type": "Feature", "properties": { "sensor_index": 189431, "name": "BEA", "timestamp": "2026-09-08T23:31:24.880839+00:00", "pm1_0": 11.7, "pm2_5": 17.5, "latitude": 25.65725, "longitude": -100.35996 }, "geometry": { "type": "Point", "coordinates": [ -100.35996, 25.65725 ] } },
{ "type": "Feature", "properties": { "sensor_index": 189435, "name": "Olinalá", "timestamp": "2026-09-08T23:31:24.880839+00:00", "pm1_0": 9.4, "pm2_5": 14.9, "latitude": 25.618986, "longitude": -100.37645 }, "geometry": { "type": "Point", "coordinates": [ -100.37645, 25.618986 ] } },
{ "type": "Feature", "properties": { "sensor_index": 189447, "name": "Río Amazonas NO", "timestamp": "2026-09-08T23:31:24.880839+00:00", "pm1_0": 14.7, "pm2_5": 20.3, "latitude": 25.662104, "longitude": -100.37172 }, "geometry": { "type": "Point", "coordinates": [ -100.37172, 25.662104 ] } },
{ "type": "Feature", "properties": { "sensor_index": 189455, "name": "CHIPINQUE CAV", "timestamp": "2026-09-08T23:31:24.880839+00:00", "pm1_0": 9.5, "pm2_5": 16.0, "latitude": 25.618307, "longitude": -100.359955 }, "geometry": { "type": "Point", "coordinates": [ -100.359955, 25.618307 ] } },
{ "type": "Feature", "properties": { "sensor_index": 189469, "name": "Hospital Zambran Hellion TecSalud", "timestamp": "2026-09-08T23:31:24.880839+00:00", "pm1_0": 12.2, "pm2_5": 18.5, "latitude": 25.64684, "longitude": -100.33364 }, "geometry": { "type": "Point", "coordinates": [ -100.33364, 25.64684 ] } },
{ "type": "Feature", "properties": { "sensor_index": 208785, "name": "Colegio Cambridge de Monterrey Campus Anáhuac", "timestamp": "2026-09-08T23:31:24.880839+00:00", "pm1_0": 15.4, "pm2_5": 18.0, "latitude": 25.77144, "longitude": -100.26785 }, "geometry": { "type": "Point", "coordinates": [ -100.26785, 25.77144 ] } },
{ "type": "Feature", "properties": { "sensor_index": 209147, "name": "Rincon de San Jeronimo", "timestamp": "2026-09-08T23:31:24.880839+00:00", "pm1_0": 11.6, "pm2_5": 16.9, "latitude": 25.691032, "longitude": -100.375786 }, "geometry": { "type": "Point", "coordinates": [ -100.375786, 25.691032 ] } },
{ "type": "Feature", "properties": { "sensor_index": 227879, "name": "Rectoria", "timestamp": "2026-09-08T23:31:24.880839+00:00", "pm1_0": 12.6, "pm2_5": 16.0, "latitude": 25.651268, "longitude": -100.291214 }, "geometry": { "type": "Point", "coordinates": [ -100.291214, 25.651268 ] } },
{ "type": "Feature", "properties": { "sensor_index": 227887, "name": "Sensor_Purple_Air-Explanada_EGP-Entrada_Prin", "timestamp": "2026-09-08T23:31:24.880839+00:00", "pm1_0": 13.7, "pm2_5": 16.9, "latitude": 25.64419, "longitude": -100.3255 }, "geometry": { "type": "Point", "coordinates": [ -100.3255, 25.64419 ] } },
{ "type": "Feature", "properties": { "sensor_index": 227889, "name": "Parque central", "timestamp": "2026-09-08T23:31:24.880839+00:00", "pm1_0": 10.8, "pm2_5": 12.4, "latitude": 25.652395, "longitude": -100.28713 }, "geometry": { "type": "Point", "coordinates": [ -100.28713, 25.652395 ] } },
{ "type": "Feature", "properties": { "sensor_index": 227907, "name": "Estacionamiento Alumnos", "timestamp": "2026-09-08T23:31:24.880839+00:00", "pm1_0": 12.8, "pm2_5": 15.8, "latitude": 25.744081, "longitude": -100.28277 }, "geometry": { "type": "Point", "coordinates": [ -100.28277, 25.744081 ] } },
{ "type": "Feature", "properties": { "sensor_index": 227913, "name": "EGADE-Sombrillas", "timestamp": "2026-09-08T23:31:24.880839+00:00", "pm1_0": 15.4, "pm2_5": 19.8, "latitude": 25.643106, "longitude": -100.32573 }, "geometry": { "type": "Point", "coordinates": [ -100.32573, 25.643106 ] } },
{ "type": "Feature", "properties": { "sensor_index": 228003, "name": "EGL-Jardín Robótica", "timestamp": "2026-09-08T23:31:24.880839+00:00", "pm1_0": 13.6, "pm2_5": 17.3, "latitude": 25.61803, "longitude": -100.27554 }, "geometry": { "type": "Point", "coordinates": [ -100.27554, 25.61803 ] } },
{ "type": "Feature", "properties": { "sensor_index": 228001, "name": "C-MTY Explanada 2", "timestamp": "2026-09-08T23:31:24.880839+00:00", "pm1_0": 17.6, "pm2_5": 22.7, "latitude": 25.656332, "longitude": -100.20696 }, "geometry": { "type": "Point", "coordinates": [ -100.20696, 25.656332 ] } },
{ "type": "Feature", "properties": { "sensor_index": 228383, "name": "Estadio Banorte", "timestamp": "2026-09-08T23:31:24.880839+00:00", "pm1_0": 15.3, "pm2_5": 18.6, "latitude": 25.654228, "longitude": -100.28651 }, "geometry": { "type": "Point", "coordinates": [ -100.28651, 25.654228 ] } },
{ "type": "Feature", "properties": { "sensor_index": 228381, "name": "C-MTY RAMPA CAFETERÍA", "timestamp": "2026-09-08T23:31:24.880839+00:00", "pm1_0": 13.4, "pm2_5": 18.0, "latitude": 25.628263, "longitude": -100.30376 }, "geometry": { "type": "Point", "coordinates": [ -100.30376, 25.628263 ] } },
{ "type": "Feature", "properties": { "sensor_index": 228389, "name": "PEGS-Sensor-Canchas", "timestamp": "2026-09-08T23:31:24.880839+00:00", "pm1_0": 15.3, "pm2_5": 17.7, "latitude": 25.670425, "longitude": -100.35683 }, "geometry": { "type": "Point", "coordinates": [ -100.35683, 25.670425 ] } },
{ "type": "Feature", "properties": { "sensor_index": 228407, "name": "CEDES", "timestamp": "2026-09-08T23:31:24.880839+00:00", "pm1_0": 12.5, "pm2_5": 14.4, "latitude": 25.653677, "longitude": -100.29242 }, "geometry": { "type": "Point", "coordinates": [ -100.29242, 25.653677 ] } },
{ "type": "Feature", "properties": { "sensor_index": 278863, "name": "Rio Balsas", "timestamp": "2026-09-08T23:49:25.637575+00:00", "pm1_0": 14.0, "pm2_5": 18.0, "latitude": 25.662691, "longitude": -100.37312 }, "geometry": { "type": "Point", "coordinates": [ -100.37312, 25.662691 ] } },
{ "type": "Feature", "properties": { "sensor_index": 278869, "name": "Veredalta", "timestamp": "2026-09-08T23:49:25.637575+00:00", "pm1_0": 13.0, "pm2_5": 16.5, "latitude": 25.638226, "longitude": -100.3525 }, "geometry": { "type": "Point", "coordinates": [ -100.3525, 25.638226 ] } },
{ "type": "Feature", "properties": { "sensor_index": 278871, "name": "Parroquia Reina de Los Ángeles", "timestamp": "2026-09-08T23:49:25.637575+00:00", "pm1_0": 13.3, "pm2_5": 21.0, "latitude": 25.636341, "longitude": -100.36872 }, "geometry": { "type": "Point", "coordinates": [ -100.36872, 25.636341 ] } },
{ "type": "Feature", "properties": { "sensor_index": 278875, "name": "Secretaría de Relaciones Exteriores", "timestamp": "2026-09-08T23:49:25.637575+00:00", "pm1_0": 13.6, "pm2_5": 17.8, "latitude": 25.667723, "longitude": -100.38136 }, "geometry": { "type": "Point", "coordinates": [ -100.38136, 25.667723 ] } },
{ "type": "Feature", "properties": { "sensor_index": 278883, "name": "Mater International Institute", "timestamp": "2026-09-08T23:49:25.637575+00:00", "pm1_0": 13.0, "pm2_5": 16.9, "latitude": 25.641127, "longitude": -100.362755 }, "geometry": { "type": "Point", "coordinates": [ -100.362755, 25.641127 ] } },
{ "type": "Feature", "properties": { "sensor_index": 278889, "name": "Chipinque Meseta", "timestamp": "2026-09-08T23:49:25.637575+00:00", "pm1_0": 9.0, "pm2_5": 13.2, "latitude": 25.607624, "longitude": -100.355156 }, "geometry": { "type": "Point", "coordinates": [ -100.355156, 25.607624 ] } },
{ "type": "Feature", "properties": { "sensor_index": 278901, "name": "OFICINAS SAN PEDRO PARQUES", "timestamp": "2026-09-08T23:49:25.637575+00:00", "pm1_0": 13.9, "pm2_5": 16.9, "latitude": 25.644024, "longitude": -100.376305 }, "geometry": { "type": "Point", "coordinates": [ -100.376305, 25.644024 ] } },
{ "type": "Feature", "properties": { "sensor_index": 278919, "name": "Residencia Tabachín", "timestamp": "2026-09-08T23:49:25.637575+00:00", "pm1_0": 11.6, "pm2_5": 15.6, "latitude": 25.630367, "longitude": -100.34808 }, "geometry": { "type": "Point", "coordinates": [ -100.34808, 25.630367 ] } },
{ "type": "Feature", "properties": { "sensor_index": 278929, "name": "Rio Caura", "timestamp": "2026-09-08T23:49:25.637575+00:00", "pm1_0": 13.4, "pm2_5": 18.2, "latitude": 25.659946, "longitude": -100.38283 }, "geometry": { "type": "Point", "coordinates": [ -100.38283, 25.659946 ] } },
{ "type": "Feature", "properties": { "sensor_index": 278931, "name": "Residencia Platon", "timestamp": "2026-09-08T23:49:25.637575+00:00", "pm1_0": 14.0, "pm2_5": 18.3, "latitude": 25.630522, "longitude": -100.36023 }, "geometry": { "type": "Point", "coordinates": [ -100.36023, 25.630522 ] } },
{ "type": "Feature", "properties": { "sensor_index": 278937, "name": "Residencia Saqqara", "timestamp": "2026-09-08T23:49:25.637575+00:00", "pm1_0": 12.6, "pm2_5": 17.0, "latitude": 25.652473, "longitude": -100.349236 }, "geometry": { "type": "Point", "coordinates": [ -100.349236, 25.652473 ] } },
{ "type": "Feature", "properties": { "sensor_index": 278939, "name": "Residencia Rio Rosas", "timestamp": "2026-09-08T23:49:25.637575+00:00", "pm1_0": 12.9, "pm2_5": 16.8, "latitude": 25.656303, "longitude": -100.36027 }, "geometry": { "type": "Point", "coordinates": [ -100.36027, 25.656303 ] } },
{ "type": "Feature", "properties": { "sensor_index": 278951, "name": "Parque El Capitán", "timestamp": "2026-09-08T23:49:25.637575+00:00", "pm1_0": 14.2, "pm2_5": 18.4, "latitude": 25.663504, "longitude": -100.35734 }, "geometry": { "type": "Point", "coordinates": [ -100.35734, 25.663504 ] } },
{ "type": "Feature", "properties": { "sensor_index": 278957, "name": "Los Pinos", "timestamp": "2026-09-08T23:49:25.637575+00:00", "pm1_0": 10.2, "pm2_5": 14.3, "latitude": 25.672205, "longitude": -100.397354 }, "geometry": { "type": "Point", "coordinates": [ -100.397354, 25.672205 ] } },
{ "type": "Feature", "properties": { "sensor_index": 278959, "name": "Colegio Nobel", "timestamp": "2026-09-08T23:49:25.637575+00:00", "pm1_0": 12.0, "pm2_5": 16.5, "latitude": 25.657562, "longitude": -100.39641 }, "geometry": { "type": "Point", "coordinates": [ -100.39641, 25.657562 ] } },
{ "type": "Feature", "properties": { "sensor_index": 278955, "name": "Residencia San Mateo", "timestamp": "2026-09-08T23:49:25.637575+00:00", "pm1_0": 11.9, "pm2_5": 14.6, "latitude": 25.643766, "longitude": -100.31643 }, "geometry": { "type": "Point", "coordinates": [ -100.31643, 25.643766 ] } },
{ "type": "Feature", "properties": { "sensor_index": 279836, "name": "San Roberto International School San Agustin", "timestamp": "2026-09-08T23:49:25.637575+00:00", "pm1_0": 13.3, "pm2_5": 17.6, "latitude": 25.646032, "longitude": -100.338165 }, "geometry": { "type": "Point", "coordinates": [ -100.338165, 25.646032 ] } },
{ "type": "Feature", "properties": { "sensor_index": 279834, "name": "Colegio Ingles Campus Encino", "timestamp": "2026-09-08T23:49:25.637575+00:00", "pm1_0": 15.1, "pm2_5": 19.1, "latitude": 25.637669, "longitude": -100.33746 }, "geometry": { "type": "Point", "coordinates": [ -100.33746, 25.637669 ] } },
{ "type": "Feature", "properties": { "sensor_index": 279854, "name": "Pinos", "timestamp": "2026-09-08T23:49:25.637575+00:00", "pm1_0": 109.5, "pm2_5": 111.4, "latitude": 25.65975, "longitude": -100.349976 }, "geometry": { "type": "Point", "coordinates": [ -100.349976, 25.65975 ] } },
{ "type": "Feature", "properties": { "sensor_index": 279866, "name": "Lomas del Campestre", "timestamp": "2026-09-08T23:49:25.637575+00:00", "pm1_0": 14.3, "pm2_5": 18.1, "latitude": 25.638052, "longitude": -100.33173 }, "geometry": { "type": "Point", "coordinates": [ -100.33173, 25.638052 ] } },
{ "type": "Feature", "properties": { "sensor_index": 279890, "name": "María Desatadora de Nudos", "timestamp": "2026-09-08T23:49:25.637575+00:00", "pm1_0": 12.4, "pm2_5": 15.5, "latitude": 25.624146, "longitude": -100.37315 }, "geometry": { "type": "Point", "coordinates": [ -100.37315, 25.624146 ] } },
{ "type": "Feature", "properties": { "sensor_index": 279926, "name": "Parque Mississippi", "timestamp": "2026-09-08T23:49:25.637575+00:00", "pm1_0": 14.3, "pm2_5": 17.1, "latitude": 25.657495, "longitude": -100.36317 }, "geometry": { "type": "Point", "coordinates": [ -100.36317, 25.657495 ] } },
{ "type": "Feature", "properties": { "sensor_index": 280524, "name": "Privada Paso de la Sierra", "timestamp": "2026-09-08T23:49:25.637575+00:00", "pm1_0": 13.1, "pm2_5": 15.8, "latitude": 25.648457, "longitude": -100.36256 }, "geometry": { "type": "Point", "coordinates": [ -100.36256, 25.648457 ] } },
{ "type": "Feature", "properties": { "sensor_index": 280520, "name": "Irish International School Campus First School", "timestamp": "2026-09-08T23:49:25.637575+00:00", "pm1_0": 14.4, "pm2_5": 17.1, "latitude": 25.639212, "longitude": -100.34154 }, "geometry": { "type": "Point", "coordinates": [ -100.34154, 25.639212 ] } },
{ "type": "Feature", "properties": { "sensor_index": 280532, "name": "Museo La Milarca", "timestamp": "2026-09-08T23:49:25.637575+00:00", "pm1_0": 14.2, "pm2_5": 17.3, "latitude": 25.64443, "longitude": -100.32734 }, "geometry": { "type": "Point", "coordinates": [ -100.32734, 25.64443 ] } },
{ "type": "Feature", "properties": { "sensor_index": 280534, "name": "Residencia Savotino", "timestamp": "2026-09-08T23:49:25.637575+00:00", "pm1_0": 14.6, "pm2_5": 18.3, "latitude": 25.662497, "longitude": -100.36313 }, "geometry": { "type": "Point", "coordinates": [ -100.36313, 25.662497 ] } },
{ "type": "Feature", "properties": { "sensor_index": 280644, "name": "Residencia nogal", "timestamp": "2026-09-08T23:49:25.637575+00:00", "pm1_0": 9.5, "pm2_5": 13.4, "latitude": 25.61478, "longitude": -100.368286 }, "geometry": { "type": "Point", "coordinates": [ -100.368286, 25.61478 ] } },
{ "type": "Feature", "properties": { "sensor_index": 280900, "name": "Rio Necaxa", "timestamp": "2026-09-08T23:49:25.637575+00:00", "pm1_0": 15.4, "pm2_5": 19.8, "latitude": 25.65677, "longitude": -100.344666 }, "geometry": { "type": "Point", "coordinates": [ -100.344666, 25.65677 ] } },
{ "type": "Feature", "properties": { "sensor_index": 280902, "name": "Residencia Rio Pesqueria", "timestamp": "2026-09-08T23:49:25.637575+00:00", "pm1_0": 14.1, "pm2_5": 16.9, "latitude": 25.658936, "longitude": -100.37394 }, "geometry": { "type": "Point", "coordinates": [ -100.37394, 25.658936 ] } },
{ "type": "Feature", "properties": { "sensor_index": 284960, "name": "Esquina Barranquilla y Patagonia (Altavista)", "timestamp": "2026-09-08T23:49:25.637575+00:00", "pm1_0": 18.8, "pm2_5": 22.5, "latitude": 25.644045, "longitude": -100.29044 }, "geometry": { "type": "Point", "coordinates": [ -100.29044, 25.644045 ] } },
{ "type": "Feature", "properties": { "sensor_index": 286238, "name": "Oasis", "timestamp": "2026-09-08T23:49:25.637575+00:00", "pm1_0": 20.0, "pm2_5": 24.5, "latitude": 25.640884, "longitude": -100.30304 }, "geometry": { "type": "Point", "coordinates": [ -100.30304, 25.640884 ] } },
{ "type": "Feature", "properties": { "sensor_index": 286240, "name": "Casa Naranjos", "timestamp": "2026-09-08T23:49:25.637575+00:00", "pm1_0": 13.3, "pm2_5": 16.0, "latitude": 25.654285, "longitude": -100.28977 }, "geometry": { "type": "Point", "coordinates": [ -100.28977, 25.654285 ] } },
{ "type": "Feature", "properties": { "sensor_index": 288064, "name": "Terminal", "timestamp": "2026-09-08T23:49:25.637575+00:00", "pm1_0": 15.0, "pm2_5": 18.2, "latitude": 25.686438, "longitude": -100.29351 }, "geometry": { "type": "Point", "coordinates": [ -100.29351, 25.686438 ] } },
{ "type": "Feature", "properties": { "sensor_index": 288066, "name": "Hospital de San Vicente", "timestamp": "2026-09-08T23:49:25.637575+00:00", "pm1_0": 17.5, "pm2_5": 20.2, "latitude": 25.67851, "longitude": -100.324974 }, "geometry": { "type": "Point", "coordinates": [ -100.324974, 25.67851 ] } },
{ "type": "Feature", "properties": { "sensor_index": 288332, "name": "Facultad de Salud Pública y Nutrición", "timestamp": "2026-09-08T23:49:25.637575+00:00", "pm1_0": 15.4, "pm2_5": 19.7, "latitude": 25.688875, "longitude": -100.34783 }, "geometry": { "type": "Point", "coordinates": [ -100.34783, 25.688875 ] } },
{ "type": "Feature", "properties": { "sensor_index": 292893, "name": "TEC-AMM-RB-005", "timestamp": "2026-09-08T23:49:25.637575+00:00", "pm1_0": 13.1, "pm2_5": 16.5, "latitude": 25.658117, "longitude": -100.26312 }, "geometry": { "type": "Point", "coordinates": [ -100.26312, 25.658117 ] } },
{ "type": "Feature", "properties": { "sensor_index": 292895, "name": "TEC-AMM-RD-004", "timestamp": "2026-09-08T23:49:25.637575+00:00", "pm1_0": 16.6, "pm2_5": 20.2, "latitude": 25.774128, "longitude": -100.26622 }, "geometry": { "type": "Point", "coordinates": [ -100.26622, 25.774128 ] } },
{ "type": "Feature", "properties": { "sensor_index": 292889, "name": "TEC-AMM-RB-003", "timestamp": "2026-09-08T23:49:25.637575+00:00", "pm1_0": 14.0, "pm2_5": 17.2, "latitude": 25.654068, "longitude": -100.22748 }, "geometry": { "type": "Point", "coordinates": [ -100.22748, 25.654068 ] } },
{ "type": "Feature", "properties": { "sensor_index": 292891, "name": "TEC-AMM-RC-004", "timestamp": "2026-09-08T23:49:25.637575+00:00", "pm1_0": 16.1, "pm2_5": 18.9, "latitude": 25.639277, "longitude": -100.17398 }, "geometry": { "type": "Point", "coordinates": [ -100.17398, 25.639277 ] } },
{ "type": "Feature", "properties": { "sensor_index": 292901, "name": "TEC-AMM-RF-004", "timestamp": "2026-09-08T23:49:25.637575+00:00", "pm1_0": 11.7, "pm2_5": 13.6, "latitude": 25.738094, "longitude": -100.30651 }, "geometry": { "type": "Point", "coordinates": [ -100.30651, 25.738094 ] } },
{ "type": "Feature", "properties": { "sensor_index": 292901, "name": "TEC-AMM-RF-004", "timestamp": "2026-09-08T23:49:25.637575+00:00", "pm1_0": 11.7, "pm2_5": 13.6, "latitude": 25.73373, "longitude": -100.31656 }, "geometry": { "type": "Point", "coordinates": [ -100.31656, 25.73373 ] } },
{ "type": "Feature", "properties": { "sensor_index": 292897, "name": "TEC-AMM-RF-005", "timestamp": "2026-09-08T23:49:25.637575+00:00", "pm1_0": 20.6, "pm2_5": 26.7, "latitude": 25.770947, "longitude": -100.36825 }, "geometry": { "type": "Point", "coordinates": [ -100.36825, 25.770947 ] } },
{ "type": "Feature", "properties": { "sensor_index": 292905, "name": "TEC-AMM-RC-006", "timestamp": "2026-09-08T23:49:25.637575+00:00", "pm1_0": 15.4, "pm2_5": 18.5, "latitude": 25.608519, "longitude": -100.1551 }, "geometry": { "type": "Point", "coordinates": [ -100.1551, 25.608519 ] } },
{ "type": "Feature", "properties": { "sensor_index": 292941, "name": "TEC-AMM-RD-005", "timestamp": "2026-09-08T23:49:25.637575+00:00", "pm1_0": 8.8, "pm2_5": 11.6, "latitude": 25.760899, "longitude": -100.16765 }, "geometry": { "type": "Point", "coordinates": [ -100.16765, 25.760899 ] } },
{ "type": "Feature", "properties": { "sensor_index": 292943, "name": "TEC-AMM-RC-005", "timestamp": "2026-09-08T23:49:25.637575+00:00", "pm1_0": 19.0, "pm2_5": 23.4, "latitude": 25.646128, "longitude": -100.14929 }, "geometry": { "type": "Point", "coordinates": [ -100.14929, 25.646128 ] } },
{ "type": "Feature", "properties": { "sensor_index": 292939, "name": "TEC-AMM-RA-001", "timestamp": "2026-09-08T23:49:25.637575+00:00", "pm1_0": 13.8, "pm2_5": 17.4, "latitude": 25.658657, "longitude": -100.399 }, "geometry": { "type": "Point", "coordinates": [ -100.399, 25.658657 ] } },
{ "type": "Feature", "properties": { "sensor_index": 292949, "name": "TEC-AMM-RA-003", "timestamp": "2026-09-08T23:49:25.637575+00:00", "pm1_0": 13.9, "pm2_5": 17.0, "latitude": 25.661757, "longitude": -100.36972 }, "geometry": { "type": "Point", "coordinates": [ -100.36972, 25.661757 ] } },
{ "type": "Feature", "properties": { "sensor_index": 292951, "name": "TEC-AMM-RB-004", "timestamp": "2026-09-08T23:49:25.637575+00:00", "pm1_0": 14.2, "pm2_5": 18.3, "latitude": 25.66194, "longitude": -100.3313 }, "geometry": { "type": "Point", "coordinates": [ -100.3313, 25.66194 ] } },
{ "type": "Feature", "properties": { "sensor_index": 292947, "name": "TEC-AMM-RA-004", "timestamp": "2026-09-08T23:49:25.637575+00:00", "pm1_0": 15.8, "pm2_5": 19.1, "latitude": 25.684696, "longitude": -100.36298 }, "geometry": { "type": "Point", "coordinates": [ -100.36298, 25.684696 ] } },
{ "type": "Feature", "properties": { "sensor_index": 292957, "name": "TEC-AMM-RC-008", "timestamp": "2026-09-08T23:49:25.637575+00:00", "pm1_0": 22.2, "pm2_5": 29.7, "latitude": 25.731503, "longitude": -100.13724 }, "geometry": { "type": "Point", "coordinates": [ -100.13724, 25.731503 ] } },
{ "type": "Feature", "properties": { "sensor_index": 292973, "name": "TEC-AMM-RC-003", "timestamp": "2026-09-08T23:49:25.637575+00:00", "pm1_0": 16.8, "pm2_5": 21.4, "latitude": 25.684975, "longitude": -100.17443 }, "geometry": { "type": "Point", "coordinates": [ -100.17443, 25.684975 ] } },
{ "type": "Feature", "properties": { "sensor_index": 292983, "name": "TEC-AMM-RC-007", "timestamp": "2026-09-08T23:49:25.637575+00:00", "pm1_0": 17.7, "pm2_5": 24.9, "latitude": 25.650148, "longitude": -100.11657 }, "geometry": { "type": "Point", "coordinates": [ -100.11657, 25.650148 ] } },
{ "type": "Feature", "properties": { "sensor_index": 292997, "name": "TEC-AMM-RF-004", "timestamp": "2026-09-08T23:49:25.637575+00:00", "pm1_0": 15.2, "pm2_5": 19.2, "latitude": 25.738094, "longitude": -100.30651 }, "geometry": { "type": "Point", "coordinates": [ -100.30651, 25.738094 ] } },
{ "type": "Feature", "properties": { "sensor_index": 292997, "name": "TEC-AMM-RF-004", "timestamp": "2026-09-08T23:49:25.637575+00:00", "pm1_0": 15.2, "pm2_5": 19.2, "latitude": 25.73373, "longitude": -100.31656 }, "geometry": { "type": "Point", "coordinates": [ -100.31656, 25.73373 ] } },
{ "type": "Feature", "properties": { "sensor_index": 292999, "name": "TEC-AMM-RE-002", "timestamp": "2026-09-08T23:49:25.637575+00:00", "pm1_0": 14.4, "pm2_5": 17.9, "latitude": 25.772509, "longitude": -100.31119 }, "geometry": { "type": "Point", "coordinates": [ -100.31119, 25.772509 ] } },
{ "type": "Feature", "properties": { "sensor_index": 293001, "name": "TEC-AMM-RF-006", "timestamp": "2026-09-08T23:49:25.637575+00:00", "pm1_0": 15.6, "pm2_5": 20.1, "latitude": 25.71829, "longitude": -100.37077 }, "geometry": { "type": "Point", "coordinates": [ -100.37077, 25.71829 ] } },
{ "type": "Feature", "properties": { "sensor_index": 293003, "name": "TEC-AMM-RB-006", "timestamp": "2026-09-08T23:49:25.637575+00:00", "pm1_0": 13.7, "pm2_5": 17.3, "latitude": 25.676483, "longitude": -100.29272 }, "geometry": { "type": "Point", "coordinates": [ -100.29272, 25.676483 ] } },
{ "type": "Feature", "properties": { "sensor_index": 293469, "name": "Leon Ortigosa ABP", "timestamp": "2026-09-08T23:49:25.637575+00:00", "pm1_0": 14.4, "pm2_5": 19.0, "latitude": 25.67212, "longitude": -100.33521 }, "geometry": { "type": "Point", "coordinates": [ -100.33521, 25.67212 ] } },
{ "type": "Feature", "properties": { "sensor_index": 293465, "name": "Loma Larga", "timestamp": "2026-09-08T23:49:25.637575+00:00", "pm1_0": 14.9, "pm2_5": 19.0, "latitude": 25.665812, "longitude": -100.34373 }, "geometry": { "type": "Point", "coordinates": [ -100.34373, 25.665812 ] } },
{ "type": "Feature", "properties": { "sensor_index": 293467, "name": "UMF37", "timestamp": "2026-09-08T23:49:25.637575+00:00", "pm1_0": 13.6, "pm2_5": 17.4, "latitude": 25.687622, "longitude": -100.342964 }, "geometry": { "type": "Point", "coordinates": [ -100.342964, 25.687622 ] } },
{ "type": "Feature", "properties": { "sensor_index": 33027, "name": "Lagos del Bosque", "timestamp": "2026-09-08T23:49:25.637575+00:00", "pm1_0": 6.3, "pm2_5": 9.1, "latitude": 25.600061, "longitude": -100.26256 }, "geometry": { "type": "Point", "coordinates": [ -100.26256, 25.600061 ] } },
{ "type": "Feature", "properties": { "sensor_index": 33117, "name": "Liceo de Monterrey", "timestamp": "2026-09-08T23:49:25.637575+00:00", "pm1_0": 17.4, "pm2_5": 25.6, "latitude": 25.650322, "longitude": -100.32849 }, "geometry": { "type": "Point", "coordinates": [ -100.32849, 25.650322 ] } },
{ "type": "Feature", "properties": { "sensor_index": 34441, "name": "Callejon de los Ayala", "timestamp": "2026-09-08T23:49:25.637575+00:00", "pm1_0": 2.2, "pm2_5": 4.3, "latitude": 25.6665, "longitude": -100.3976 }, "geometry": { "type": "Point", "coordinates": [ -100.3976, 25.6665 ] } },
{ "type": "Feature", "properties": { "sensor_index": 34499, "name": "San Patricio #106", "timestamp": "2026-09-08T23:49:25.637575+00:00", "pm1_0": 0.0, "pm2_5": 0.0, "latitude": 25.641743, "longitude": -100.3472 }, "geometry": { "type": "Point", "coordinates": [ -100.3472, 25.641743 ] } },
{ "type": "Feature", "properties": { "sensor_index": 34511, "name": "Rosario", "timestamp": "2026-09-08T23:49:25.637575+00:00", "pm1_0": 7.3, "pm2_5": 12.3, "latitude": 25.640432, "longitude": -100.392265 }, "geometry": { "type": "Point", "coordinates": [ -100.392265, 25.640432 ] } },
{ "type": "Feature", "properties": { "sensor_index": 38663, "name": "Rayon Norte", "timestamp": "2026-09-08T23:49:25.637575+00:00", "pm1_0": 14.2, "pm2_5": 19.1, "latitude": 25.678823, "longitude": -100.319695 }, "geometry": { "type": "Point", "coordinates": [ -100.319695, 25.678823 ] } },
{ "type": "Feature", "properties": { "sensor_index": 42211, "name": "RF", "timestamp": "2026-09-08T23:49:25.637575+00:00", "pm1_0": 7.9, "pm2_5": 11.7, "latitude": 25.61638, "longitude": -100.316124 }, "geometry": { "type": "Point", "coordinates": [ -100.316124, 25.61638 ] } },
{ "type": "Feature", "properties": { "sensor_index": 305140, "name": "Bicla", "timestamp": "2026-09-08T23:49:25.637575+00:00", "pm1_0": 16.0, "pm2_5": 21.3, "latitude": 25.700935, "longitude": -100.33541 }, "geometry": { "type": "Point", "coordinates": [ -100.33541, 25.700935 ] } },
{ "type": "Feature", "properties": { "sensor_index": 305164, "name": "NuevaMaderoDave", "timestamp": "2026-09-08T23:49:25.637575+00:00", "pm1_0": 13.5, "pm2_5": 17.3, "latitude": 25.688787, "longitude": -100.27929 }, "geometry": { "type": "Point", "coordinates": [ -100.27929, 25.688787 ] } },
{ "type": "Feature", "properties": { "sensor_index": 305192, "name": "11a avenida cumbres 1 sector", "timestamp": "2026-09-08T23:49:25.637575+00:00", "pm1_0": 14.6, "pm2_5": 18.7, "latitude": 25.69958, "longitude": -100.35898 }, "geometry": { "type": "Point", "coordinates": [ -100.35898, 25.69958 ] } },
{ "type": "Feature", "properties": { "sensor_index": 305232, "name": "PurpleAir Ancira Mty", "timestamp": "2026-09-08T23:49:25.637575+00:00", "pm1_0": 16.7, "pm2_5": 21.0, "latitude": 25.651157, "longitude": -100.3062 }, "geometry": { "type": "Point", "coordinates": [ -100.3062, 25.651157 ] } },
{ "type": "Feature", "properties": { "sensor_index": 43627, "name": "Liceo de Monterrey Rosemont", "timestamp": "2026-09-08T23:49:25.637575+00:00", "pm1_0": 31.5, "pm2_5": 33.2, "latitude": 25.67425, "longitude": -100.35398 }, "geometry": { "type": "Point", "coordinates": [ -100.35398, 25.67425 ] } },
{ "type": "Feature", "properties": { "sensor_index": 45769, "name": "Huascaran", "timestamp": "2026-09-08T23:49:25.637575+00:00", "pm1_0": 8.6, "pm2_5": 12.3, "latitude": 25.637255, "longitude": -100.399216 }, "geometry": { "type": "Point", "coordinates": [ -100.399216, 25.637255 ] } },
{ "type": "Feature", "properties": { "sensor_index": 308956, "name": "Jardín de las carreras", "timestamp": "2026-09-08T23:49:25.637575+00:00", "pm1_0": 13.4, "pm2_5": 17.6, "latitude": 25.650595, "longitude": -100.289 }, "geometry": { "type": "Point", "coordinates": [ -100.289, 25.650595 ] } },
{ "type": "Feature", "properties": { "sensor_index": 49949, "name": "El Horizonte", "timestamp": "2026-09-08T23:49:25.637575+00:00", "pm1_0": 10.2, "pm2_5": 15.4, "latitude": 25.677492, "longitude": -100.29761 }, "geometry": { "type": "Point", "coordinates": [ -100.29761, 25.677492 ] } },
{ "type": "Feature", "properties": { "sensor_index": 50555, "name": "Treviño", "timestamp": "2026-09-08T23:49:25.637575+00:00", "pm1_0": 0.0, "pm2_5": 0.0, "latitude": 25.638243, "longitude": -100.36743 }, "geometry": { "type": "Point", "coordinates": [ -100.36743, 25.638243 ] } },
{ "type": "Feature", "properties": { "sensor_index": 50871, "name": "TEC Garza Laguera", "timestamp": "2026-09-08T23:49:25.637575+00:00", "pm1_0": 11.8, "pm2_5": 17.2, "latitude": 25.61827, "longitude": -100.27293 }, "geometry": { "type": "Point", "coordinates": [ -100.27293, 25.61827 ] } },
{ "type": "Feature", "properties": { "sensor_index": 321194, "name": "Ramsesgs", "timestamp": "2026-09-08T23:49:25.637575+00:00", "pm1_0": 15.1, "pm2_5": 19.9, "latitude": 25.61975, "longitude": -100.29781 }, "geometry": { "type": "Point", "coordinates": [ -100.29781, 25.61975 ] } },
{ "type": "Feature", "properties": { "sensor_index": 119937, "name": "Grupo Reforma Cumbres", "timestamp": "2026-09-08T23:49:25.637575+00:00", "pm1_0": 3.3, "pm2_5": 7.2, "latitude": 25.71012, "longitude": -100.37474 }, "geometry": { "type": "Point", "coordinates": [ -100.37474, 25.71012 ] } },
{ "type": "Feature", "properties": { "sensor_index": 119965, "name": "Grupo Reforma El Norte", "timestamp": "2026-09-08T23:49:25.637575+00:00", "pm1_0": 6.2, "pm2_5": 12.0, "latitude": 25.674164, "longitude": -100.30816 }, "geometry": { "type": "Point", "coordinates": [ -100.30816, 25.674164 ] } },
{ "type": "Feature", "properties": { "sensor_index": 121825, "name": "Grupo Reforma Sierra Madre", "timestamp": "2026-09-08T23:49:25.637575+00:00", "pm1_0": 3269.2, "pm2_5": 3269.2, "latitude": 25.663378, "longitude": -100.36808 }, "geometry": { "type": "Point", "coordinates": [ -100.36808, 25.663378 ] } },
{ "type": "Feature", "properties": { "sensor_index": 136522, "name": "Bosques de La Pastora", "timestamp": "2026-09-08T23:49:25.637575+00:00", "pm1_0": 2.6, "pm2_5": 6.2, "latitude": 25.65773, "longitude": -100.251625 }, "geometry": { "type": "Point", "coordinates": [ -100.251625, 25.65773 ] } },
{ "type": "Feature", "properties": { "sensor_index": 147010, "name": "Santa Barbara", "timestamp": "2026-09-08T23:49:25.637575+00:00", "pm1_0": 8.3, "pm2_5": 11.7, "latitude": 25.661701, "longitude": -100.38932 }, "geometry": { "type": "Point", "coordinates": [ -100.38932, 25.661701 ] } },
{ "type": "Feature", "properties": { "sensor_index": 174781, "name": "Colegio Cambridge de Monterrey Campus Mitras", "timestamp": "2026-09-08T23:49:25.637575+00:00", "pm1_0": 17.0, "pm2_5": 21.4, "latitude": 25.696613, "longitude": -100.348114 }, "geometry": { "type": "Point", "coordinates": [ -100.348114, 25.696613 ] } },
{ "type": "Feature", "properties": { "sensor_index": 174787, "name": "Colegio Cambridge de Monterrey Campus Norte", "timestamp": "2026-09-08T23:49:25.637575+00:00", "pm1_0": 14.3, "pm2_5": 15.6, "latitude": 25.779613, "longitude": -100.28022 }, "geometry": { "type": "Point", "coordinates": [ -100.28022, 25.779613 ] } },
{ "type": "Feature", "properties": { "sensor_index": 189431, "name": "BEA", "timestamp": "2026-09-08T23:49:25.637575+00:00", "pm1_0": 11.0, "pm2_5": 16.5, "latitude": 25.65725, "longitude": -100.35996 }, "geometry": { "type": "Point", "coordinates": [ -100.35996, 25.65725 ] } },
{ "type": "Feature", "properties": { "sensor_index": 189435, "name": "Olinalá", "timestamp": "2026-09-08T23:49:25.637575+00:00", "pm1_0": 7.3, "pm2_5": 10.9, "latitude": 25.618986, "longitude": -100.37645 }, "geometry": { "type": "Point", "coordinates": [ -100.37645, 25.618986 ] } },
{ "type": "Feature", "properties": { "sensor_index": 189447, "name": "Río Amazonas NO", "timestamp": "2026-09-08T23:49:25.637575+00:00", "pm1_0": 13.2, "pm2_5": 19.2, "latitude": 25.662104, "longitude": -100.37172 }, "geometry": { "type": "Point", "coordinates": [ -100.37172, 25.662104 ] } },
{ "type": "Feature", "properties": { "sensor_index": 189455, "name": "CHIPINQUE CAV", "timestamp": "2026-09-08T23:49:25.637575+00:00", "pm1_0": 9.7, "pm2_5": 16.0, "latitude": 25.618307, "longitude": -100.359955 }, "geometry": { "type": "Point", "coordinates": [ -100.359955, 25.618307 ] } },
{ "type": "Feature", "properties": { "sensor_index": 189469, "name": "Hospital Zambran Hellion TecSalud", "timestamp": "2026-09-08T23:49:25.637575+00:00", "pm1_0": 11.8, "pm2_5": 17.5, "latitude": 25.64684, "longitude": -100.33364 }, "geometry": { "type": "Point", "coordinates": [ -100.33364, 25.64684 ] } },
{ "type": "Feature", "properties": { "sensor_index": 208785, "name": "Colegio Cambridge de Monterrey Campus Anáhuac", "timestamp": "2026-09-08T23:49:25.637575+00:00", "pm1_0": 15.0, "pm2_5": 18.3, "latitude": 25.77144, "longitude": -100.26785 }, "geometry": { "type": "Point", "coordinates": [ -100.26785, 25.77144 ] } },
{ "type": "Feature", "properties": { "sensor_index": 209147, "name": "Rincon de San Jeronimo", "timestamp": "2026-09-08T23:49:25.637575+00:00", "pm1_0": 10.8, "pm2_5": 16.8, "latitude": 25.691032, "longitude": -100.375786 }, "geometry": { "type": "Point", "coordinates": [ -100.375786, 25.691032 ] } },
{ "type": "Feature", "properties": { "sensor_index": 227879, "name": "Rectoria", "timestamp": "2026-09-08T23:49:25.637575+00:00", "pm1_0": 12.6, "pm2_5": 15.8, "latitude": 25.651268, "longitude": -100.291214 }, "geometry": { "type": "Point", "coordinates": [ -100.291214, 25.651268 ] } },
{ "type": "Feature", "properties": { "sensor_index": 227887, "name": "Sensor_Purple_Air-Explanada_EGP-Entrada_Prin", "timestamp": "2026-09-08T23:49:25.637575+00:00", "pm1_0": 13.7, "pm2_5": 16.9, "latitude": 25.64419, "longitude": -100.3255 }, "geometry": { "type": "Point", "coordinates": [ -100.3255, 25.64419 ] } },
{ "type": "Feature", "properties": { "sensor_index": 227889, "name": "Parque central", "timestamp": "2026-09-08T23:49:25.637575+00:00", "pm1_0": 10.4, "pm2_5": 12.0, "latitude": 25.652395, "longitude": -100.28713 }, "geometry": { "type": "Point", "coordinates": [ -100.28713, 25.652395 ] } },
{ "type": "Feature", "properties": { "sensor_index": 227907, "name": "Estacionamiento Alumnos", "timestamp": "2026-09-08T23:49:25.637575+00:00", "pm1_0": 11.4, "pm2_5": 14.4, "latitude": 25.744081, "longitude": -100.28277 }, "geometry": { "type": "Point", "coordinates": [ -100.28277, 25.744081 ] } },
{ "type": "Feature", "properties": { "sensor_index": 227913, "name": "EGADE-Sombrillas", "timestamp": "2026-09-08T23:49:25.637575+00:00", "pm1_0": 14.6, "pm2_5": 19.2, "latitude": 25.643106, "longitude": -100.32573 }, "geometry": { "type": "Point", "coordinates": [ -100.32573, 25.643106 ] } },
{ "type": "Feature", "properties": { "sensor_index": 228003, "name": "EGL-Jardín Robótica", "timestamp": "2026-09-08T23:49:25.637575+00:00", "pm1_0": 12.1, "pm2_5": 15.3, "latitude": 25.61803, "longitude": -100.27554 }, "geometry": { "type": "Point", "coordinates": [ -100.27554, 25.61803 ] } },
{ "type": "Feature", "properties": { "sensor_index": 228001, "name": "C-MTY Explanada 2", "timestamp": "2026-09-08T23:49:25.637575+00:00", "pm1_0": 16.1, "pm2_5": 20.4, "latitude": 25.656332, "longitude": -100.20696 }, "geometry": { "type": "Point", "coordinates": [ -100.20696, 25.656332 ] } },
{ "type": "Feature", "properties": { "sensor_index": 228383, "name": "Estadio Banorte", "timestamp": "2026-09-08T23:49:25.637575+00:00", "pm1_0": 15.0, "pm2_5": 18.1, "latitude": 25.654228, "longitude": -100.28651 }, "geometry": { "type": "Point", "coordinates": [ -100.28651, 25.654228 ] } },
{ "type": "Feature", "properties": { "sensor_index": 228381, "name": "C-MTY RAMPA CAFETERÍA", "timestamp": "2026-09-08T23:49:25.637575+00:00", "pm1_0": 13.5, "pm2_5": 18.1, "latitude": 25.628263, "longitude": -100.30376 }, "geometry": { "type": "Point", "coordinates": [ -100.30376, 25.628263 ] } },
{ "type": "Feature", "properties": { "sensor_index": 228389, "name": "PEGS-Sensor-Canchas", "timestamp": "2026-09-08T23:49:25.637575+00:00", "pm1_0": 14.6, "pm2_5": 17.8, "latitude": 25.670425, "longitude": -100.35683 }, "geometry": { "type": "Point", "coordinates": [ -100.35683, 25.670425 ] } },
{ "type": "Feature", "properties": { "sensor_index": 228407, "name": "CEDES", "timestamp": "2026-09-08T23:49:25.637575+00:00", "pm1_0": 12.6, "pm2_5": 14.7, "latitude": 25.653677, "longitude": -100.29242 }, "geometry": { "type": "Point", "coordinates": [ -100.29242, 25.653677 ] } },
{ "type": "Feature", "properties": { "sensor_index": 278863, "name": "Rio Balsas", "timestamp": "2026-09-09T00:28:21.285370+00:00", "pm1_0": 13.5, "pm2_5": 17.0, "latitude": 25.662691, "longitude": -100.37312 }, "geometry": { "type": "Point", "coordinates": [ -100.37312, 25.662691 ] } },
{ "type": "Feature", "properties": { "sensor_index": 278869, "name": "Veredalta", "timestamp": "2026-09-09T00:28:21.285370+00:00", "pm1_0": 11.7, "pm2_5": 14.8, "latitude": 25.638226, "longitude": -100.3525 }, "geometry": { "type": "Point", "coordinates": [ -100.3525, 25.638226 ] } },
{ "type": "Feature", "properties": { "sensor_index": 278871, "name": "Parroquia Reina de Los Ángeles", "timestamp": "2026-09-09T00:28:21.285370+00:00", "pm1_0": 8.9, "pm2_5": 12.0, "latitude": 25.636341, "longitude": -100.36872 }, "geometry": { "type": "Point", "coordinates": [ -100.36872, 25.636341 ] } },
{ "type": "Feature", "properties": { "sensor_index": 278875, "name": "Secretaría de Relaciones Exteriores", "timestamp": "2026-09-09T00:28:21.285370+00:00", "pm1_0": 11.8, "pm2_5": 15.5, "latitude": 25.667723, "longitude": -100.38136 }, "geometry": { "type": "Point", "coordinates": [ -100.38136, 25.667723 ] } },
{ "type": "Feature", "properties": { "sensor_index": 278883, "name": "Mater International Institute", "timestamp": "2026-09-09T00:28:21.285370+00:00", "pm1_0": 11.3, "pm2_5": 14.8, "latitude": 25.641127, "longitude": -100.362755 }, "geometry": { "type": "Point", "coordinates": [ -100.362755, 25.641127 ] } },
{ "type": "Feature", "properties": { "sensor_index": 278889, "name": "Chipinque Meseta", "timestamp": "2026-09-09T00:28:21.285370+00:00", "pm1_0": 5.1, "pm2_5": 7.4, "latitude": 25.607624, "longitude": -100.355156 }, "geometry": { "type": "Point", "coordinates": [ -100.355156, 25.607624 ] } },
{ "type": "Feature", "properties": { "sensor_index": 278901, "name": "OFICINAS SAN PEDRO PARQUES", "timestamp": "2026-09-09T00:28:21.285370+00:00", "pm1_0": 10.4, "pm2_5": 13.0, "latitude": 25.644024, "longitude": -100.376305 }, "geometry": { "type": "Point", "coordinates": [ -100.376305, 25.644024 ] } },
{ "type": "Feature", "properties": { "sensor_index": 278919, "name": "Residencia Tabachín", "timestamp": "2026-09-09T00:28:21.285370+00:00", "pm1_0": 8.7, "pm2_5": 12.0, "latitude": 25.630367, "longitude": -100.34808 }, "geometry": { "type": "Point", "coordinates": [ -100.34808, 25.630367 ] } },
{ "type": "Feature", "properties": { "sensor_index": 278929, "name": "Rio Caura", "timestamp": "2026-09-09T00:28:21.285370+00:00", "pm1_0": 13.4, "pm2_5": 18.4, "latitude": 25.659946, "longitude": -100.38283 }, "geometry": { "type": "Point", "coordinates": [ -100.38283, 25.659946 ] } },
{ "type": "Feature", "properties": { "sensor_index": 278931, "name": "Residencia Platon", "timestamp": "2026-09-09T00:28:21.285370+00:00", "pm1_0": 11.8, "pm2_5": 15.2, "latitude": 25.630522, "longitude": -100.36023 }, "geometry": { "type": "Point", "coordinates": [ -100.36023, 25.630522 ] } },
{ "type": "Feature", "properties": { "sensor_index": 278937, "name": "Residencia Saqqara", "timestamp": "2026-09-09T00:28:21.285370+00:00", "pm1_0": 10.3, "pm2_5": 15.2, "latitude": 25.652473, "longitude": -100.349236 }, "geometry": { "type": "Point", "coordinates": [ -100.349236, 25.652473 ] } },
{ "type": "Feature", "properties": { "sensor_index": 278939, "name": "Residencia Rio Rosas", "timestamp": "2026-09-09T00:28:21.285370+00:00", "pm1_0": 11.9, "pm2_5": 15.9, "latitude": 25.656303, "longitude": -100.36027 }, "geometry": { "type": "Point", "coordinates": [ -100.36027, 25.656303 ] } },
{ "type": "Feature", "properties": { "sensor_index": 278951, "name": "Parque El Capitán", "timestamp": "2026-09-09T00:28:21.285370+00:00", "pm1_0": 13.3, "pm2_5": 17.5, "latitude": 25.663504, "longitude": -100.35734 }, "geometry": { "type": "Point", "coordinates": [ -100.35734, 25.663504 ] } },
{ "type": "Feature", "properties": { "sensor_index": 278957, "name": "Los Pinos", "timestamp": "2026-09-09T00:28:21.285370+00:00", "pm1_0": 9.1, "pm2_5": 13.0, "latitude": 25.672205, "longitude": -100.397354 }, "geometry": { "type": "Point", "coordinates": [ -100.397354, 25.672205 ] } },
{ "type": "Feature", "properties": { "sensor_index": 278959, "name": "Colegio Nobel", "timestamp": "2026-09-09T00:28:21.285370+00:00", "pm1_0": 10.8, "pm2_5": 14.8, "latitude": 25.657562, "longitude": -100.39641 }, "geometry": { "type": "Point", "coordinates": [ -100.39641, 25.657562 ] } },
{ "type": "Feature", "properties": { "sensor_index": 278955, "name": "Residencia San Mateo", "timestamp": "2026-09-09T00:28:21.285370+00:00", "pm1_0": 12.6, "pm2_5": 15.6, "latitude": 25.643766, "longitude": -100.31643 }, "geometry": { "type": "Point", "coordinates": [ -100.31643, 25.643766 ] } },
{ "type": "Feature", "properties": { "sensor_index": 279836, "name": "San Roberto International School San Agustin", "timestamp": "2026-09-09T00:28:21.285370+00:00", "pm1_0": 11.2, "pm2_5": 14.3, "latitude": 25.646032, "longitude": -100.338165 }, "geometry": { "type": "Point", "coordinates": [ -100.338165, 25.646032 ] } },
{ "type": "Feature", "properties": { "sensor_index": 279834, "name": "Colegio Ingles Campus Encino", "timestamp": "2026-09-09T00:28:21.285370+00:00", "pm1_0": 13.8, "pm2_5": 17.9, "latitude": 25.637669, "longitude": -100.33746 }, "geometry": { "type": "Point", "coordinates": [ -100.33746, 25.637669 ] } },
{ "type": "Feature", "properties": { "sensor_index": 279854, "name": "Pinos", "timestamp": "2026-09-09T00:28:21.285370+00:00", "pm1_0": 11.5, "pm2_5": 13.2, "latitude": 25.65975, "longitude": -100.349976 }, "geometry": { "type": "Point", "coordinates": [ -100.349976, 25.65975 ] } },
{ "type": "Feature", "properties": { "sensor_index": 279866, "name": "Lomas del Campestre", "timestamp": "2026-09-09T00:28:21.285370+00:00", "pm1_0": 13.1, "pm2_5": 16.5, "latitude": 25.638052, "longitude": -100.33173 }, "geometry": { "type": "Point", "coordinates": [ -100.33173, 25.638052 ] } },
{ "type": "Feature", "properties": { "sensor_index": 279890, "name": "María Desatadora de Nudos", "timestamp": "2026-09-09T00:28:21.285370+00:00", "pm1_0": 6.2, "pm2_5": 8.0, "latitude": 25.624146, "longitude": -100.37315 }, "geometry": { "type": "Point", "coordinates": [ -100.37315, 25.624146 ] } },
{ "type": "Feature", "properties": { "sensor_index": 279926, "name": "Parque Mississippi", "timestamp": "2026-09-09T00:28:21.285370+00:00", "pm1_0": 13.1, "pm2_5": 15.9, "latitude": 25.657495, "longitude": -100.36317 }, "geometry": { "type": "Point", "coordinates": [ -100.36317, 25.657495 ] } },
{ "type": "Feature", "properties": { "sensor_index": 280524, "name": "Privada Paso de la Sierra", "timestamp": "2026-09-09T00:28:21.285370+00:00", "pm1_0": 12.2, "pm2_5": 14.9, "latitude": 25.648457, "longitude": -100.36256 }, "geometry": { "type": "Point", "coordinates": [ -100.36256, 25.648457 ] } },
{ "type": "Feature", "properties": { "sensor_index": 280520, "name": "Irish International School Campus First School", "timestamp": "2026-09-09T00:28:21.285370+00:00", "pm1_0": 13.0, "pm2_5": 15.8, "latitude": 25.639212, "longitude": -100.34154 }, "geometry": { "type": "Point", "coordinates": [ -100.34154, 25.639212 ] } },
{ "type": "Feature", "properties": { "sensor_index": 280532, "name": "Museo La Milarca", "timestamp": "2026-09-09T00:28:21.285370+00:00", "pm1_0": 13.4, "pm2_5": 16.1, "latitude": 25.64443, "longitude": -100.32734 }, "geometry": { "type": "Point", "coordinates": [ -100.32734, 25.64443 ] } },
{ "type": "Feature", "properties": { "sensor_index": 280534, "name": "Residencia Savotino", "timestamp": "2026-09-09T00:28:21.285370+00:00", "pm1_0": 13.5, "pm2_5": 17.2, "latitude": 25.662497, "longitude": -100.36313 }, "geometry": { "type": "Point", "coordinates": [ -100.36313, 25.662497 ] } },
{ "type": "Feature", "properties": { "sensor_index": 280644, "name": "Residencia nogal", "timestamp": "2026-09-09T00:28:21.285370+00:00", "pm1_0": 4.7, "pm2_5": 6.6, "latitude": 25.61478, "longitude": -100.368286 }, "geometry": { "type": "Point", "coordinates": [ -100.368286, 25.61478 ] } },
{ "type": "Feature", "properties": { "sensor_index": 280900, "name": "Rio Necaxa", "timestamp": "2026-09-09T00:28:21.285370+00:00", "pm1_0": 13.7, "pm2_5": 17.1, "latitude": 25.65677, "longitude": -100.344666 }, "geometry": { "type": "Point", "coordinates": [ -100.344666, 25.65677 ] } },
{ "type": "Feature", "properties": { "sensor_index": 280902, "name": "Residencia Rio Pesqueria", "timestamp": "2026-09-09T00:28:21.285370+00:00", "pm1_0": 14.9, "pm2_5": 18.6, "latitude": 25.658936, "longitude": -100.37394 }, "geometry": { "type": "Point", "coordinates": [ -100.37394, 25.658936 ] } },
{ "type": "Feature", "properties": { "sensor_index": 284960, "name": "Esquina Barranquilla y Patagonia (Altavista)", "timestamp": "2026-09-09T00:28:21.285370+00:00", "pm1_0": 14.5, "pm2_5": 17.4, "latitude": 25.644045, "longitude": -100.29044 }, "geometry": { "type": "Point", "coordinates": [ -100.29044, 25.644045 ] } },
{ "type": "Feature", "properties": { "sensor_index": 286238, "name": "Oasis", "timestamp": "2026-09-09T00:28:21.285370+00:00", "pm1_0": 20.0, "pm2_5": 24.5, "latitude": 25.640884, "longitude": -100.30304 }, "geometry": { "type": "Point", "coordinates": [ -100.30304, 25.640884 ] } },
{ "type": "Feature", "properties": { "sensor_index": 286240, "name": "Casa Naranjos", "timestamp": "2026-09-09T00:28:21.285370+00:00", "pm1_0": 12.4, "pm2_5": 15.0, "latitude": 25.654285, "longitude": -100.28977 }, "geometry": { "type": "Point", "coordinates": [ -100.28977, 25.654285 ] } },
{ "type": "Feature", "properties": { "sensor_index": 288064, "name": "Terminal", "timestamp": "2026-09-09T00:28:21.285370+00:00", "pm1_0": 15.2, "pm2_5": 19.0, "latitude": 25.686438, "longitude": -100.29351 }, "geometry": { "type": "Point", "coordinates": [ -100.29351, 25.686438 ] } },
{ "type": "Feature", "properties": { "sensor_index": 288066, "name": "Hospital de San Vicente", "timestamp": "2026-09-09T00:28:21.285370+00:00", "pm1_0": 15.4, "pm2_5": 18.9, "latitude": 25.67851, "longitude": -100.324974 }, "geometry": { "type": "Point", "coordinates": [ -100.324974, 25.67851 ] } },
{ "type": "Feature", "properties": { "sensor_index": 288332, "name": "Facultad de Salud Pública y Nutrición", "timestamp": "2026-09-09T00:28:21.285370+00:00", "pm1_0": 13.8, "pm2_5": 17.4, "latitude": 25.688875, "longitude": -100.34783 }, "geometry": { "type": "Point", "coordinates": [ -100.34783, 25.688875 ] } },
{ "type": "Feature", "properties": { "sensor_index": 292893, "name": "TEC-AMM-RB-005", "timestamp": "2026-09-09T00:28:21.285370+00:00", "pm1_0": 6.4, "pm2_5": 8.5, "latitude": 25.658117, "longitude": -100.26312 }, "geometry": { "type": "Point", "coordinates": [ -100.26312, 25.658117 ] } },
{ "type": "Feature", "properties": { "sensor_index": 292895, "name": "TEC-AMM-RD-004", "timestamp": "2026-09-09T00:28:21.285370+00:00", "pm1_0": 13.8, "pm2_5": 17.7, "latitude": 25.774128, "longitude": -100.26622 }, "geometry": { "type": "Point", "coordinates": [ -100.26622, 25.774128 ] } },
{ "type": "Feature", "properties": { "sensor_index": 292889, "name": "TEC-AMM-RB-003", "timestamp": "2026-09-09T00:28:21.285370+00:00", "pm1_0": 8.2, "pm2_5": 10.0, "latitude": 25.654068, "longitude": -100.22748 }, "geometry": { "type": "Point", "coordinates": [ -100.22748, 25.654068 ] } },
{ "type": "Feature", "properties": { "sensor_index": 292891, "name": "TEC-AMM-RC-004", "timestamp": "2026-09-09T00:28:21.285370+00:00", "pm1_0": 16.1, "pm2_5": 18.9, "latitude": 25.639277, "longitude": -100.17398 }, "geometry": { "type": "Point", "coordinates": [ -100.17398, 25.639277 ] } },
{ "type": "Feature", "properties": { "sensor_index": 292901, "name": "TEC-AMM-RF-004", "timestamp": "2026-09-09T00:28:21.285370+00:00", "pm1_0": 9.1, "pm2_5": 10.5, "latitude": 25.738094, "longitude": -100.30651 }, "geometry": { "type": "Point", "coordinates": [ -100.30651, 25.738094 ] } },
{ "type": "Feature", "properties": { "sensor_index": 292901, "name": "TEC-AMM-RF-004", "timestamp": "2026-09-09T00:28:21.285370+00:00", "pm1_0": 9.1, "pm2_5": 10.5, "latitude": 25.73373, "longitude": -100.31656 }, "geometry": { "type": "Point", "coordinates": [ -100.31656, 25.73373 ] } },
{ "type": "Feature", "properties": { "sensor_index": 292897, "name": "TEC-AMM-RF-005", "timestamp": "2026-09-09T00:28:21.285370+00:00", "pm1_0": 12.5, "pm2_5": 15.2, "latitude": 25.770947, "longitude": -100.36825 }, "geometry": { "type": "Point", "coordinates": [ -100.36825, 25.770947 ] } },
{ "type": "Feature", "properties": { "sensor_index": 292905, "name": "TEC-AMM-RC-006", "timestamp": "2026-09-09T00:28:21.285370+00:00", "pm1_0": 13.6, "pm2_5": 15.9, "latitude": 25.608519, "longitude": -100.1551 }, "geometry": { "type": "Point", "coordinates": [ -100.1551, 25.608519 ] } },
{ "type": "Feature", "properties": { "sensor_index": 292941, "name": "TEC-AMM-RD-005", "timestamp": "2026-09-09T00:28:21.285370+00:00", "pm1_0": 8.8, "pm2_5": 11.6, "latitude": 25.760899, "longitude": -100.16765 }, "geometry": { "type": "Point", "coordinates": [ -100.16765, 25.760899 ] } },
{ "type": "Feature", "properties": { "sensor_index": 292943, "name": "TEC-AMM-RC-005", "timestamp": "2026-09-09T00:28:21.285370+00:00", "pm1_0": 16.8, "pm2_5": 21.4, "latitude": 25.646128, "longitude": -100.14929 }, "geometry": { "type": "Point", "coordinates": [ -100.14929, 25.646128 ] } },
{ "type": "Feature", "properties": { "sensor_index": 292939, "name": "TEC-AMM-RA-001", "timestamp": "2026-09-09T00:28:21.285370+00:00", "pm1_0": 13.0, "pm2_5": 16.4, "latitude": 25.658657, "longitude": -100.399 }, "geometry": { "type": "Point", "coordinates": [ -100.399, 25.658657 ] } },
{ "type": "Feature", "properties": { "sensor_index": 292949, "name": "TEC-AMM-RA-003", "timestamp": "2026-09-09T00:28:21.285370+00:00", "pm1_0": 13.3, "pm2_5": 16.6, "latitude": 25.661757, "longitude": -100.36972 }, "geometry": { "type": "Point", "coordinates": [ -100.36972, 25.661757 ] } },
{ "type": "Feature", "properties": { "sensor_index": 292951, "name": "TEC-AMM-RB-004", "timestamp": "2026-09-09T00:28:21.285370+00:00", "pm1_0": 13.0, "pm2_5": 16.7, "latitude": 25.66194, "longitude": -100.3313 }, "geometry": { "type": "Point", "coordinates": [ -100.3313, 25.66194 ] } },
{ "type": "Feature", "properties": { "sensor_index": 292947, "name": "TEC-AMM-RA-004", "timestamp": "2026-09-09T00:28:21.285370+00:00", "pm1_0": 14.6, "pm2_5": 17.9, "latitude": 25.684696, "longitude": -100.36298 }, "geometry": { "type": "Point", "coordinates": [ -100.36298, 25.684696 ] } },
{ "type": "Feature", "properties": { "sensor_index": 292957, "name": "TEC-AMM-RC-008", "timestamp": "2026-09-09T00:28:21.285370+00:00", "pm1_0": 22.2, "pm2_5": 29.7, "latitude": 25.731503, "longitude": -100.13724 }, "geometry": { "type": "Point", "coordinates": [ -100.13724, 25.731503 ] } },
{ "type": "Feature", "properties": { "sensor_index": 292973, "name": "TEC-AMM-RC-003", "timestamp": "2026-09-09T00:28:21.285370+00:00", "pm1_0": 17.5, "pm2_5": 22.4, "latitude": 25.684975, "longitude": -100.17443 }, "geometry": { "type": "Point", "coordinates": [ -100.17443, 25.684975 ] } },
{ "type": "Feature", "properties": { "sensor_index": 292983, "name": "TEC-AMM-RC-007", "timestamp": "2026-09-09T00:28:21.285370+00:00", "pm1_0": 17.7, "pm2_5": 24.9, "latitude": 25.650148, "longitude": -100.11657 }, "geometry": { "type": "Point", "coordinates": [ -100.11657, 25.650148 ] } },
{ "type": "Feature", "properties": { "sensor_index": 292997, "name": "TEC-AMM-RF-004", "timestamp": "2026-09-09T00:28:21.285370+00:00", "pm1_0": 9.9, "pm2_5": 13.7, "latitude": 25.738094, "longitude": -100.30651 }, "geometry": { "type": "Point", "coordinates": [ -100.30651, 25.738094 ] } },
{ "type": "Feature", "properties": { "sensor_index": 292997, "name": "TEC-AMM-RF-004", "timestamp": "2026-09-09T00:28:21.285370+00:00", "pm1_0": 9.9, "pm2_5": 13.7, "latitude": 25.73373, "longitude": -100.31656 }, "geometry": { "type": "Point", "coordinates": [ -100.31656, 25.73373 ] } },
{ "type": "Feature", "properties": { "sensor_index": 292999, "name": "TEC-AMM-RE-002", "timestamp": "2026-09-09T00:28:21.285370+00:00", "pm1_0": 12.5, "pm2_5": 15.4, "latitude": 25.772509, "longitude": -100.31119 }, "geometry": { "type": "Point", "coordinates": [ -100.31119, 25.772509 ] } },
{ "type": "Feature", "properties": { "sensor_index": 293001, "name": "TEC-AMM-RF-006", "timestamp": "2026-09-09T00:28:21.285370+00:00", "pm1_0": 13.6, "pm2_5": 17.0, "latitude": 25.71829, "longitude": -100.37077 }, "geometry": { "type": "Point", "coordinates": [ -100.37077, 25.71829 ] } },
{ "type": "Feature", "properties": { "sensor_index": 293003, "name": "TEC-AMM-RB-006", "timestamp": "2026-09-09T00:28:21.285370+00:00", "pm1_0": 11.6, "pm2_5": 14.7, "latitude": 25.676483, "longitude": -100.29272 }, "geometry": { "type": "Point", "coordinates": [ -100.29272, 25.676483 ] } },
{ "type": "Feature", "properties": { "sensor_index": 293469, "name": "Leon Ortigosa ABP", "timestamp": "2026-09-09T00:28:21.285370+00:00", "pm1_0": 12.9, "pm2_5": 16.8, "latitude": 25.67212, "longitude": -100.33521 }, "geometry": { "type": "Point", "coordinates": [ -100.33521, 25.67212 ] } },
{ "type": "Feature", "properties": { "sensor_index": 293465, "name": "Loma Larga", "timestamp": "2026-09-09T00:28:21.285370+00:00", "pm1_0": 13.6, "pm2_5": 18.9, "latitude": 25.665812, "longitude": -100.34373 }, "geometry": { "type": "Point", "coordinates": [ -100.34373, 25.665812 ] } },
{ "type": "Feature", "properties": { "sensor_index": 293467, "name": "UMF37", "timestamp": "2026-09-09T00:28:21.285370+00:00", "pm1_0": 12.1, "pm2_5": 16.0, "latitude": 25.687622, "longitude": -100.342964 }, "geometry": { "type": "Point", "coordinates": [ -100.342964, 25.687622 ] } },
{ "type": "Feature", "properties": { "sensor_index": 33027, "name": "Lagos del Bosque", "timestamp": "2026-09-09T00:28:21.285370+00:00", "pm1_0": 6.1, "pm2_5": 9.6, "latitude": 25.600061, "longitude": -100.26256 }, "geometry": { "type": "Point", "coordinates": [ -100.26256, 25.600061 ] } },
{ "type": "Feature", "properties": { "sensor_index": 33117, "name": "Liceo de Monterrey", "timestamp": "2026-09-09T00:28:21.285370+00:00", "pm1_0": 16.6, "pm2_5": 24.7, "latitude": 25.650322, "longitude": -100.32849 }, "geometry": { "type": "Point", "coordinates": [ -100.32849, 25.650322 ] } },
{ "type": "Feature", "properties": { "sensor_index": 34441, "name": "Callejon de los Ayala", "timestamp": "2026-09-09T00:28:21.285370+00:00", "pm1_0": 2.0, "pm2_5": 4.0, "latitude": 25.6665, "longitude": -100.3976 }, "geometry": { "type": "Point", "coordinates": [ -100.3976, 25.6665 ] } },
{ "type": "Feature", "properties": { "sensor_index": 34499, "name": "San Patricio #106", "timestamp": "2026-09-09T00:28:21.285370+00:00", "pm1_0": 0.1, "pm2_5": 0.4, "latitude": 25.641743, "longitude": -100.3472 }, "geometry": { "type": "Point", "coordinates": [ -100.3472, 25.641743 ] } },
{ "type": "Feature", "properties": { "sensor_index": 34511, "name": "Rosario", "timestamp": "2026-09-09T00:28:21.285370+00:00", "pm1_0": 7.1, "pm2_5": 11.7, "latitude": 25.640432, "longitude": -100.392265 }, "geometry": { "type": "Point", "coordinates": [ -100.392265, 25.640432 ] } },
{ "type": "Feature", "properties": { "sensor_index": 38663, "name": "Rayon Norte", "timestamp": "2026-09-09T00:28:21.285370+00:00", "pm1_0": 14.2, "pm2_5": 19.1, "latitude": 25.678823, "longitude": -100.319695 }, "geometry": { "type": "Point", "coordinates": [ -100.319695, 25.678823 ] } },
{ "type": "Feature", "properties": { "sensor_index": 42211, "name": "RF", "timestamp": "2026-09-09T00:28:21.285370+00:00", "pm1_0": 8.0, "pm2_5": 11.0, "latitude": 25.61638, "longitude": -100.316124 }, "geometry": { "type": "Point", "coordinates": [ -100.316124, 25.61638 ] } },
{ "type": "Feature", "properties": { "sensor_index": 305140, "name": "Bicla", "timestamp": "2026-09-09T00:28:21.285370+00:00", "pm1_0": 13.7, "pm2_5": 18.3, "latitude": 25.700935, "longitude": -100.33541 }, "geometry": { "type": "Point", "coordinates": [ -100.33541, 25.700935 ] } },
{ "type": "Feature", "properties": { "sensor_index": 305164, "name": "NuevaMaderoDave", "timestamp": "2026-09-09T00:28:21.285370+00:00", "pm1_0": 8.3, "pm2_5": 10.4, "latitude": 25.688787, "longitude": -100.27929 }, "geometry": { "type": "Point", "coordinates": [ -100.27929, 25.688787 ] } },
{ "type": "Feature", "properties": { "sensor_index": 305192, "name": "11a avenida cumbres 1 sector", "timestamp": "2026-09-09T00:28:21.285370+00:00", "pm1_0": 13.0, "pm2_5": 16.6, "latitude": 25.69958, "longitude": -100.35898 }, "geometry": { "type": "Point", "coordinates": [ -100.35898, 25.69958 ] } },
{ "type": "Feature", "properties": { "sensor_index": 305232, "name": "PurpleAir Ancira Mty", "timestamp": "2026-09-09T00:28:21.285370+00:00", "pm1_0": 16.7, "pm2_5": 21.5, "latitude": 25.651157, "longitude": -100.3062 }, "geometry": { "type": "Point", "coordinates": [ -100.3062, 25.651157 ] } },
{ "type": "Feature", "properties": { "sensor_index": 43627, "name": "Liceo de Monterrey Rosemont", "timestamp": "2026-09-09T00:28:21.285370+00:00", "pm1_0": 49.7, "pm2_5": 51.2, "latitude": 25.67425, "longitude": -100.35398 }, "geometry": { "type": "Point", "coordinates": [ -100.35398, 25.67425 ] } },
{ "type": "Feature", "properties": { "sensor_index": 45769, "name": "Huascaran", "timestamp": "2026-09-09T00:28:21.285370+00:00", "pm1_0": 4.0, "pm2_5": 5.8, "latitude": 25.637255, "longitude": -100.399216 }, "geometry": { "type": "Point", "coordinates": [ -100.399216, 25.637255 ] } },
{ "type": "Feature", "properties": { "sensor_index": 308956, "name": "Jardín de las carreras", "timestamp": "2026-09-09T00:28:21.285370+00:00", "pm1_0": 13.2, "pm2_5": 17.5, "latitude": 25.650595, "longitude": -100.289 }, "geometry": { "type": "Point", "coordinates": [ -100.289, 25.650595 ] } },
{ "type": "Feature", "properties": { "sensor_index": 49949, "name": "El Horizonte", "timestamp": "2026-09-09T00:28:21.285370+00:00", "pm1_0": 8.2, "pm2_5": 13.2, "latitude": 25.677492, "longitude": -100.29761 }, "geometry": { "type": "Point", "coordinates": [ -100.29761, 25.677492 ] } },
{ "type": "Feature", "properties": { "sensor_index": 50555, "name": "Treviño", "timestamp": "2026-09-09T00:28:21.285370+00:00", "pm1_0": 0.0, "pm2_5": 0.0, "latitude": 25.638243, "longitude": -100.36743 }, "geometry": { "type": "Point", "coordinates": [ -100.36743, 25.638243 ] } },
{ "type": "Feature", "properties": { "sensor_index": 50871, "name": "TEC Garza Laguera", "timestamp": "2026-09-09T00:28:21.285370+00:00", "pm1_0": 11.8, "pm2_5": 17.2, "latitude": 25.61827, "longitude": -100.27293 }, "geometry": { "type": "Point", "coordinates": [ -100.27293, 25.61827 ] } },
{ "type": "Feature", "properties": { "sensor_index": 321194, "name": "Ramsesgs", "timestamp": "2026-09-09T00:28:21.285370+00:00", "pm1_0": 13.5, "pm2_5": 17.4, "latitude": 25.61975, "longitude": -100.29781 }, "geometry": { "type": "Point", "coordinates": [ -100.29781, 25.61975 ] } },
{ "type": "Feature", "properties": { "sensor_index": 119937, "name": "Grupo Reforma Cumbres", "timestamp": "2026-09-09T00:28:21.285370+00:00", "pm1_0": 2.6, "pm2_5": 6.1, "latitude": 25.71012, "longitude": -100.37474 }, "geometry": { "type": "Point", "coordinates": [ -100.37474, 25.71012 ] } },
{ "type": "Feature", "properties": { "sensor_index": 119965, "name": "Grupo Reforma El Norte", "timestamp": "2026-09-09T00:28:21.285370+00:00", "pm1_0": 5.7, "pm2_5": 10.4, "latitude": 25.674164, "longitude": -100.30816 }, "geometry": { "type": "Point", "coordinates": [ -100.30816, 25.674164 ] } },
{ "type": "Feature", "properties": { "sensor_index": 121825, "name": "Grupo Reforma Sierra Madre", "timestamp": "2026-09-09T00:28:21.285370+00:00", "pm1_0": 3288.2, "pm2_5": 3288.2, "latitude": 25.663378, "longitude": -100.36808 }, "geometry": { "type": "Point", "coordinates": [ -100.36808, 25.663378 ] } },
{ "type": "Feature", "properties": { "sensor_index": 136522, "name": "Bosques de La Pastora", "timestamp": "2026-09-09T00:28:21.285370+00:00", "pm1_0": 0.0, "pm2_5": 1.0, "latitude": 25.65773, "longitude": -100.251625 }, "geometry": { "type": "Point", "coordinates": [ -100.251625, 25.65773 ] } },
{ "type": "Feature", "properties": { "sensor_index": 147010, "name": "Santa Barbara", "timestamp": "2026-09-09T00:28:21.285370+00:00", "pm1_0": 8.3, "pm2_5": 11.4, "latitude": 25.661701, "longitude": -100.38932 }, "geometry": { "type": "Point", "coordinates": [ -100.38932, 25.661701 ] } },
{ "type": "Feature", "properties": { "sensor_index": 174781, "name": "Colegio Cambridge de Monterrey Campus Mitras", "timestamp": "2026-09-09T00:28:21.285370+00:00", "pm1_0": 12.9, "pm2_5": 15.6, "latitude": 25.696613, "longitude": -100.348114 }, "geometry": { "type": "Point", "coordinates": [ -100.348114, 25.696613 ] } },
{ "type": "Feature", "properties": { "sensor_index": 174787, "name": "Colegio Cambridge de Monterrey Campus Norte", "timestamp": "2026-09-09T00:28:21.285370+00:00", "pm1_0": 12.4, "pm2_5": 13.7, "latitude": 25.779613, "longitude": -100.28022 }, "geometry": { "type": "Point", "coordinates": [ -100.28022, 25.779613 ] } },
{ "type": "Feature", "properties": { "sensor_index": 189431, "name": "BEA", "timestamp": "2026-09-09T00:28:21.285370+00:00", "pm1_0": 10.8, "pm2_5": 15.6, "latitude": 25.65725, "longitude": -100.35996 }, "geometry": { "type": "Point", "coordinates": [ -100.35996, 25.65725 ] } },
{ "type": "Feature", "properties": { "sensor_index": 189435, "name": "Olinalá", "timestamp": "2026-09-09T00:28:21.285370+00:00", "pm1_0": 3.7, "pm2_5": 5.7, "latitude": 25.618986, "longitude": -100.37645 }, "geometry": { "type": "Point", "coordinates": [ -100.37645, 25.618986 ] } },
{ "type": "Feature", "properties": { "sensor_index": 189447, "name": "Río Amazonas NO", "timestamp": "2026-09-09T00:28:21.285370+00:00", "pm1_0": 12.2, "pm2_5": 17.5, "latitude": 25.662104, "longitude": -100.37172 }, "geometry": { "type": "Point", "coordinates": [ -100.37172, 25.662104 ] } },
{ "type": "Feature", "properties": { "sensor_index": 189455, "name": "CHIPINQUE CAV", "timestamp": "2026-09-09T00:28:21.285370+00:00", "pm1_0": 7.2, "pm2_5": 12.3, "latitude": 25.618307, "longitude": -100.359955 }, "geometry": { "type": "Point", "coordinates": [ -100.359955, 25.618307 ] } },
{ "type": "Feature", "properties": { "sensor_index": 189469, "name": "Hospital Zambran Hellion TecSalud", "timestamp": "2026-09-09T00:28:21.285370+00:00", "pm1_0": 10.8, "pm2_5": 17.1, "latitude": 25.64684, "longitude": -100.33364 }, "geometry": { "type": "Point", "coordinates": [ -100.33364, 25.64684 ] } },
{ "type": "Feature", "properties": { "sensor_index": 208785, "name": "Colegio Cambridge de Monterrey Campus Anáhuac", "timestamp": "2026-09-09T00:28:21.285370+00:00", "pm1_0": 13.2, "pm2_5": 15.3, "latitude": 25.77144, "longitude": -100.26785 }, "geometry": { "type": "Point", "coordinates": [ -100.26785, 25.77144 ] } },
{ "type": "Feature", "properties": { "sensor_index": 209147, "name": "Rincon de San Jeronimo", "timestamp": "2026-09-09T00:28:21.285370+00:00", "pm1_0": 10.0, "pm2_5": 15.0, "latitude": 25.691032, "longitude": -100.375786 }, "geometry": { "type": "Point", "coordinates": [ -100.375786, 25.691032 ] } },
{ "type": "Feature", "properties": { "sensor_index": 227879, "name": "Rectoria", "timestamp": "2026-09-09T00:28:21.285370+00:00", "pm1_0": 11.9, "pm2_5": 15.0, "latitude": 25.651268, "longitude": -100.291214 }, "geometry": { "type": "Point", "coordinates": [ -100.291214, 25.651268 ] } },
{ "type": "Feature", "properties": { "sensor_index": 227887, "name": "Sensor_Purple_Air-Explanada_EGP-Entrada_Prin", "timestamp": "2026-09-09T00:28:21.285370+00:00", "pm1_0": 13.7, "pm2_5": 16.9, "latitude": 25.64419, "longitude": -100.3255 }, "geometry": { "type": "Point", "coordinates": [ -100.3255, 25.64419 ] } },
{ "type": "Feature", "properties": { "sensor_index": 227889, "name": "Parque central", "timestamp": "2026-09-09T00:28:21.285370+00:00", "pm1_0": 10.0, "pm2_5": 11.6, "latitude": 25.652395, "longitude": -100.28713 }, "geometry": { "type": "Point", "coordinates": [ -100.28713, 25.652395 ] } },
{ "type": "Feature", "properties": { "sensor_index": 227907, "name": "Estacionamiento Alumnos", "timestamp": "2026-09-09T00:28:21.285370+00:00", "pm1_0": 10.1, "pm2_5": 13.3, "latitude": 25.744081, "longitude": -100.28277 }, "geometry": { "type": "Point", "coordinates": [ -100.28277, 25.744081 ] } },
{ "type": "Feature", "properties": { "sensor_index": 227913, "name": "EGADE-Sombrillas", "timestamp": "2026-09-09T00:28:21.285370+00:00", "pm1_0": 14.1, "pm2_5": 18.3, "latitude": 25.643106, "longitude": -100.32573 }, "geometry": { "type": "Point", "coordinates": [ -100.32573, 25.643106 ] } },
{ "type": "Feature", "properties": { "sensor_index": 228003, "name": "EGL-Jardín Robótica", "timestamp": "2026-09-09T00:28:21.285370+00:00", "pm1_0": 12.7, "pm2_5": 16.4, "latitude": 25.61803, "longitude": -100.27554 }, "geometry": { "type": "Point", "coordinates": [ -100.27554, 25.61803 ] } },
{ "type": "Feature", "properties": { "sensor_index": 228001, "name": "C-MTY Explanada 2", "timestamp": "2026-09-09T00:28:21.285370+00:00", "pm1_0": 12.2, "pm2_5": 15.5, "latitude": 25.656332, "longitude": -100.20696 }, "geometry": { "type": "Point", "coordinates": [ -100.20696, 25.656332 ] } },
{ "type": "Feature", "properties": { "sensor_index": 228383, "name": "Estadio Banorte", "timestamp": "2026-09-09T00:28:21.285370+00:00", "pm1_0": 13.4, "pm2_5": 16.5, "latitude": 25.654228, "longitude": -100.28651 }, "geometry": { "type": "Point", "coordinates": [ -100.28651, 25.654228 ] } },
{ "type": "Feature", "properties": { "sensor_index": 228381, "name": "C-MTY RAMPA CAFETERÍA", "timestamp": "2026-09-09T00:28:21.285370+00:00", "pm1_0": 11.9, "pm2_5": 16.3, "latitude": 25.628263, "longitude": -100.30376 }, "geometry": { "type": "Point", "coordinates": [ -100.30376, 25.628263 ] } },
{ "type": "Feature", "properties": { "sensor_index": 228389, "name": "PEGS-Sensor-Canchas", "timestamp": "2026-09-09T00:28:21.285370+00:00", "pm1_0": 14.1, "pm2_5": 16.9, "latitude": 25.670425, "longitude": -100.35683 }, "geometry": { "type": "Point", "coordinates": [ -100.35683, 25.670425 ] } },
{ "type": "Feature", "properties": { "sensor_index": 228407, "name": "CEDES", "timestamp": "2026-09-09T00:28:21.285370+00:00", "pm1_0": 11.3, "pm2_5": 13.6, "latitude": 25.653677, "longitude": -100.29242 }, "geometry": { "type": "Point", "coordinates": [ -100.29242, 25.653677 ] } },
{ "type": "Feature", "properties": { "sensor_index": 278863, "name": "Rio Balsas", "timestamp": "2026-09-09T00:55:10.938542+00:00", "pm1_0": 11.1, "pm2_5": 13.9, "latitude": 25.662691, "longitude": -100.37312 }, "geometry": { "type": "Point", "coordinates": [ -100.37312, 25.662691 ] } },
{ "type": "Feature", "properties": { "sensor_index": 278869, "name": "Veredalta", "timestamp": "2026-09-09T00:55:10.938542+00:00", "pm1_0": 11.2, "pm2_5": 14.1, "latitude": 25.638226, "longitude": -100.3525 }, "geometry": { "type": "Point", "coordinates": [ -100.3525, 25.638226 ] } },
{ "type": "Feature", "properties": { "sensor_index": 278871, "name": "Parroquia Reina de Los Ángeles", "timestamp": "2026-09-09T00:55:10.938542+00:00", "pm1_0": 7.0, "pm2_5": 9.6, "latitude": 25.636341, "longitude": -100.36872 }, "geometry": { "type": "Point", "coordinates": [ -100.36872, 25.636341 ] } },
{ "type": "Feature", "properties": { "sensor_index": 278875, "name": "Secretaría de Relaciones Exteriores", "timestamp": "2026-09-09T00:55:10.938542+00:00", "pm1_0": 11.7, "pm2_5": 15.9, "latitude": 25.667723, "longitude": -100.38136 }, "geometry": { "type": "Point", "coordinates": [ -100.38136, 25.667723 ] } },
{ "type": "Feature", "properties": { "sensor_index": 278883, "name": "Mater International Institute", "timestamp": "2026-09-09T00:55:10.938542+00:00", "pm1_0": 9.3, "pm2_5": 12.3, "latitude": 25.641127, "longitude": -100.362755 }, "geometry": { "type": "Point", "coordinates": [ -100.362755, 25.641127 ] } },
{ "type": "Feature", "properties": { "sensor_index": 278889, "name": "Chipinque Meseta", "timestamp": "2026-09-09T00:55:10.938542+00:00", "pm1_0": 4.4, "pm2_5": 6.6, "latitude": 25.607624, "longitude": -100.355156 }, "geometry": { "type": "Point", "coordinates": [ -100.355156, 25.607624 ] } },
{ "type": "Feature", "properties": { "sensor_index": 278901, "name": "OFICINAS SAN PEDRO PARQUES", "timestamp": "2026-09-09T00:55:10.938542+00:00", "pm1_0": 10.8, "pm2_5": 13.6, "latitude": 25.644024, "longitude": -100.376305 }, "geometry": { "type": "Point", "coordinates": [ -100.376305, 25.644024 ] } },
{ "type": "Feature", "properties": { "sensor_index": 278919, "name": "Residencia Tabachín", "timestamp": "2026-09-09T00:55:10.938542+00:00", "pm1_0": 10.1, "pm2_5": 13.9, "latitude": 25.630367, "longitude": -100.34808 }, "geometry": { "type": "Point", "coordinates": [ -100.34808, 25.630367 ] } },
{ "type": "Feature", "properties": { "sensor_index": 278929, "name": "Rio Caura", "timestamp": "2026-09-09T00:55:10.938542+00:00", "pm1_0": 12.7, "pm2_5": 17.5, "latitude": 25.659946, "longitude": -100.38283 }, "geometry": { "type": "Point", "coordinates": [ -100.38283, 25.659946 ] } },
{ "type": "Feature", "properties": { "sensor_index": 278931, "name": "Residencia Platon", "timestamp": "2026-09-09T00:55:10.938542+00:00", "pm1_0": 10.4, "pm2_5": 13.6, "latitude": 25.630522, "longitude": -100.36023 }, "geometry": { "type": "Point", "coordinates": [ -100.36023, 25.630522 ] } },
{ "type": "Feature", "properties": { "sensor_index": 278937, "name": "Residencia Saqqara", "timestamp": "2026-09-09T00:55:10.938542+00:00", "pm1_0": 10.1, "pm2_5": 13.2, "latitude": 25.652473, "longitude": -100.349236 }, "geometry": { "type": "Point", "coordinates": [ -100.349236, 25.652473 ] } },
{ "type": "Feature", "properties": { "sensor_index": 278939, "name": "Residencia Rio Rosas", "timestamp": "2026-09-09T00:55:10.938542+00:00", "pm1_0": 10.9, "pm2_5": 14.0, "latitude": 25.656303, "longitude": -100.36027 }, "geometry": { "type": "Point", "coordinates": [ -100.36027, 25.656303 ] } },
{ "type": "Feature", "properties": { "sensor_index": 278951, "name": "Parque El Capitán", "timestamp": "2026-09-09T00:55:10.938542+00:00", "pm1_0": 13.4, "pm2_5": 17.6, "latitude": 25.663504, "longitude": -100.35734 }, "geometry": { "type": "Point", "coordinates": [ -100.35734, 25.663504 ] } },
{ "type": "Feature", "properties": { "sensor_index": 278957, "name": "Los Pinos", "timestamp": "2026-09-09T00:55:10.938542+00:00", "pm1_0": 8.6, "pm2_5": 12.4, "latitude": 25.672205, "longitude": -100.397354 }, "geometry": { "type": "Point", "coordinates": [ -100.397354, 25.672205 ] } },
{ "type": "Feature", "properties": { "sensor_index": 278959, "name": "Colegio Nobel", "timestamp": "2026-09-09T00:55:10.938542+00:00", "pm1_0": 10.6, "pm2_5": 14.2, "latitude": 25.657562, "longitude": -100.39641 }, "geometry": { "type": "Point", "coordinates": [ -100.39641, 25.657562 ] } },
{ "type": "Feature", "properties": { "sensor_index": 278955, "name": "Residencia San Mateo", "timestamp": "2026-09-09T00:55:10.938542+00:00", "pm1_0": 12.5, "pm2_5": 15.5, "latitude": 25.643766, "longitude": -100.31643 }, "geometry": { "type": "Point", "coordinates": [ -100.31643, 25.643766 ] } },
{ "type": "Feature", "properties": { "sensor_index": 279836, "name": "San Roberto International School San Agustin", "timestamp": "2026-09-09T00:55:10.938542+00:00", "pm1_0": 9.7, "pm2_5": 12.5, "latitude": 25.646032, "longitude": -100.338165 }, "geometry": { "type": "Point", "coordinates": [ -100.338165, 25.646032 ] } },
{ "type": "Feature", "properties": { "sensor_index": 279834, "name": "Colegio Ingles Campus Encino", "timestamp": "2026-09-09T00:55:10.938542+00:00", "pm1_0": 12.4, "pm2_5": 16.3, "latitude": 25.637669, "longitude": -100.33746 }, "geometry": { "type": "Point", "coordinates": [ -100.33746, 25.637669 ] } },
{ "type": "Feature", "properties": { "sensor_index": 279854, "name": "Pinos", "timestamp": "2026-09-09T00:55:10.938542+00:00", "pm1_0": 11.0, "pm2_5": 12.6, "latitude": 25.65975, "longitude": -100.349976 }, "geometry": { "type": "Point", "coordinates": [ -100.349976, 25.65975 ] } },
{ "type": "Feature", "properties": { "sensor_index": 279866, "name": "Lomas del Campestre", "timestamp": "2026-09-09T00:55:10.938542+00:00", "pm1_0": 10.6, "pm2_5": 13.8, "latitude": 25.638052, "longitude": -100.33173 }, "geometry": { "type": "Point", "coordinates": [ -100.33173, 25.638052 ] } },
{ "type": "Feature", "properties": { "sensor_index": 279890, "name": "María Desatadora de Nudos", "timestamp": "2026-09-09T00:55:10.938542+00:00", "pm1_0": 5.2, "pm2_5": 6.5, "latitude": 25.624146, "longitude": -100.37315 }, "geometry": { "type": "Point", "coordinates": [ -100.37315, 25.624146 ] } },
{ "type": "Feature", "properties": { "sensor_index": 279926, "name": "Parque Mississippi", "timestamp": "2026-09-09T00:55:10.938542+00:00", "pm1_0": 12.5, "pm2_5": 15.3, "latitude": 25.657495, "longitude": -100.36317 }, "geometry": { "type": "Point", "coordinates": [ -100.36317, 25.657495 ] } },
{ "type": "Feature", "properties": { "sensor_index": 280524, "name": "Privada Paso de la Sierra", "timestamp": "2026-09-09T00:55:10.938542+00:00", "pm1_0": 11.0, "pm2_5": 13.4, "latitude": 25.648457, "longitude": -100.36256 }, "geometry": { "type": "Point", "coordinates": [ -100.36256, 25.648457 ] } },
{ "type": "Feature", "properties": { "sensor_index": 280520, "name": "Irish International School Campus First School", "timestamp": "2026-09-09T00:55:10.938542+00:00", "pm1_0": 12.4, "pm2_5": 15.4, "latitude": 25.639212, "longitude": -100.34154 }, "geometry": { "type": "Point", "coordinates": [ -100.34154, 25.639212 ] } },
{ "type": "Feature", "properties": { "sensor_index": 280532, "name": "Museo La Milarca", "timestamp": "2026-09-09T00:55:10.938542+00:00", "pm1_0": 12.4, "pm2_5": 15.2, "latitude": 25.64443, "longitude": -100.32734 }, "geometry": { "type": "Point", "coordinates": [ -100.32734, 25.64443 ] } },
{ "type": "Feature", "properties": { "sensor_index": 280534, "name": "Residencia Savotino", "timestamp": "2026-09-09T00:55:10.938542+00:00", "pm1_0": 12.2, "pm2_5": 15.9, "latitude": 25.662497, "longitude": -100.36313 }, "geometry": { "type": "Point", "coordinates": [ -100.36313, 25.662497 ] } },
{ "type": "Feature", "properties": { "sensor_index": 280644, "name": "Residencia nogal", "timestamp": "2026-09-09T00:55:10.938542+00:00", "pm1_0": 3.8, "pm2_5": 5.4, "latitude": 25.61478, "longitude": -100.368286 }, "geometry": { "type": "Point", "coordinates": [ -100.368286, 25.61478 ] } },
{ "type": "Feature", "properties": { "sensor_index": 280900, "name": "Rio Necaxa", "timestamp": "2026-09-09T00:55:10.938542+00:00", "pm1_0": 13.5, "pm2_5": 17.3, "latitude": 25.65677, "longitude": -100.344666 }, "geometry": { "type": "Point", "coordinates": [ -100.344666, 25.65677 ] } },
{ "type": "Feature", "properties": { "sensor_index": 280902, "name": "Residencia Rio Pesqueria", "timestamp": "2026-09-09T00:55:10.938542+00:00", "pm1_0": 12.5, "pm2_5": 15.3, "latitude": 25.658936, "longitude": -100.37394 }, "geometry": { "type": "Point", "coordinates": [ -100.37394, 25.658936 ] } },
{ "type": "Feature", "properties": { "sensor_index": 284960, "name": "Esquina Barranquilla y Patagonia (Altavista)", "timestamp": "2026-09-09T00:55:10.938542+00:00", "pm1_0": 14.6, "pm2_5": 18.0, "latitude": 25.644045, "longitude": -100.29044 }, "geometry": { "type": "Point", "coordinates": [ -100.29044, 25.644045 ] } },
{ "type": "Feature", "properties": { "sensor_index": 286238, "name": "Oasis", "timestamp": "2026-09-09T00:55:10.938542+00:00", "pm1_0": 20.0, "pm2_5": 24.5, "latitude": 25.640884, "longitude": -100.30304 }, "geometry": { "type": "Point", "coordinates": [ -100.30304, 25.640884 ] } },
{ "type": "Feature", "properties": { "sensor_index": 286240, "name": "Casa Naranjos", "timestamp": "2026-09-09T00:55:10.938542+00:00", "pm1_0": 12.6, "pm2_5": 15.5, "latitude": 25.654285, "longitude": -100.28977 }, "geometry": { "type": "Point", "coordinates": [ -100.28977, 25.654285 ] } },
{ "type": "Feature", "properties": { "sensor_index": 288064, "name": "Terminal", "timestamp": "2026-09-09T00:55:10.938542+00:00", "pm1_0": 15.0, "pm2_5": 18.2, "latitude": 25.686438, "longitude": -100.29351 }, "geometry": { "type": "Point", "coordinates": [ -100.29351, 25.686438 ] } },
{ "type": "Feature", "properties": { "sensor_index": 288066, "name": "Hospital de San Vicente", "timestamp": "2026-09-09T00:55:10.938542+00:00", "pm1_0": 16.0, "pm2_5": 20.0, "latitude": 25.67851, "longitude": -100.324974 }, "geometry": { "type": "Point", "coordinates": [ -100.324974, 25.67851 ] } },
{ "type": "Feature", "properties": { "sensor_index": 288332, "name": "Facultad de Salud Pública y Nutrición", "timestamp": "2026-09-09T00:55:10.938542+00:00", "pm1_0": 14.4, "pm2_5": 17.6, "latitude": 25.688875, "longitude": -100.34783 }, "geometry": { "type": "Point", "coordinates": [ -100.34783, 25.688875 ] } },
{ "type": "Feature", "properties": { "sensor_index": 292893, "name": "TEC-AMM-RB-005", "timestamp": "2026-09-09T00:55:10.938542+00:00", "pm1_0": 7.3, "pm2_5": 9.2, "latitude": 25.658117, "longitude": -100.26312 }, "geometry": { "type": "Point", "coordinates": [ -100.26312, 25.658117 ] } },
{ "type": "Feature", "properties": { "sensor_index": 292895, "name": "TEC-AMM-RD-004", "timestamp": "2026-09-09T00:55:10.938542+00:00", "pm1_0": 13.5, "pm2_5": 17.2, "latitude": 25.774128, "longitude": -100.26622 }, "geometry": { "type": "Point", "coordinates": [ -100.26622, 25.774128 ] } },
{ "type": "Feature", "properties": { "sensor_index": 292889, "name": "TEC-AMM-RB-003", "timestamp": "2026-09-09T00:55:10.938542+00:00", "pm1_0": 8.9, "pm2_5": 11.2, "latitude": 25.654068, "longitude": -100.22748 }, "geometry": { "type": "Point", "coordinates": [ -100.22748, 25.654068 ] } },
{ "type": "Feature", "properties": { "sensor_index": 292891, "name": "TEC-AMM-RC-004", "timestamp": "2026-09-09T00:55:10.938542+00:00", "pm1_0": 16.1, "pm2_5": 18.9, "latitude": 25.639277, "longitude": -100.17398 }, "geometry": { "type": "Point", "coordinates": [ -100.17398, 25.639277 ] } },
{ "type": "Feature", "properties": { "sensor_index": 292901, "name": "TEC-AMM-RF-004", "timestamp": "2026-09-09T00:55:10.938542+00:00", "pm1_0": 8.1, "pm2_5": 9.5, "latitude": 25.738094, "longitude": -100.30651 }, "geometry": { "type": "Point", "coordinates": [ -100.30651, 25.738094 ] } },
{ "type": "Feature", "properties": { "sensor_index": 292901, "name": "TEC-AMM-RF-004", "timestamp": "2026-09-09T00:55:10.938542+00:00", "pm1_0": 8.1, "pm2_5": 9.5, "latitude": 25.73373, "longitude": -100.31656 }, "geometry": { "type": "Point", "coordinates": [ -100.31656, 25.73373 ] } },
{ "type": "Feature", "properties": { "sensor_index": 292897, "name": "TEC-AMM-RF-005", "timestamp": "2026-09-09T00:55:10.938542+00:00", "pm1_0": 12.4, "pm2_5": 15.7, "latitude": 25.770947, "longitude": -100.36825 }, "geometry": { "type": "Point", "coordinates": [ -100.36825, 25.770947 ] } },
{ "type": "Feature", "properties": { "sensor_index": 292905, "name": "TEC-AMM-RC-006", "timestamp": "2026-09-09T00:55:10.938542+00:00", "pm1_0": 15.5, "pm2_5": 18.7, "latitude": 25.608519, "longitude": -100.1551 }, "geometry": { "type": "Point", "coordinates": [ -100.1551, 25.608519 ] } },
{ "type": "Feature", "properties": { "sensor_index": 292941, "name": "TEC-AMM-RD-005", "timestamp": "2026-09-09T00:55:10.938542+00:00", "pm1_0": 8.8, "pm2_5": 11.6, "latitude": 25.760899, "longitude": -100.16765 }, "geometry": { "type": "Point", "coordinates": [ -100.16765, 25.760899 ] } },
{ "type": "Feature", "properties": { "sensor_index": 292943, "name": "TEC-AMM-RC-005", "timestamp": "2026-09-09T00:55:10.938542+00:00", "pm1_0": 17.5, "pm2_5": 22.7, "latitude": 25.646128, "longitude": -100.14929 }, "geometry": { "type": "Point", "coordinates": [ -100.14929, 25.646128 ] } },
{ "type": "Feature", "properties": { "sensor_index": 292939, "name": "TEC-AMM-RA-001", "timestamp": "2026-09-09T00:55:10.938542+00:00", "pm1_0": 11.2, "pm2_5": 14.3, "latitude": 25.658657, "longitude": -100.399 }, "geometry": { "type": "Point", "coordinates": [ -100.399, 25.658657 ] } },
{ "type": "Feature", "properties": { "sensor_index": 292949, "name": "TEC-AMM-RA-003", "timestamp": "2026-09-09T00:55:10.938542+00:00", "pm1_0": 12.0, "pm2_5": 15.4, "latitude": 25.661757, "longitude": -100.36972 }, "geometry": { "type": "Point", "coordinates": [ -100.36972, 25.661757 ] } },
{ "type": "Feature", "properties": { "sensor_index": 292951, "name": "TEC-AMM-RB-004", "timestamp": "2026-09-09T00:55:10.938542+00:00", "pm1_0": 13.2, "pm2_5": 17.3, "latitude": 25.66194, "longitude": -100.3313 }, "geometry": { "type": "Point", "coordinates": [ -100.3313, 25.66194 ] } },
{ "type": "Feature", "properties": { "sensor_index": 292947, "name": "TEC-AMM-RA-004", "timestamp": "2026-09-09T00:55:10.938542+00:00", "pm1_0": 15.2, "pm2_5": 19.4, "latitude": 25.684696, "longitude": -100.36298 }, "geometry": { "type": "Point", "coordinates": [ -100.36298, 25.684696 ] } },
{ "type": "Feature", "properties": { "sensor_index": 292957, "name": "TEC-AMM-RC-008", "timestamp": "2026-09-09T00:55:10.938542+00:00", "pm1_0": 22.2, "pm2_5": 29.7, "latitude": 25.731503, "longitude": -100.13724 }, "geometry": { "type": "Point", "coordinates": [ -100.13724, 25.731503 ] } },
{ "type": "Feature", "properties": { "sensor_index": 292973, "name": "TEC-AMM-RC-003", "timestamp": "2026-09-09T00:55:10.938542+00:00", "pm1_0": 17.5, "pm2_5": 22.9, "latitude": 25.684975, "longitude": -100.17443 }, "geometry": { "type": "Point", "coordinates": [ -100.17443, 25.684975 ] } },
{ "type": "Feature", "properties": { "sensor_index": 292983, "name": "TEC-AMM-RC-007", "timestamp": "2026-09-09T00:55:10.938542+00:00", "pm1_0": 17.7, "pm2_5": 24.9, "latitude": 25.650148, "longitude": -100.11657 }, "geometry": { "type": "Point", "coordinates": [ -100.11657, 25.650148 ] } },
{ "type": "Feature", "properties": { "sensor_index": 292997, "name": "TEC-AMM-RF-004", "timestamp": "2026-09-09T00:55:10.938542+00:00", "pm1_0": 8.9, "pm2_5": 11.9, "latitude": 25.738094, "longitude": -100.30651 }, "geometry": { "type": "Point", "coordinates": [ -100.30651, 25.738094 ] } },
{ "type": "Feature", "properties": { "sensor_index": 292997, "name": "TEC-AMM-RF-004", "timestamp": "2026-09-09T00:55:10.938542+00:00", "pm1_0": 8.9, "pm2_5": 11.9, "latitude": 25.73373, "longitude": -100.31656 }, "geometry": { "type": "Point", "coordinates": [ -100.31656, 25.73373 ] } },
{ "type": "Feature", "properties": { "sensor_index": 292999, "name": "TEC-AMM-RE-002", "timestamp": "2026-09-09T00:55:10.938542+00:00", "pm1_0": 10.6, "pm2_5": 13.3, "latitude": 25.772509, "longitude": -100.31119 }, "geometry": { "type": "Point", "coordinates": [ -100.31119, 25.772509 ] } },
{ "type": "Feature", "properties": { "sensor_index": 293001, "name": "TEC-AMM-RF-006", "timestamp": "2026-09-09T00:55:10.938542+00:00", "pm1_0": 13.1, "pm2_5": 16.9, "latitude": 25.71829, "longitude": -100.37077 }, "geometry": { "type": "Point", "coordinates": [ -100.37077, 25.71829 ] } },
{ "type": "Feature", "properties": { "sensor_index": 293003, "name": "TEC-AMM-RB-006", "timestamp": "2026-09-09T00:55:10.938542+00:00", "pm1_0": 11.3, "pm2_5": 13.9, "latitude": 25.676483, "longitude": -100.29272 }, "geometry": { "type": "Point", "coordinates": [ -100.29272, 25.676483 ] } },
{ "type": "Feature", "properties": { "sensor_index": 293469, "name": "Leon Ortigosa ABP", "timestamp": "2026-09-09T00:55:10.938542+00:00", "pm1_0": 14.4, "pm2_5": 19.9, "latitude": 25.67212, "longitude": -100.33521 }, "geometry": { "type": "Point", "coordinates": [ -100.33521, 25.67212 ] } },
{ "type": "Feature", "properties": { "sensor_index": 293465, "name": "Loma Larga", "timestamp": "2026-09-09T00:55:10.938542+00:00", "pm1_0": 13.7, "pm2_5": 18.7, "latitude": 25.665812, "longitude": -100.34373 }, "geometry": { "type": "Point", "coordinates": [ -100.34373, 25.665812 ] } },
{ "type": "Feature", "properties": { "sensor_index": 293467, "name": "UMF37", "timestamp": "2026-09-09T00:55:10.938542+00:00", "pm1_0": 13.0, "pm2_5": 18.0, "latitude": 25.687622, "longitude": -100.342964 }, "geometry": { "type": "Point", "coordinates": [ -100.342964, 25.687622 ] } },
{ "type": "Feature", "properties": { "sensor_index": 33027, "name": "Lagos del Bosque", "timestamp": "2026-09-09T00:55:10.938542+00:00", "pm1_0": 6.8, "pm2_5": 9.7, "latitude": 25.600061, "longitude": -100.26256 }, "geometry": { "type": "Point", "coordinates": [ -100.26256, 25.600061 ] } },
{ "type": "Feature", "properties": { "sensor_index": 33117, "name": "Liceo de Monterrey", "timestamp": "2026-09-09T00:55:10.938542+00:00", "pm1_0": 16.6, "pm2_5": 23.8, "latitude": 25.650322, "longitude": -100.32849 }, "geometry": { "type": "Point", "coordinates": [ -100.32849, 25.650322 ] } },
{ "type": "Feature", "properties": { "sensor_index": 34441, "name": "Callejon de los Ayala", "timestamp": "2026-09-09T00:55:10.938542+00:00", "pm1_0": 1.9, "pm2_5": 3.7, "latitude": 25.6665, "longitude": -100.3976 }, "geometry": { "type": "Point", "coordinates": [ -100.3976, 25.6665 ] } },
{ "type": "Feature", "properties": { "sensor_index": 34499, "name": "San Patricio #106", "timestamp": "2026-09-09T00:55:10.938542+00:00", "pm1_0": 0.0, "pm2_5": 0.0, "latitude": 25.641743, "longitude": -100.3472 }, "geometry": { "type": "Point", "coordinates": [ -100.3472, 25.641743 ] } },
{ "type": "Feature", "properties": { "sensor_index": 34511, "name": "Rosario", "timestamp": "2026-09-09T00:55:10.938542+00:00", "pm1_0": 4.7, "pm2_5": 8.9, "latitude": 25.640432, "longitude": -100.392265 }, "geometry": { "type": "Point", "coordinates": [ -100.392265, 25.640432 ] } },
{ "type": "Feature", "properties": { "sensor_index": 38663, "name": "Rayon Norte", "timestamp": "2026-09-09T00:55:10.938542+00:00", "pm1_0": 14.2, "pm2_5": 19.1, "latitude": 25.678823, "longitude": -100.319695 }, "geometry": { "type": "Point", "coordinates": [ -100.319695, 25.678823 ] } },
{ "type": "Feature", "properties": { "sensor_index": 42211, "name": "RF", "timestamp": "2026-09-09T00:55:10.938542+00:00", "pm1_0": 7.8, "pm2_5": 10.7, "latitude": 25.61638, "longitude": -100.316124 }, "geometry": { "type": "Point", "coordinates": [ -100.316124, 25.61638 ] } },
{ "type": "Feature", "properties": { "sensor_index": 305140, "name": "Bicla", "timestamp": "2026-09-09T00:55:10.938542+00:00", "pm1_0": 13.4, "pm2_5": 18.0, "latitude": 25.700935, "longitude": -100.33541 }, "geometry": { "type": "Point", "coordinates": [ -100.33541, 25.700935 ] } },
{ "type": "Feature", "properties": { "sensor_index": 305164, "name": "NuevaMaderoDave", "timestamp": "2026-09-09T00:55:10.938542+00:00", "pm1_0": 8.3, "pm2_5": 11.0, "latitude": 25.688787, "longitude": -100.27929 }, "geometry": { "type": "Point", "coordinates": [ -100.27929, 25.688787 ] } },
{ "type": "Feature", "properties": { "sensor_index": 305192, "name": "11a avenida cumbres 1 sector", "timestamp": "2026-09-09T00:55:10.938542+00:00", "pm1_0": 13.3, "pm2_5": 17.2, "latitude": 25.69958, "longitude": -100.35898 }, "geometry": { "type": "Point", "coordinates": [ -100.35898, 25.69958 ] } },
{ "type": "Feature", "properties": { "sensor_index": 305232, "name": "PurpleAir Ancira Mty", "timestamp": "2026-09-09T00:55:10.938542+00:00", "pm1_0": 15.7, "pm2_5": 19.6, "latitude": 25.651157, "longitude": -100.3062 }, "geometry": { "type": "Point", "coordinates": [ -100.3062, 25.651157 ] } },
{ "type": "Feature", "properties": { "sensor_index": 43627, "name": "Liceo de Monterrey Rosemont", "timestamp": "2026-09-09T00:55:10.938542+00:00", "pm1_0": 5.3, "pm2_5": 6.8, "latitude": 25.67425, "longitude": -100.35398 }, "geometry": { "type": "Point", "coordinates": [ -100.35398, 25.67425 ] } },
{ "type": "Feature", "properties": { "sensor_index": 45769, "name": "Huascaran", "timestamp": "2026-09-09T00:55:10.938542+00:00", "pm1_0": 4.4, "pm2_5": 6.3, "latitude": 25.637255, "longitude": -100.399216 }, "geometry": { "type": "Point", "coordinates": [ -100.399216, 25.637255 ] } },
{ "type": "Feature", "properties": { "sensor_index": 308956, "name": "Jardín de las carreras", "timestamp": "2026-09-09T00:55:10.938542+00:00", "pm1_0": 13.5, "pm2_5": 18.0, "latitude": 25.650595, "longitude": -100.289 }, "geometry": { "type": "Point", "coordinates": [ -100.289, 25.650595 ] } },
{ "type": "Feature", "properties": { "sensor_index": 49949, "name": "El Horizonte", "timestamp": "2026-09-09T00:55:10.938542+00:00", "pm1_0": 7.5, "pm2_5": 11.2, "latitude": 25.677492, "longitude": -100.29761 }, "geometry": { "type": "Point", "coordinates": [ -100.29761, 25.677492 ] } },
{ "type": "Feature", "properties": { "sensor_index": 50555, "name": "Treviño", "timestamp": "2026-09-09T00:55:10.938542+00:00", "pm1_0": 0.0, "pm2_5": 0.0, "latitude": 25.638243, "longitude": -100.36743 }, "geometry": { "type": "Point", "coordinates": [ -100.36743, 25.638243 ] } },
{ "type": "Feature", "properties": { "sensor_index": 50871, "name": "TEC Garza Laguera", "timestamp": "2026-09-09T00:55:10.938542+00:00", "pm1_0": 11.8, "pm2_5": 17.2, "latitude": 25.61827, "longitude": -100.27293 }, "geometry": { "type": "Point", "coordinates": [ -100.27293, 25.61827 ] } },
{ "type": "Feature", "properties": { "sensor_index": 321194, "name": "Ramsesgs", "timestamp": "2026-09-09T00:55:10.938542+00:00", "pm1_0": 13.6, "pm2_5": 17.8, "latitude": 25.61975, "longitude": -100.29781 }, "geometry": { "type": "Point", "coordinates": [ -100.29781, 25.61975 ] } },
{ "type": "Feature", "properties": { "sensor_index": 119937, "name": "Grupo Reforma Cumbres", "timestamp": "2026-09-09T00:55:10.938542+00:00", "pm1_0": 2.8, "pm2_5": 6.1, "latitude": 25.71012, "longitude": -100.37474 }, "geometry": { "type": "Point", "coordinates": [ -100.37474, 25.71012 ] } },
{ "type": "Feature", "properties": { "sensor_index": 119965, "name": "Grupo Reforma El Norte", "timestamp": "2026-09-09T00:55:10.938542+00:00", "pm1_0": 5.8, "pm2_5": 11.4, "latitude": 25.674164, "longitude": -100.30816 }, "geometry": { "type": "Point", "coordinates": [ -100.30816, 25.674164 ] } },
{ "type": "Feature", "properties": { "sensor_index": 121825, "name": "Grupo Reforma Sierra Madre", "timestamp": "2026-09-09T00:55:10.938542+00:00", "pm1_0": 3306.5, "pm2_5": 3306.5, "latitude": 25.663378, "longitude": -100.36808 }, "geometry": { "type": "Point", "coordinates": [ -100.36808, 25.663378 ] } },
{ "type": "Feature", "properties": { "sensor_index": 136522, "name": "Bosques de La Pastora", "timestamp": "2026-09-09T00:55:10.938542+00:00", "pm1_0": 0.0, "pm2_5": 1.6, "latitude": 25.65773, "longitude": -100.251625 }, "geometry": { "type": "Point", "coordinates": [ -100.251625, 25.65773 ] } },
{ "type": "Feature", "properties": { "sensor_index": 147010, "name": "Santa Barbara", "timestamp": "2026-09-09T00:55:10.938542+00:00", "pm1_0": 7.2, "pm2_5": 10.5, "latitude": 25.661701, "longitude": -100.38932 }, "geometry": { "type": "Point", "coordinates": [ -100.38932, 25.661701 ] } },
{ "type": "Feature", "properties": { "sensor_index": 174781, "name": "Colegio Cambridge de Monterrey Campus Mitras", "timestamp": "2026-09-09T00:55:10.938542+00:00", "pm1_0": 14.5, "pm2_5": 17.4, "latitude": 25.696613, "longitude": -100.348114 }, "geometry": { "type": "Point", "coordinates": [ -100.348114, 25.696613 ] } },
{ "type": "Feature", "properties": { "sensor_index": 174787, "name": "Colegio Cambridge de Monterrey Campus Norte", "timestamp": "2026-09-09T00:55:10.938542+00:00", "pm1_0": 11.3, "pm2_5": 12.3, "latitude": 25.779613, "longitude": -100.28022 }, "geometry": { "type": "Point", "coordinates": [ -100.28022, 25.779613 ] } },
{ "type": "Feature", "properties": { "sensor_index": 189431, "name": "BEA", "timestamp": "2026-09-09T00:55:10.938542+00:00", "pm1_0": 10.0, "pm2_5": 15.9, "latitude": 25.65725, "longitude": -100.35996 }, "geometry": { "type": "Point", "coordinates": [ -100.35996, 25.65725 ] } },
{ "type": "Feature", "properties": { "sensor_index": 189435, "name": "Olinalá", "timestamp": "2026-09-09T00:55:10.938542+00:00", "pm1_0": 3.5, "pm2_5": 5.3, "latitude": 25.618986, "longitude": -100.37645 }, "geometry": { "type": "Point", "coordinates": [ -100.37645, 25.618986 ] } },
{ "type": "Feature", "properties": { "sensor_index": 189447, "name": "Río Amazonas NO", "timestamp": "2026-09-09T00:55:10.938542+00:00", "pm1_0": 10.8, "pm2_5": 15.4, "latitude": 25.662104, "longitude": -100.37172 }, "geometry": { "type": "Point", "coordinates": [ -100.37172, 25.662104 ] } },
{ "type": "Feature", "properties": { "sensor_index": 189455, "name": "CHIPINQUE CAV", "timestamp": "2026-09-09T00:55:10.938542+00:00", "pm1_0": 4.0, "pm2_5": 7.1, "latitude": 25.618307, "longitude": -100.359955 }, "geometry": { "type": "Point", "coordinates": [ -100.359955, 25.618307 ] } },
{ "type": "Feature", "properties": { "sensor_index": 189469, "name": "Hospital Zambran Hellion TecSalud", "timestamp": "2026-09-09T00:55:10.938542+00:00", "pm1_0": 10.5, "pm2_5": 16.7, "latitude": 25.64684, "longitude": -100.33364 }, "geometry": { "type": "Point", "coordinates": [ -100.33364, 25.64684 ] } },
{ "type": "Feature", "properties": { "sensor_index": 208785, "name": "Colegio Cambridge de Monterrey Campus Anáhuac", "timestamp": "2026-09-09T00:55:10.938542+00:00", "pm1_0": 13.5, "pm2_5": 15.9, "latitude": 25.77144, "longitude": -100.26785 }, "geometry": { "type": "Point", "coordinates": [ -100.26785, 25.77144 ] } },
{ "type": "Feature", "properties": { "sensor_index": 209147, "name": "Rincon de San Jeronimo", "timestamp": "2026-09-09T00:55:10.938542+00:00", "pm1_0": 9.7, "pm2_5": 14.8, "latitude": 25.691032, "longitude": -100.375786 }, "geometry": { "type": "Point", "coordinates": [ -100.375786, 25.691032 ] } },
{ "type": "Feature", "properties": { "sensor_index": 227879, "name": "Rectoria", "timestamp": "2026-09-09T00:55:10.938542+00:00", "pm1_0": 12.2, "pm2_5": 15.7, "latitude": 25.651268, "longitude": -100.291214 }, "geometry": { "type": "Point", "coordinates": [ -100.291214, 25.651268 ] } },
{ "type": "Feature", "properties": { "sensor_index": 227887, "name": "Sensor_Purple_Air-Explanada_EGP-Entrada_Prin", "timestamp": "2026-09-09T00:55:10.938542+00:00", "pm1_0": 13.7, "pm2_5": 16.9, "latitude": 25.64419, "longitude": -100.3255 }, "geometry": { "type": "Point", "coordinates": [ -100.3255, 25.64419 ] } },
{ "type": "Feature", "properties": { "sensor_index": 227889, "name": "Parque central", "timestamp": "2026-09-09T00:55:10.938542+00:00", "pm1_0": 9.8, "pm2_5": 11.7, "latitude": 25.652395, "longitude": -100.28713 }, "geometry": { "type": "Point", "coordinates": [ -100.28713, 25.652395 ] } },
{ "type": "Feature", "properties": { "sensor_index": 227907, "name": "Estacionamiento Alumnos", "timestamp": "2026-09-09T00:55:10.938542+00:00", "pm1_0": 9.4, "pm2_5": 12.4, "latitude": 25.744081, "longitude": -100.28277 }, "geometry": { "type": "Point", "coordinates": [ -100.28277, 25.744081 ] } },
{ "type": "Feature", "properties": { "sensor_index": 227913, "name": "EGADE-Sombrillas", "timestamp": "2026-09-09T00:55:10.938542+00:00", "pm1_0": 13.4, "pm2_5": 17.6, "latitude": 25.643106, "longitude": -100.32573 }, "geometry": { "type": "Point", "coordinates": [ -100.32573, 25.643106 ] } },
{ "type": "Feature", "properties": { "sensor_index": 228003, "name": "EGL-Jardín Robótica", "timestamp": "2026-09-09T00:55:10.938542+00:00", "pm1_0": 12.6, "pm2_5": 16.5, "latitude": 25.61803, "longitude": -100.27554 }, "geometry": { "type": "Point", "coordinates": [ -100.27554, 25.61803 ] } },
{ "type": "Feature", "properties": { "sensor_index": 228001, "name": "C-MTY Explanada 2", "timestamp": "2026-09-09T00:55:10.938542+00:00", "pm1_0": 14.4, "pm2_5": 19.9, "latitude": 25.656332, "longitude": -100.20696 }, "geometry": { "type": "Point", "coordinates": [ -100.20696, 25.656332 ] } },
{ "type": "Feature", "properties": { "sensor_index": 228383, "name": "Estadio Banorte", "timestamp": "2026-09-09T00:55:10.938542+00:00", "pm1_0": 13.7, "pm2_5": 16.9, "latitude": 25.654228, "longitude": -100.28651 }, "geometry": { "type": "Point", "coordinates": [ -100.28651, 25.654228 ] } },
{ "type": "Feature", "properties": { "sensor_index": 228381, "name": "C-MTY RAMPA CAFETERÍA", "timestamp": "2026-09-09T00:55:10.938542+00:00", "pm1_0": 12.5, "pm2_5": 16.3, "latitude": 25.628263, "longitude": -100.30376 }, "geometry": { "type": "Point", "coordinates": [ -100.30376, 25.628263 ] } },
{ "type": "Feature", "properties": { "sensor_index": 228389, "name": "PEGS-Sensor-Canchas", "timestamp": "2026-09-09T00:55:10.938542+00:00", "pm1_0": 13.7, "pm2_5": 16.5, "latitude": 25.670425, "longitude": -100.35683 }, "geometry": { "type": "Point", "coordinates": [ -100.35683, 25.670425 ] } },
{ "type": "Feature", "properties": { "sensor_index": 228407, "name": "CEDES", "timestamp": "2026-09-09T00:55:10.938542+00:00", "pm1_0": 11.3, "pm2_5": 13.6, "latitude": 25.653677, "longitude": -100.29242 }, "geometry": { "type": "Point", "coordinates": [ -100.29242, 25.653677 ] } },
{ "type": "Feature", "properties": { "sensor_index": 278863, "name": "Rio Balsas", "timestamp": "2026-09-09T01:16:19.952358+00:00", "pm1_0": 10.1, "pm2_5": 13.0, "latitude": 25.662691, "longitude": -100.37312 }, "geometry": { "type": "Point", "coordinates": [ -100.37312, 25.662691 ] } },
{ "type": "Feature", "properties": { "sensor_index": 278869, "name": "Veredalta", "timestamp": "2026-09-09T01:16:19.952358+00:00", "pm1_0": 9.4, "pm2_5": 12.4, "latitude": 25.638226, "longitude": -100.3525 }, "geometry": { "type": "Point", "coordinates": [ -100.3525, 25.638226 ] } },
{ "type": "Feature", "properties": { "sensor_index": 278871, "name": "Parroquia Reina de Los Ángeles", "timestamp": "2026-09-09T01:16:19.952358+00:00", "pm1_0": 6.0, "pm2_5": 8.0, "latitude": 25.636341, "longitude": -100.36872 }, "geometry": { "type": "Point", "coordinates": [ -100.36872, 25.636341 ] } },
{ "type": "Feature", "properties": { "sensor_index": 278875, "name": "Secretaría de Relaciones Exteriores", "timestamp": "2026-09-09T01:16:19.952358+00:00", "pm1_0": 10.9, "pm2_5": 14.8, "latitude": 25.667723, "longitude": -100.38136 }, "geometry": { "type": "Point", "coordinates": [ -100.38136, 25.667723 ] } },
{ "type": "Feature", "properties": { "sensor_index": 278883, "name": "Mater International Institute", "timestamp": "2026-09-09T01:16:19.952358+00:00", "pm1_0": 9.5, "pm2_5": 12.3, "latitude": 25.641127, "longitude": -100.362755 }, "geometry": { "type": "Point", "coordinates": [ -100.362755, 25.641127 ] } },
{ "type": "Feature", "properties": { "sensor_index": 278889, "name": "Chipinque Meseta", "timestamp": "2026-09-09T01:16:19.952358+00:00", "pm1_0": 2.7, "pm2_5": 4.0, "latitude": 25.607624, "longitude": -100.355156 }, "geometry": { "type": "Point", "coordinates": [ -100.355156, 25.607624 ] } },
{ "type": "Feature", "properties": { "sensor_index": 278901, "name": "OFICINAS SAN PEDRO PARQUES", "timestamp": "2026-09-09T01:16:19.952358+00:00", "pm1_0": 9.5, "pm2_5": 11.7, "latitude": 25.644024, "longitude": -100.376305 }, "geometry": { "type": "Point", "coordinates": [ -100.376305, 25.644024 ] } },
{ "type": "Feature", "properties": { "sensor_index": 278919, "name": "Residencia Tabachín", "timestamp": "2026-09-09T01:16:19.952358+00:00", "pm1_0": 6.9, "pm2_5": 9.2, "latitude": 25.630367, "longitude": -100.34808 }, "geometry": { "type": "Point", "coordinates": [ -100.34808, 25.630367 ] } },
{ "type": "Feature", "properties": { "sensor_index": 278929, "name": "Rio Caura", "timestamp": "2026-09-09T01:16:19.952358+00:00", "pm1_0": 10.9, "pm2_5": 15.0, "latitude": 25.659946, "longitude": -100.38283 }, "geometry": { "type": "Point", "coordinates": [ -100.38283, 25.659946 ] } },
{ "type": "Feature", "properties": { "sensor_index": 278931, "name": "Residencia Platon", "timestamp": "2026-09-09T01:16:19.952358+00:00", "pm1_0": 9.6, "pm2_5": 12.3, "latitude": 25.630522, "longitude": -100.36023 }, "geometry": { "type": "Point", "coordinates": [ -100.36023, 25.630522 ] } },
{ "type": "Feature", "properties": { "sensor_index": 278937, "name": "Residencia Saqqara", "timestamp": "2026-09-09T01:16:19.952358+00:00", "pm1_0": 8.0, "pm2_5": 10.5, "latitude": 25.652473, "longitude": -100.349236 }, "geometry": { "type": "Point", "coordinates": [ -100.349236, 25.652473 ] } },
{ "type": "Feature", "properties": { "sensor_index": 278939, "name": "Residencia Rio Rosas", "timestamp": "2026-09-09T01:16:19.952358+00:00", "pm1_0": 9.0, "pm2_5": 11.9, "latitude": 25.656303, "longitude": -100.36027 }, "geometry": { "type": "Point", "coordinates": [ -100.36027, 25.656303 ] } },
{ "type": "Feature", "properties": { "sensor_index": 278951, "name": "Parque El Capitán", "timestamp": "2026-09-09T01:16:19.952358+00:00", "pm1_0": 14.4, "pm2_5": 19.1, "latitude": 25.663504, "longitude": -100.35734 }, "geometry": { "type": "Point", "coordinates": [ -100.35734, 25.663504 ] } },
{ "type": "Feature", "properties": { "sensor_index": 278957, "name": "Los Pinos", "timestamp": "2026-09-09T01:16:19.952358+00:00", "pm1_0": 9.2, "pm2_5": 13.8, "latitude": 25.672205, "longitude": -100.397354 }, "geometry": { "type": "Point", "coordinates": [ -100.397354, 25.672205 ] } },
{ "type": "Feature", "properties": { "sensor_index": 278959, "name": "Colegio Nobel", "timestamp": "2026-09-09T01:16:19.952358+00:00", "pm1_0": 9.8, "pm2_5": 13.9, "latitude": 25.657562, "longitude": -100.39641 }, "geometry": { "type": "Point", "coordinates": [ -100.39641, 25.657562 ] } },
{ "type": "Feature", "properties": { "sensor_index": 278955, "name": "Residencia San Mateo", "timestamp": "2026-09-09T01:16:19.952358+00:00", "pm1_0": 13.5, "pm2_5": 16.9, "latitude": 25.643766, "longitude": -100.31643 }, "geometry": { "type": "Point", "coordinates": [ -100.31643, 25.643766 ] } },
{ "type": "Feature", "properties": { "sensor_index": 279836, "name": "San Roberto International School San Agustin", "timestamp": "2026-09-09T01:16:19.952358+00:00", "pm1_0": 9.1, "pm2_5": 11.7, "latitude": 25.646032, "longitude": -100.338165 }, "geometry": { "type": "Point", "coordinates": [ -100.338165, 25.646032 ] } },
{ "type": "Feature", "properties": { "sensor_index": 279834, "name": "Colegio Ingles Campus Encino", "timestamp": "2026-09-09T01:16:19.952358+00:00", "pm1_0": 9.1, "pm2_5": 11.9, "latitude": 25.637669, "longitude": -100.33746 }, "geometry": { "type": "Point", "coordinates": [ -100.33746, 25.637669 ] } },
{ "type": "Feature", "properties": { "sensor_index": 279854, "name": "Pinos", "timestamp": "2026-09-09T01:16:19.952358+00:00", "pm1_0": 10.2, "pm2_5": 11.9, "latitude": 25.65975, "longitude": -100.349976 }, "geometry": { "type": "Point", "coordinates": [ -100.349976, 25.65975 ] } },
{ "type": "Feature", "properties": { "sensor_index": 279866, "name": "Lomas del Campestre", "timestamp": "2026-09-09T01:16:19.952358+00:00", "pm1_0": 8.9, "pm2_5": 11.9, "latitude": 25.638052, "longitude": -100.33173 }, "geometry": { "type": "Point", "coordinates": [ -100.33173, 25.638052 ] } },
{ "type": "Feature", "properties": { "sensor_index": 279890, "name": "María Desatadora de Nudos", "timestamp": "2026-09-09T01:16:19.952358+00:00", "pm1_0": 3.0, "pm2_5": 3.9, "latitude": 25.624146, "longitude": -100.37315 }, "geometry": { "type": "Point", "coordinates": [ -100.37315, 25.624146 ] } },
{ "type": "Feature", "properties": { "sensor_index": 279926, "name": "Parque Mississippi", "timestamp": "2026-09-09T01:16:19.952358+00:00", "pm1_0": 9.8, "pm2_5": 11.8, "latitude": 25.657495, "longitude": -100.36317 }, "geometry": { "type": "Point", "coordinates": [ -100.36317, 25.657495 ] } },
{ "type": "Feature", "properties": { "sensor_index": 280524, "name": "Privada Paso de la Sierra", "timestamp": "2026-09-09T01:16:19.952358+00:00", "pm1_0": 9.5, "pm2_5": 11.4, "latitude": 25.648457, "longitude": -100.36256 }, "geometry": { "type": "Point", "coordinates": [ -100.36256, 25.648457 ] } },
{ "type": "Feature", "properties": { "sensor_index": 280520, "name": "Irish International School Campus First School", "timestamp": "2026-09-09T01:16:19.952358+00:00", "pm1_0": 9.7, "pm2_5": 12.2, "latitude": 25.639212, "longitude": -100.34154 }, "geometry": { "type": "Point", "coordinates": [ -100.34154, 25.639212 ] } },
{ "type": "Feature", "properties": { "sensor_index": 280532, "name": "Museo La Milarca", "timestamp": "2026-09-09T01:16:19.952358+00:00", "pm1_0": 11.5, "pm2_5": 14.2, "latitude": 25.64443, "longitude": -100.32734 }, "geometry": { "type": "Point", "coordinates": [ -100.32734, 25.64443 ] } },
{ "type": "Feature", "properties": { "sensor_index": 280534, "name": "Residencia Savotino", "timestamp": "2026-09-09T01:16:19.952358+00:00", "pm1_0": 11.8, "pm2_5": 15.5, "latitude": 25.662497, "longitude": -100.36313 }, "geometry": { "type": "Point", "coordinates": [ -100.36313, 25.662497 ] } },
{ "type": "Feature", "properties": { "sensor_index": 280644, "name": "Residencia nogal", "timestamp": "2026-09-09T01:16:19.952358+00:00", "pm1_0": 2.3, "pm2_5": 3.2, "latitude": 25.61478, "longitude": -100.368286 }, "geometry": { "type": "Point", "coordinates": [ -100.368286, 25.61478 ] } },
{ "type": "Feature", "properties": { "sensor_index": 280900, "name": "Rio Necaxa", "timestamp": "2026-09-09T01:16:19.952358+00:00", "pm1_0": 12.1, "pm2_5": 16.2, "latitude": 25.65677, "longitude": -100.344666 }, "geometry": { "type": "Point", "coordinates": [ -100.344666, 25.65677 ] } },
{ "type": "Feature", "properties": { "sensor_index": 280902, "name": "Residencia Rio Pesqueria", "timestamp": "2026-09-09T01:16:19.952358+00:00", "pm1_0": 11.5, "pm2_5": 14.6, "latitude": 25.658936, "longitude": -100.37394 }, "geometry": { "type": "Point", "coordinates": [ -100.37394, 25.658936 ] } },
{ "type": "Feature", "properties": { "sensor_index": 284960, "name": "Esquina Barranquilla y Patagonia (Altavista)", "timestamp": "2026-09-09T01:16:19.952358+00:00", "pm1_0": 14.2, "pm2_5": 17.7, "latitude": 25.644045, "longitude": -100.29044 }, "geometry": { "type": "Point", "coordinates": [ -100.29044, 25.644045 ] } },
{ "type": "Feature", "properties": { "sensor_index": 286238, "name": "Oasis", "timestamp": "2026-09-09T01:16:19.952358+00:00", "pm1_0": 20.0, "pm2_5": 24.5, "latitude": 25.640884, "longitude": -100.30304 }, "geometry": { "type": "Point", "coordinates": [ -100.30304, 25.640884 ] } },
{ "type": "Feature", "properties": { "sensor_index": 286240, "name": "Casa Naranjos", "timestamp": "2026-09-09T01:16:19.952358+00:00", "pm1_0": 6.6, "pm2_5": 8.2, "latitude": 25.654285, "longitude": -100.28977 }, "geometry": { "type": "Point", "coordinates": [ -100.28977, 25.654285 ] } },
{ "type": "Feature", "properties": { "sensor_index": 288064, "name": "Terminal", "timestamp": "2026-09-09T01:16:19.952358+00:00", "pm1_0": 4.6, "pm2_5": 5.8, "latitude": 25.686438, "longitude": -100.29351 }, "geometry": { "type": "Point", "coordinates": [ -100.29351, 25.686438 ] } },
{ "type": "Feature", "properties": { "sensor_index": 288066, "name": "Hospital de San Vicente", "timestamp": "2026-09-09T01:16:19.952358+00:00", "pm1_0": 15.4, "pm2_5": 18.6, "latitude": 25.67851, "longitude": -100.324974 }, "geometry": { "type": "Point", "coordinates": [ -100.324974, 25.67851 ] } },
{ "type": "Feature", "properties": { "sensor_index": 288332, "name": "Facultad de Salud Pública y Nutrición", "timestamp": "2026-09-09T01:16:19.952358+00:00", "pm1_0": 14.4, "pm2_5": 18.4, "latitude": 25.688875, "longitude": -100.34783 }, "geometry": { "type": "Point", "coordinates": [ -100.34783, 25.688875 ] } },
{ "type": "Feature", "properties": { "sensor_index": 292893, "name": "TEC-AMM-RB-005", "timestamp": "2026-09-09T01:16:19.952358+00:00", "pm1_0": 7.8, "pm2_5": 10.3, "latitude": 25.658117, "longitude": -100.26312 }, "geometry": { "type": "Point", "coordinates": [ -100.26312, 25.658117 ] } },
{ "type": "Feature", "properties": { "sensor_index": 292895, "name": "TEC-AMM-RD-004", "timestamp": "2026-09-09T01:16:19.952358+00:00", "pm1_0": 14.0, "pm2_5": 17.5, "latitude": 25.774128, "longitude": -100.26622 }, "geometry": { "type": "Point", "coordinates": [ -100.26622, 25.774128 ] } },
{ "type": "Feature", "properties": { "sensor_index": 292889, "name": "TEC-AMM-RB-003", "timestamp": "2026-09-09T01:16:19.952358+00:00", "pm1_0": 7.8, "pm2_5": 9.9, "latitude": 25.654068, "longitude": -100.22748 }, "geometry": { "type": "Point", "coordinates": [ -100.22748, 25.654068 ] } },
{ "type": "Feature", "properties": { "sensor_index": 292891, "name": "TEC-AMM-RC-004", "timestamp": "2026-09-09T01:16:19.952358+00:00", "pm1_0": 16.1, "pm2_5": 18.9, "latitude": 25.639277, "longitude": -100.17398 }, "geometry": { "type": "Point", "coordinates": [ -100.17398, 25.639277 ] } },
{ "type": "Feature", "properties": { "sensor_index": 292901, "name": "TEC-AMM-RF-004", "timestamp": "2026-09-09T01:16:19.952358+00:00", "pm1_0": 8.8, "pm2_5": 10.4, "latitude": 25.738094, "longitude": -100.30651 }, "geometry": { "type": "Point", "coordinates": [ -100.30651, 25.738094 ] } },
{ "type": "Feature", "properties": { "sensor_index": 292901, "name": "TEC-AMM-RF-004", "timestamp": "2026-09-09T01:16:19.952358+00:00", "pm1_0": 8.8, "pm2_5": 10.4, "latitude": 25.73373, "longitude": -100.31656 }, "geometry": { "type": "Point", "coordinates": [ -100.31656, 25.73373 ] } },
{ "type": "Feature", "properties": { "sensor_index": 292897, "name": "TEC-AMM-RF-005", "timestamp": "2026-09-09T01:16:19.952358+00:00", "pm1_0": 11.6, "pm2_5": 14.9, "latitude": 25.770947, "longitude": -100.36825 }, "geometry": { "type": "Point", "coordinates": [ -100.36825, 25.770947 ] } },
{ "type": "Feature", "properties": { "sensor_index": 292905, "name": "TEC-AMM-RC-006", "timestamp": "2026-09-09T01:16:19.952358+00:00", "pm1_0": 22.3, "pm2_5": 29.9, "latitude": 25.608519, "longitude": -100.1551 }, "geometry": { "type": "Point", "coordinates": [ -100.1551, 25.608519 ] } },
{ "type": "Feature", "properties": { "sensor_index": 292941, "name": "TEC-AMM-RD-005", "timestamp": "2026-09-09T01:16:19.952358+00:00", "pm1_0": 8.8, "pm2_5": 11.6, "latitude": 25.760899, "longitude": -100.16765 }, "geometry": { "type": "Point", "coordinates": [ -100.16765, 25.760899 ] } },
{ "type": "Feature", "properties": { "sensor_index": 292943, "name": "TEC-AMM-RC-005", "timestamp": "2026-09-09T01:16:19.952358+00:00", "pm1_0": 18.8, "pm2_5": 24.1, "latitude": 25.646128, "longitude": -100.14929 }, "geometry": { "type": "Point", "coordinates": [ -100.14929, 25.646128 ] } },
{ "type": "Feature", "properties": { "sensor_index": 292939, "name": "TEC-AMM-RA-001", "timestamp": "2026-09-09T01:16:19.952358+00:00", "pm1_0": 11.4, "pm2_5": 13.9, "latitude": 25.658657, "longitude": -100.399 }, "geometry": { "type": "Point", "coordinates": [ -100.399, 25.658657 ] } },
{ "type": "Feature", "properties": { "sensor_index": 292949, "name": "TEC-AMM-RA-003", "timestamp": "2026-09-09T01:16:19.952358+00:00", "pm1_0": 10.2, "pm2_5": 12.9, "latitude": 25.661757, "longitude": -100.36972 }, "geometry": { "type": "Point", "coordinates": [ -100.36972, 25.661757 ] } },
{ "type": "Feature", "properties": { "sensor_index": 292951, "name": "TEC-AMM-RB-004", "timestamp": "2026-09-09T01:16:19.952358+00:00", "pm1_0": 14.0, "pm2_5": 18.2, "latitude": 25.66194, "longitude": -100.3313 }, "geometry": { "type": "Point", "coordinates": [ -100.3313, 25.66194 ] } },
{ "type": "Feature", "properties": { "sensor_index": 292947, "name": "TEC-AMM-RA-004", "timestamp": "2026-09-09T01:16:19.952358+00:00", "pm1_0": 15.6, "pm2_5": 19.0, "latitude": 25.684696, "longitude": -100.36298 }, "geometry": { "type": "Point", "coordinates": [ -100.36298, 25.684696 ] } },
{ "type": "Feature", "properties": { "sensor_index": 292957, "name": "TEC-AMM-RC-008", "timestamp": "2026-09-09T01:16:19.952358+00:00", "pm1_0": 22.2, "pm2_5": 29.7, "latitude": 25.731503, "longitude": -100.13724 }, "geometry": { "type": "Point", "coordinates": [ -100.13724, 25.731503 ] } },
{ "type": "Feature", "properties": { "sensor_index": 292973, "name": "TEC-AMM-RC-003", "timestamp": "2026-09-09T01:16:19.952358+00:00", "pm1_0": 18.5, "pm2_5": 25.0, "latitude": 25.684975, "longitude": -100.17443 }, "geometry": { "type": "Point", "coordinates": [ -100.17443, 25.684975 ] } },
{ "type": "Feature", "properties": { "sensor_index": 292983, "name": "TEC-AMM-RC-007", "timestamp": "2026-09-09T01:16:19.952358+00:00", "pm1_0": 17.7, "pm2_5": 24.9, "latitude": 25.650148, "longitude": -100.11657 }, "geometry": { "type": "Point", "coordinates": [ -100.11657, 25.650148 ] } },
{ "type": "Feature", "properties": { "sensor_index": 292997, "name": "TEC-AMM-RF-004", "timestamp": "2026-09-09T01:16:19.952358+00:00", "pm1_0": 10.6, "pm2_5": 13.7, "latitude": 25.738094, "longitude": -100.30651 }, "geometry": { "type": "Point", "coordinates": [ -100.30651, 25.738094 ] } },
{ "type": "Feature", "properties": { "sensor_index": 292997, "name": "TEC-AMM-RF-004", "timestamp": "2026-09-09T01:16:19.952358+00:00", "pm1_0": 10.6, "pm2_5": 13.7, "latitude": 25.73373, "longitude": -100.31656 }, "geometry": { "type": "Point", "coordinates": [ -100.31656, 25.73373 ] } },
{ "type": "Feature", "properties": { "sensor_index": 292999, "name": "TEC-AMM-RE-002", "timestamp": "2026-09-09T01:16:19.952358+00:00", "pm1_0": 11.3, "pm2_5": 13.7, "latitude": 25.772509, "longitude": -100.31119 }, "geometry": { "type": "Point", "coordinates": [ -100.31119, 25.772509 ] } },
{ "type": "Feature", "properties": { "sensor_index": 293001, "name": "TEC-AMM-RF-006", "timestamp": "2026-09-09T01:16:19.952358+00:00", "pm1_0": 13.5, "pm2_5": 17.8, "latitude": 25.71829, "longitude": -100.37077 }, "geometry": { "type": "Point", "coordinates": [ -100.37077, 25.71829 ] } },
{ "type": "Feature", "properties": { "sensor_index": 293003, "name": "TEC-AMM-RB-006", "timestamp": "2026-09-09T01:16:19.952358+00:00", "pm1_0": 3.5, "pm2_5": 4.1, "latitude": 25.676483, "longitude": -100.29272 }, "geometry": { "type": "Point", "coordinates": [ -100.29272, 25.676483 ] } },
{ "type": "Feature", "properties": { "sensor_index": 293469, "name": "Leon Ortigosa ABP", "timestamp": "2026-09-09T01:16:19.952358+00:00", "pm1_0": 12.7, "pm2_5": 17.4, "latitude": 25.67212, "longitude": -100.33521 }, "geometry": { "type": "Point", "coordinates": [ -100.33521, 25.67212 ] } },
{ "type": "Feature", "properties": { "sensor_index": 293465, "name": "Loma Larga", "timestamp": "2026-09-09T01:16:19.952358+00:00", "pm1_0": 14.1, "pm2_5": 19.4, "latitude": 25.665812, "longitude": -100.34373 }, "geometry": { "type": "Point", "coordinates": [ -100.34373, 25.665812 ] } },
{ "type": "Feature", "properties": { "sensor_index": 293467, "name": "UMF37", "timestamp": "2026-09-09T01:16:19.952358+00:00", "pm1_0": 13.6, "pm2_5": 17.9, "latitude": 25.687622, "longitude": -100.342964 }, "geometry": { "type": "Point", "coordinates": [ -100.342964, 25.687622 ] } },
{ "type": "Feature", "properties": { "sensor_index": 33027, "name": "Lagos del Bosque", "timestamp": "2026-09-09T01:16:19.952358+00:00", "pm1_0": 6.5, "pm2_5": 9.9, "latitude": 25.600061, "longitude": -100.26256 }, "geometry": { "type": "Point", "coordinates": [ -100.26256, 25.600061 ] } },
{ "type": "Feature", "properties": { "sensor_index": 33117, "name": "Liceo de Monterrey", "timestamp": "2026-09-09T01:16:19.952358+00:00", "pm1_0": 16.0, "pm2_5": 23.6, "latitude": 25.650322, "longitude": -100.32849 }, "geometry": { "type": "Point", "coordinates": [ -100.32849, 25.650322 ] } },
{ "type": "Feature", "properties": { "sensor_index": 34441, "name": "Callejon de los Ayala", "timestamp": "2026-09-09T01:16:19.952358+00:00", "pm1_0": 3.1, "pm2_5": 5.3, "latitude": 25.6665, "longitude": -100.3976 }, "geometry": { "type": "Point", "coordinates": [ -100.3976, 25.6665 ] } },
{ "type": "Feature", "properties": { "sensor_index": 34499, "name": "San Patricio #106", "timestamp": "2026-09-09T01:16:19.952358+00:00", "pm1_0": 0.0, "pm2_5": 0.0, "latitude": 25.641743, "longitude": -100.3472 }, "geometry": { "type": "Point", "coordinates": [ -100.3472, 25.641743 ] } },
{ "type": "Feature", "properties": { "sensor_index": 34511, "name": "Rosario", "timestamp": "2026-09-09T01:16:19.952358+00:00", "pm1_0": 5.0, "pm2_5": 7.8, "latitude": 25.640432, "longitude": -100.392265 }, "geometry": { "type": "Point", "coordinates": [ -100.392265, 25.640432 ] } },
{ "type": "Feature", "properties": { "sensor_index": 38663, "name": "Rayon Norte", "timestamp": "2026-09-09T01:16:19.952358+00:00", "pm1_0": 14.2, "pm2_5": 19.1, "latitude": 25.678823, "longitude": -100.319695 }, "geometry": { "type": "Point", "coordinates": [ -100.319695, 25.678823 ] } },
{ "type": "Feature", "properties": { "sensor_index": 42211, "name": "RF", "timestamp": "2026-09-09T01:16:19.952358+00:00", "pm1_0": 6.3, "pm2_5": 8.8, "latitude": 25.61638, "longitude": -100.316124 }, "geometry": { "type": "Point", "coordinates": [ -100.316124, 25.61638 ] } },
{ "type": "Feature", "properties": { "sensor_index": 305140, "name": "Bicla", "timestamp": "2026-09-09T01:16:19.952358+00:00", "pm1_0": 12.6, "pm2_5": 17.7, "latitude": 25.700935, "longitude": -100.33541 }, "geometry": { "type": "Point", "coordinates": [ -100.33541, 25.700935 ] } },
{ "type": "Feature", "properties": { "sensor_index": 305164, "name": "NuevaMaderoDave", "timestamp": "2026-09-09T01:16:19.952358+00:00", "pm1_0": 7.1, "pm2_5": 9.0, "latitude": 25.688787, "longitude": -100.27929 }, "geometry": { "type": "Point", "coordinates": [ -100.27929, 25.688787 ] } },
{ "type": "Feature", "properties": { "sensor_index": 305192, "name": "11a avenida cumbres 1 sector", "timestamp": "2026-09-09T01:16:19.952358+00:00", "pm1_0": 13.1, "pm2_5": 16.8, "latitude": 25.69958, "longitude": -100.35898 }, "geometry": { "type": "Point", "coordinates": [ -100.35898, 25.69958 ] } },
{ "type": "Feature", "properties": { "sensor_index": 305232, "name": "PurpleAir Ancira Mty", "timestamp": "2026-09-09T01:16:19.952358+00:00", "pm1_0": 16.7, "pm2_5": 21.8, "latitude": 25.651157, "longitude": -100.3062 }, "geometry": { "type": "Point", "coordinates": [ -100.3062, 25.651157 ] } },
{ "type": "Feature", "properties": { "sensor_index": 43627, "name": "Liceo de Monterrey Rosemont", "timestamp": "2026-09-09T01:16:19.952358+00:00", "pm1_0": 5.6, "pm2_5": 6.9, "latitude": 25.67425, "longitude": -100.35398 }, "geometry": { "type": "Point", "coordinates": [ -100.35398, 25.67425 ] } },
{ "type": "Feature", "properties": { "sensor_index": 45769, "name": "Huascaran", "timestamp": "2026-09-09T01:16:19.952358+00:00", "pm1_0": 1.5, "pm2_5": 2.6, "latitude": 25.637255, "longitude": -100.399216 }, "geometry": { "type": "Point", "coordinates": [ -100.399216, 25.637255 ] } },
{ "type": "Feature", "properties": { "sensor_index": 308956, "name": "Jardín de las carreras", "timestamp": "2026-09-09T01:16:19.952358+00:00", "pm1_0": 10.1, "pm2_5": 13.6, "latitude": 25.650595, "longitude": -100.289 }, "geometry": { "type": "Point", "coordinates": [ -100.289, 25.650595 ] } },
{ "type": "Feature", "properties": { "sensor_index": 49949, "name": "El Horizonte", "timestamp": "2026-09-09T01:16:19.952358+00:00", "pm1_0": 3.3, "pm2_5": 5.3, "latitude": 25.677492, "longitude": -100.29761 }, "geometry": { "type": "Point", "coordinates": [ -100.29761, 25.677492 ] } },
{ "type": "Feature", "properties": { "sensor_index": 50555, "name": "Treviño", "timestamp": "2026-09-09T01:16:19.952358+00:00", "pm1_0": 0.0, "pm2_5": 0.0, "latitude": 25.638243, "longitude": -100.36743 }, "geometry": { "type": "Point", "coordinates": [ -100.36743, 25.638243 ] } },
{ "type": "Feature", "properties": { "sensor_index": 50871, "name": "TEC Garza Laguera", "timestamp": "2026-09-09T01:16:19.952358+00:00", "pm1_0": 11.8, "pm2_5": 17.2, "latitude": 25.61827, "longitude": -100.27293 }, "geometry": { "type": "Point", "coordinates": [ -100.27293, 25.61827 ] } },
{ "type": "Feature", "properties": { "sensor_index": 321194, "name": "Ramsesgs", "timestamp": "2026-09-09T01:16:19.952358+00:00", "pm1_0": 12.9, "pm2_5": 17.1, "latitude": 25.61975, "longitude": -100.29781 }, "geometry": { "type": "Point", "coordinates": [ -100.29781, 25.61975 ] } },
{ "type": "Feature", "properties": { "sensor_index": 119937, "name": "Grupo Reforma Cumbres", "timestamp": "2026-09-09T01:16:19.952358+00:00", "pm1_0": 2.2, "pm2_5": 6.5, "latitude": 25.71012, "longitude": -100.37474 }, "geometry": { "type": "Point", "coordinates": [ -100.37474, 25.71012 ] } },
{ "type": "Feature", "properties": { "sensor_index": 119965, "name": "Grupo Reforma El Norte", "timestamp": "2026-09-09T01:16:19.952358+00:00", "pm1_0": 4.6, "pm2_5": 8.9, "latitude": 25.674164, "longitude": -100.30816 }, "geometry": { "type": "Point", "coordinates": [ -100.30816, 25.674164 ] } },
{ "type": "Feature", "properties": { "sensor_index": 121825, "name": "Grupo Reforma Sierra Madre", "timestamp": "2026-09-09T01:16:19.952358+00:00", "pm1_0": 3320.9, "pm2_5": 3320.9, "latitude": 25.663378, "longitude": -100.36808 }, "geometry": { "type": "Point", "coordinates": [ -100.36808, 25.663378 ] } },
{ "type": "Feature", "properties": { "sensor_index": 136522, "name": "Bosques de La Pastora", "timestamp": "2026-09-09T01:16:19.952358+00:00", "pm1_0": 0.0, "pm2_5": 0.3, "latitude": 25.65773, "longitude": -100.251625 }, "geometry": { "type": "Point", "coordinates": [ -100.251625, 25.65773 ] } },
{ "type": "Feature", "properties": { "sensor_index": 147010, "name": "Santa Barbara", "timestamp": "2026-09-09T01:16:19.952358+00:00", "pm1_0": 6.6, "pm2_5": 9.1, "latitude": 25.661701, "longitude": -100.38932 }, "geometry": { "type": "Point", "coordinates": [ -100.38932, 25.661701 ] } },
{ "type": "Feature", "properties": { "sensor_index": 174781, "name": "Colegio Cambridge de Monterrey Campus Mitras", "timestamp": "2026-09-09T01:16:19.952358+00:00", "pm1_0": 13.2, "pm2_5": 15.8, "latitude": 25.696613, "longitude": -100.348114 }, "geometry": { "type": "Point", "coordinates": [ -100.348114, 25.696613 ] } },
{ "type": "Feature", "properties": { "sensor_index": 174787, "name": "Colegio Cambridge de Monterrey Campus Norte", "timestamp": "2026-09-09T01:16:19.952358+00:00", "pm1_0": 11.9, "pm2_5": 13.6, "latitude": 25.779613, "longitude": -100.28022 }, "geometry": { "type": "Point", "coordinates": [ -100.28022, 25.779613 ] } },
{ "type": "Feature", "properties": { "sensor_index": 189431, "name": "BEA", "timestamp": "2026-09-09T01:16:19.952358+00:00", "pm1_0": 8.5, "pm2_5": 12.9, "latitude": 25.65725, "longitude": -100.35996 }, "geometry": { "type": "Point", "coordinates": [ -100.35996, 25.65725 ] } },
{ "type": "Feature", "properties": { "sensor_index": 189435, "name": "Olinalá", "timestamp": "2026-09-09T01:16:19.952358+00:00", "pm1_0": 1.8, "pm2_5": 2.7, "latitude": 25.618986, "longitude": -100.37645 }, "geometry": { "type": "Point", "coordinates": [ -100.37645, 25.618986 ] } },
{ "type": "Feature", "properties": { "sensor_index": 189447, "name": "Río Amazonas NO", "timestamp": "2026-09-09T01:16:19.952358+00:00", "pm1_0": 9.8, "pm2_5": 14.2, "latitude": 25.662104, "longitude": -100.37172 }, "geometry": { "type": "Point", "coordinates": [ -100.37172, 25.662104 ] } },
{ "type": "Feature", "properties": { "sensor_index": 189455, "name": "CHIPINQUE CAV", "timestamp": "2026-09-09T01:16:19.952358+00:00", "pm1_0": 3.2, "pm2_5": 5.5, "latitude": 25.618307, "longitude": -100.359955 }, "geometry": { "type": "Point", "coordinates": [ -100.359955, 25.618307 ] } },
{ "type": "Feature", "properties": { "sensor_index": 189469, "name": "Hospital Zambran Hellion TecSalud", "timestamp": "2026-09-09T01:16:19.952358+00:00", "pm1_0": 9.6, "pm2_5": 14.4, "latitude": 25.64684, "longitude": -100.33364 }, "geometry": { "type": "Point", "coordinates": [ -100.33364, 25.64684 ] } },
{ "type": "Feature", "properties": { "sensor_index": 208785, "name": "Colegio Cambridge de Monterrey Campus Anáhuac", "timestamp": "2026-09-09T01:16:19.952358+00:00", "pm1_0": 14.9, "pm2_5": 17.7, "latitude": 25.77144, "longitude": -100.26785 }, "geometry": { "type": "Point", "coordinates": [ -100.26785, 25.77144 ] } },
{ "type": "Feature", "properties": { "sensor_index": 209147, "name": "Rincon de San Jeronimo", "timestamp": "2026-09-09T01:16:19.952358+00:00", "pm1_0": 9.5, "pm2_5": 14.5, "latitude": 25.691032, "longitude": -100.375786 }, "geometry": { "type": "Point", "coordinates": [ -100.375786, 25.691032 ] } },
{ "type": "Feature", "properties": { "sensor_index": 227879, "name": "Rectoria", "timestamp": "2026-09-09T01:16:19.952358+00:00", "pm1_0": 10.8, "pm2_5": 13.8, "latitude": 25.651268, "longitude": -100.291214 }, "geometry": { "type": "Point", "coordinates": [ -100.291214, 25.651268 ] } },
{ "type": "Feature", "properties": { "sensor_index": 227887, "name": "Sensor_Purple_Air-Explanada_EGP-Entrada_Prin", "timestamp": "2026-09-09T01:16:19.952358+00:00", "pm1_0": 13.7, "pm2_5": 16.9, "latitude": 25.64419, "longitude": -100.3255 }, "geometry": { "type": "Point", "coordinates": [ -100.3255, 25.64419 ] } },
{ "type": "Feature", "properties": { "sensor_index": 227889, "name": "Parque central", "timestamp": "2026-09-09T01:16:19.952358+00:00", "pm1_0": 4.5, "pm2_5": 5.5, "latitude": 25.652395, "longitude": -100.28713 }, "geometry": { "type": "Point", "coordinates": [ -100.28713, 25.652395 ] } },
{ "type": "Feature", "properties": { "sensor_index": 227907, "name": "Estacionamiento Alumnos", "timestamp": "2026-09-09T01:16:19.952358+00:00", "pm1_0": 8.3, "pm2_5": 11.2, "latitude": 25.744081, "longitude": -100.28277 }, "geometry": { "type": "Point", "coordinates": [ -100.28277, 25.744081 ] } },
{ "type": "Feature", "properties": { "sensor_index": 227913, "name": "EGADE-Sombrillas", "timestamp": "2026-09-09T01:16:19.952358+00:00", "pm1_0": 12.8, "pm2_5": 16.9, "latitude": 25.643106, "longitude": -100.32573 }, "geometry": { "type": "Point", "coordinates": [ -100.32573, 25.643106 ] } },
{ "type": "Feature", "properties": { "sensor_index": 228003, "name": "EGL-Jardín Robótica", "timestamp": "2026-09-09T01:16:19.952358+00:00", "pm1_0": 11.9, "pm2_5": 16.2, "latitude": 25.61803, "longitude": -100.27554 }, "geometry": { "type": "Point", "coordinates": [ -100.27554, 25.61803 ] } },
{ "type": "Feature", "properties": { "sensor_index": 228001, "name": "C-MTY Explanada 2", "timestamp": "2026-09-09T01:16:19.952358+00:00", "pm1_0": 12.0, "pm2_5": 15.8, "latitude": 25.656332, "longitude": -100.20696 }, "geometry": { "type": "Point", "coordinates": [ -100.20696, 25.656332 ] } },
{ "type": "Feature", "properties": { "sensor_index": 228383, "name": "Estadio Banorte", "timestamp": "2026-09-09T01:16:19.952358+00:00", "pm1_0": 5.4, "pm2_5": 6.8, "latitude": 25.654228, "longitude": -100.28651 }, "geometry": { "type": "Point", "coordinates": [ -100.28651, 25.654228 ] } },
{ "type": "Feature", "properties": { "sensor_index": 228381, "name": "C-MTY RAMPA CAFETERÍA", "timestamp": "2026-09-09T01:16:19.952358+00:00", "pm1_0": 11.6, "pm2_5": 15.5, "latitude": 25.628263, "longitude": -100.30376 }, "geometry": { "type": "Point", "coordinates": [ -100.30376, 25.628263 ] } },
{ "type": "Feature", "properties": { "sensor_index": 228389, "name": "PEGS-Sensor-Canchas", "timestamp": "2026-09-09T01:16:19.952358+00:00", "pm1_0": 13.3, "pm2_5": 16.2, "latitude": 25.670425, "longitude": -100.35683 }, "geometry": { "type": "Point", "coordinates": [ -100.35683, 25.670425 ] } },
{ "type": "Feature", "properties": { "sensor_index": 228407, "name": "CEDES", "timestamp": "2026-09-09T01:16:19.952358+00:00", "pm1_0": 11.7, "pm2_5": 13.5, "latitude": 25.653677, "longitude": -100.29242 }, "geometry": { "type": "Point", "coordinates": [ -100.29242, 25.653677 ] } },
{ "type": "Feature", "properties": { "sensor_index": 278863, "name": "Rio Balsas", "timestamp": "2026-09-09T01:34:40.040736+00:00", "pm1_0": 12.0, "pm2_5": 15.5, "latitude": 25.662691, "longitude": -100.37312 }, "geometry": { "type": "Point", "coordinates": [ -100.37312, 25.662691 ] } },
{ "type": "Feature", "properties": { "sensor_index": 278869, "name": "Veredalta", "timestamp": "2026-09-09T01:34:40.040736+00:00", "pm1_0": 9.4, "pm2_5": 11.5, "latitude": 25.638226, "longitude": -100.3525 }, "geometry": { "type": "Point", "coordinates": [ -100.3525, 25.638226 ] } },
{ "type": "Feature", "properties": { "sensor_index": 278871, "name": "Parroquia Reina de Los Ángeles", "timestamp": "2026-09-09T01:34:40.040736+00:00", "pm1_0": 7.1, "pm2_5": 9.3, "latitude": 25.636341, "longitude": -100.36872 }, "geometry": { "type": "Point", "coordinates": [ -100.36872, 25.636341 ] } },
{ "type": "Feature", "properties": { "sensor_index": 278875, "name": "Secretaría de Relaciones Exteriores", "timestamp": "2026-09-09T01:34:40.040736+00:00", "pm1_0": 11.6, "pm2_5": 15.7, "latitude": 25.667723, "longitude": -100.38136 }, "geometry": { "type": "Point", "coordinates": [ -100.38136, 25.667723 ] } },
{ "type": "Feature", "properties": { "sensor_index": 278883, "name": "Mater International Institute", "timestamp": "2026-09-09T01:34:40.040736+00:00", "pm1_0": 9.4, "pm2_5": 12.2, "latitude": 25.641127, "longitude": -100.362755 }, "geometry": { "type": "Point", "coordinates": [ -100.362755, 25.641127 ] } },
{ "type": "Feature", "properties": { "sensor_index": 278889, "name": "Chipinque Meseta", "timestamp": "2026-09-09T01:34:40.040736+00:00", "pm1_0": 1.6, "pm2_5": 2.7, "latitude": 25.607624, "longitude": -100.355156 }, "geometry": { "type": "Point", "coordinates": [ -100.355156, 25.607624 ] } },
{ "type": "Feature", "properties": { "sensor_index": 278901, "name": "OFICINAS SAN PEDRO PARQUES", "timestamp": "2026-09-09T01:34:40.040736+00:00", "pm1_0": 8.5, "pm2_5": 10.7, "latitude": 25.644024, "longitude": -100.376305 }, "geometry": { "type": "Point", "coordinates": [ -100.376305, 25.644024 ] } },
{ "type": "Feature", "properties": { "sensor_index": 278919, "name": "Residencia Tabachín", "timestamp": "2026-09-09T01:34:40.040736+00:00", "pm1_0": 8.9, "pm2_5": 12.1, "latitude": 25.630367, "longitude": -100.34808 }, "geometry": { "type": "Point", "coordinates": [ -100.34808, 25.630367 ] } },
{ "type": "Feature", "properties": { "sensor_index": 278929, "name": "Rio Caura", "timestamp": "2026-09-09T01:34:40.040736+00:00", "pm1_0": 9.2, "pm2_5": 12.8, "latitude": 25.659946, "longitude": -100.38283 }, "geometry": { "type": "Point", "coordinates": [ -100.38283, 25.659946 ] } },
{ "type": "Feature", "properties": { "sensor_index": 278931, "name": "Residencia Platon", "timestamp": "2026-09-09T01:34:40.040736+00:00", "pm1_0": 8.7, "pm2_5": 11.4, "latitude": 25.630522, "longitude": -100.36023 }, "geometry": { "type": "Point", "coordinates": [ -100.36023, 25.630522 ] } },
{ "type": "Feature", "properties": { "sensor_index": 278937, "name": "Residencia Saqqara", "timestamp": "2026-09-09T01:34:40.040736+00:00", "pm1_0": 9.9, "pm2_5": 13.4, "latitude": 25.652473, "longitude": -100.349236 }, "geometry": { "type": "Point", "coordinates": [ -100.349236, 25.652473 ] } },
{ "type": "Feature", "properties": { "sensor_index": 278939, "name": "Residencia Rio Rosas", "timestamp": "2026-09-09T01:34:40.040736+00:00", "pm1_0": 10.6, "pm2_5": 13.9, "latitude": 25.656303, "longitude": -100.36027 }, "geometry": { "type": "Point", "coordinates": [ -100.36027, 25.656303 ] } },
{ "type": "Feature", "properties": { "sensor_index": 278951, "name": "Parque El Capitán", "timestamp": "2026-09-09T01:34:40.040736+00:00", "pm1_0": 13.5, "pm2_5": 17.4, "latitude": 25.663504, "longitude": -100.35734 }, "geometry": { "type": "Point", "coordinates": [ -100.35734, 25.663504 ] } },
{ "type": "Feature", "properties": { "sensor_index": 278957, "name": "Los Pinos", "timestamp": "2026-09-09T01:34:40.040736+00:00", "pm1_0": 9.0, "pm2_5": 12.8, "latitude": 25.672205, "longitude": -100.397354 }, "geometry": { "type": "Point", "coordinates": [ -100.397354, 25.672205 ] } },
{ "type": "Feature", "properties": { "sensor_index": 278959, "name": "Colegio Nobel", "timestamp": "2026-09-09T01:34:40.040736+00:00", "pm1_0": 9.3, "pm2_5": 13.0, "latitude": 25.657562, "longitude": -100.39641 }, "geometry": { "type": "Point", "coordinates": [ -100.39641, 25.657562 ] } },
{ "type": "Feature", "properties": { "sensor_index": 278955, "name": "Residencia San Mateo", "timestamp": "2026-09-09T01:34:40.040736+00:00", "pm1_0": 11.7, "pm2_5": 14.5, "latitude": 25.643766, "longitude": -100.31643 }, "geometry": { "type": "Point", "coordinates": [ -100.31643, 25.643766 ] } },
{ "type": "Feature", "properties": { "sensor_index": 279836, "name": "San Roberto International School San Agustin", "timestamp": "2026-09-09T01:34:40.040736+00:00", "pm1_0": 11.1, "pm2_5": 14.2, "latitude": 25.646032, "longitude": -100.338165 }, "geometry": { "type": "Point", "coordinates": [ -100.338165, 25.646032 ] } },
{ "type": "Feature", "properties": { "sensor_index": 279834, "name": "Colegio Ingles Campus Encino", "timestamp": "2026-09-09T01:34:40.040736+00:00", "pm1_0": 9.1, "pm2_5": 11.9, "latitude": 25.637669, "longitude": -100.33746 }, "geometry": { "type": "Point", "coordinates": [ -100.33746, 25.637669 ] } },
{ "type": "Feature", "properties": { "sensor_index": 279854, "name": "Pinos", "timestamp": "2026-09-09T01:34:40.040736+00:00", "pm1_0": 10.6, "pm2_5": 13.2, "latitude": 25.65975, "longitude": -100.349976 }, "geometry": { "type": "Point", "coordinates": [ -100.349976, 25.65975 ] } },
{ "type": "Feature", "properties": { "sensor_index": 279866, "name": "Lomas del Campestre", "timestamp": "2026-09-09T01:34:40.040736+00:00", "pm1_0": 9.8, "pm2_5": 12.9, "latitude": 25.638052, "longitude": -100.33173 }, "geometry": { "type": "Point", "coordinates": [ -100.33173, 25.638052 ] } },
{ "type": "Feature", "properties": { "sensor_index": 279890, "name": "María Desatadora de Nudos", "timestamp": "2026-09-09T01:34:40.040736+00:00", "pm1_0": 3.3, "pm2_5": 4.2, "latitude": 25.624146, "longitude": -100.37315 }, "geometry": { "type": "Point", "coordinates": [ -100.37315, 25.624146 ] } },
{ "type": "Feature", "properties": { "sensor_index": 279926, "name": "Parque Mississippi", "timestamp": "2026-09-09T01:34:40.040736+00:00", "pm1_0": 10.8, "pm2_5": 13.5, "latitude": 25.657495, "longitude": -100.36317 }, "geometry": { "type": "Point", "coordinates": [ -100.36317, 25.657495 ] } },
{ "type": "Feature", "properties": { "sensor_index": 280524, "name": "Privada Paso de la Sierra", "timestamp": "2026-09-09T01:34:40.040736+00:00", "pm1_0": 9.3, "pm2_5": 11.2, "latitude": 25.648457, "longitude": -100.36256 }, "geometry": { "type": "Point", "coordinates": [ -100.36256, 25.648457 ] } },
{ "type": "Feature", "properties": { "sensor_index": 280520, "name": "Irish International School Campus First School", "timestamp": "2026-09-09T01:34:40.040736+00:00", "pm1_0": 9.6, "pm2_5": 11.6, "latitude": 25.639212, "longitude": -100.34154 }, "geometry": { "type": "Point", "coordinates": [ -100.34154, 25.639212 ] } },
{ "type": "Feature", "properties": { "sensor_index": 280532, "name": "Museo La Milarca", "timestamp": "2026-09-09T01:34:40.040736+00:00", "pm1_0": 11.1, "pm2_5": 13.7, "latitude": 25.64443, "longitude": -100.32734 }, "geometry": { "type": "Point", "coordinates": [ -100.32734, 25.64443 ] } },
{ "type": "Feature", "properties": { "sensor_index": 280534, "name": "Residencia Savotino", "timestamp": "2026-09-09T01:34:40.040736+00:00", "pm1_0": 13.8, "pm2_5": 17.6, "latitude": 25.662497, "longitude": -100.36313 }, "geometry": { "type": "Point", "coordinates": [ -100.36313, 25.662497 ] } },
{ "type": "Feature", "properties": { "sensor_index": 280644, "name": "Residencia nogal", "timestamp": "2026-09-09T01:34:40.040736+00:00", "pm1_0": 1.5, "pm2_5": 2.4, "latitude": 25.61478, "longitude": -100.368286 }, "geometry": { "type": "Point", "coordinates": [ -100.368286, 25.61478 ] } },
{ "type": "Feature", "properties": { "sensor_index": 280900, "name": "Rio Necaxa", "timestamp": "2026-09-09T01:34:40.040736+00:00", "pm1_0": 13.1, "pm2_5": 16.7, "latitude": 25.65677, "longitude": -100.344666 }, "geometry": { "type": "Point", "coordinates": [ -100.344666, 25.65677 ] } },
{ "type": "Feature", "properties": { "sensor_index": 280902, "name": "Residencia Rio Pesqueria", "timestamp": "2026-09-09T01:34:40.040736+00:00", "pm1_0": 10.0, "pm2_5": 12.8, "latitude": 25.658936, "longitude": -100.37394 }, "geometry": { "type": "Point", "coordinates": [ -100.37394, 25.658936 ] } },
{ "type": "Feature", "properties": { "sensor_index": 284960, "name": "Esquina Barranquilla y Patagonia (Altavista)", "timestamp": "2026-09-09T01:34:40.040736+00:00", "pm1_0": 11.9, "pm2_5": 14.6, "latitude": 25.644045, "longitude": -100.29044 }, "geometry": { "type": "Point", "coordinates": [ -100.29044, 25.644045 ] } },
{ "type": "Feature", "properties": { "sensor_index": 286238, "name": "Oasis", "timestamp": "2026-09-09T01:34:40.040736+00:00", "pm1_0": 20.0, "pm2_5": 24.5, "latitude": 25.640884, "longitude": -100.30304 }, "geometry": { "type": "Point", "coordinates": [ -100.30304, 25.640884 ] } },
{ "type": "Feature", "properties": { "sensor_index": 286240, "name": "Casa Naranjos", "timestamp": "2026-09-09T01:34:40.040736+00:00", "pm1_0": 6.2, "pm2_5": 7.8, "latitude": 25.654285, "longitude": -100.28977 }, "geometry": { "type": "Point", "coordinates": [ -100.28977, 25.654285 ] } },
{ "type": "Feature", "properties": { "sensor_index": 288064, "name": "Terminal", "timestamp": "2026-09-09T01:34:40.040736+00:00", "pm1_0": 5.4, "pm2_5": 7.1, "latitude": 25.686438, "longitude": -100.29351 }, "geometry": { "type": "Point", "coordinates": [ -100.29351, 25.686438 ] } },
{ "type": "Feature", "properties": { "sensor_index": 288066, "name": "Hospital de San Vicente", "timestamp": "2026-09-09T01:34:40.040736+00:00", "pm1_0": 10.1, "pm2_5": 12.3, "latitude": 25.67851, "longitude": -100.324974 }, "geometry": { "type": "Point", "coordinates": [ -100.324974, 25.67851 ] } },
{ "type": "Feature", "properties": { "sensor_index": 288332, "name": "Facultad de Salud Pública y Nutrición", "timestamp": "2026-09-09T01:34:40.040736+00:00", "pm1_0": 9.5, "pm2_5": 12.7, "latitude": 25.688875, "longitude": -100.34783 }, "geometry": { "type": "Point", "coordinates": [ -100.34783, 25.688875 ] } },
{ "type": "Feature", "properties": { "sensor_index": 292893, "name": "TEC-AMM-RB-005", "timestamp": "2026-09-09T01:34:40.040736+00:00", "pm1_0": 2.1, "pm2_5": 3.0, "latitude": 25.658117, "longitude": -100.26312 }, "geometry": { "type": "Point", "coordinates": [ -100.26312, 25.658117 ] } },
{ "type": "Feature", "properties": { "sensor_index": 292895, "name": "TEC-AMM-RD-004", "timestamp": "2026-09-09T01:34:40.040736+00:00", "pm1_0": 17.4, "pm2_5": 22.1, "latitude": 25.774128, "longitude": -100.26622 }, "geometry": { "type": "Point", "coordinates": [ -100.26622, 25.774128 ] } },
{ "type": "Feature", "properties": { "sensor_index": 292889, "name": "TEC-AMM-RB-003", "timestamp": "2026-09-09T01:34:40.040736+00:00", "pm1_0": 8.1, "pm2_5": 10.5, "latitude": 25.654068, "longitude": -100.22748 }, "geometry": { "type": "Point", "coordinates": [ -100.22748, 25.654068 ] } },
{ "type": "Feature", "properties": { "sensor_index": 292891, "name": "TEC-AMM-RC-004", "timestamp": "2026-09-09T01:34:40.040736+00:00", "pm1_0": 16.1, "pm2_5": 18.9, "latitude": 25.639277, "longitude": -100.17398 }, "geometry": { "type": "Point", "coordinates": [ -100.17398, 25.639277 ] } },
{ "type": "Feature", "properties": { "sensor_index": 292901, "name": "TEC-AMM-RF-004", "timestamp": "2026-09-09T01:34:40.040736+00:00", "pm1_0": 8.4, "pm2_5": 10.4, "latitude": 25.738094, "longitude": -100.30651 }, "geometry": { "type": "Point", "coordinates": [ -100.30651, 25.738094 ] } },
{ "type": "Feature", "properties": { "sensor_index": 292901, "name": "TEC-AMM-RF-004", "timestamp": "2026-09-09T01:34:40.040736+00:00", "pm1_0": 8.4, "pm2_5": 10.4, "latitude": 25.73373, "longitude": -100.31656 }, "geometry": { "type": "Point", "coordinates": [ -100.31656, 25.73373 ] } },
{ "type": "Feature", "properties": { "sensor_index": 292897, "name": "TEC-AMM-RF-005", "timestamp": "2026-09-09T01:34:40.040736+00:00", "pm1_0": 8.9, "pm2_5": 11.6, "latitude": 25.770947, "longitude": -100.36825 }, "geometry": { "type": "Point", "coordinates": [ -100.36825, 25.770947 ] } },
{ "type": "Feature", "properties": { "sensor_index": 292905, "name": "TEC-AMM-RC-006", "timestamp": "2026-09-09T01:34:40.040736+00:00", "pm1_0": 21.1, "pm2_5": 27.6, "latitude": 25.608519, "longitude": -100.1551 }, "geometry": { "type": "Point", "coordinates": [ -100.1551, 25.608519 ] } },
{ "type": "Feature", "properties": { "sensor_index": 292941, "name": "TEC-AMM-RD-005", "timestamp": "2026-09-09T01:34:40.040736+00:00", "pm1_0": 8.8, "pm2_5": 11.6, "latitude": 25.760899, "longitude": -100.16765 }, "geometry": { "type": "Point", "coordinates": [ -100.16765, 25.760899 ] } },
{ "type": "Feature", "properties": { "sensor_index": 292943, "name": "TEC-AMM-RC-005", "timestamp": "2026-09-09T01:34:40.040736+00:00", "pm1_0": 12.2, "pm2_5": 16.2, "latitude": 25.646128, "longitude": -100.14929 }, "geometry": { "type": "Point", "coordinates": [ -100.14929, 25.646128 ] } },
{ "type": "Feature", "properties": { "sensor_index": 292939, "name": "TEC-AMM-RA-001", "timestamp": "2026-09-09T01:34:40.040736+00:00", "pm1_0": 10.5, "pm2_5": 13.2, "latitude": 25.658657, "longitude": -100.399 }, "geometry": { "type": "Point", "coordinates": [ -100.399, 25.658657 ] } },
{ "type": "Feature", "properties": { "sensor_index": 292949, "name": "TEC-AMM-RA-003", "timestamp": "2026-09-09T01:34:40.040736+00:00", "pm1_0": 11.6, "pm2_5": 14.2, "latitude": 25.661757, "longitude": -100.36972 }, "geometry": { "type": "Point", "coordinates": [ -100.36972, 25.661757 ] } },
{ "type": "Feature", "properties": { "sensor_index": 292951, "name": "TEC-AMM-RB-004", "timestamp": "2026-09-09T01:34:40.040736+00:00", "pm1_0": 14.9, "pm2_5": 19.3, "latitude": 25.66194, "longitude": -100.3313 }, "geometry": { "type": "Point", "coordinates": [ -100.3313, 25.66194 ] } },
{ "type": "Feature", "properties": { "sensor_index": 292947, "name": "TEC-AMM-RA-004", "timestamp": "2026-09-09T01:34:40.040736+00:00", "pm1_0": 14.6, "pm2_5": 18.2, "latitude": 25.684696, "longitude": -100.36298 }, "geometry": { "type": "Point", "coordinates": [ -100.36298, 25.684696 ] } },
{ "type": "Feature", "properties": { "sensor_index": 292957, "name": "TEC-AMM-RC-008", "timestamp": "2026-09-09T01:34:40.040736+00:00", "pm1_0": 22.2, "pm2_5": 29.7, "latitude": 25.731503, "longitude": -100.13724 }, "geometry": { "type": "Point", "coordinates": [ -100.13724, 25.731503 ] } },
{ "type": "Feature", "properties": { "sensor_index": 292973, "name": "TEC-AMM-RC-003", "timestamp": "2026-09-09T01:34:40.040736+00:00", "pm1_0": 14.2, "pm2_5": 18.2, "latitude": 25.684975, "longitude": -100.17443 }, "geometry": { "type": "Point", "coordinates": [ -100.17443, 25.684975 ] } },
{ "type": "Feature", "properties": { "sensor_index": 292983, "name": "TEC-AMM-RC-007", "timestamp": "2026-09-09T01:34:40.040736+00:00", "pm1_0": 17.7, "pm2_5": 24.9, "latitude": 25.650148, "longitude": -100.11657 }, "geometry": { "type": "Point", "coordinates": [ -100.11657, 25.650148 ] } },
{ "type": "Feature", "properties": { "sensor_index": 292997, "name": "TEC-AMM-RF-004", "timestamp": "2026-09-09T01:34:40.040736+00:00", "pm1_0": 9.1, "pm2_5": 12.1, "latitude": 25.738094, "longitude": -100.30651 }, "geometry": { "type": "Point", "coordinates": [ -100.30651, 25.738094 ] } },
{ "type": "Feature", "properties": { "sensor_index": 292997, "name": "TEC-AMM-RF-004", "timestamp": "2026-09-09T01:34:40.040736+00:00", "pm1_0": 9.1, "pm2_5": 12.1, "latitude": 25.73373, "longitude": -100.31656 }, "geometry": { "type": "Point", "coordinates": [ -100.31656, 25.73373 ] } },
{ "type": "Feature", "properties": { "sensor_index": 292999, "name": "TEC-AMM-RE-002", "timestamp": "2026-09-09T01:34:40.040736+00:00", "pm1_0": 12.5, "pm2_5": 16.0, "latitude": 25.772509, "longitude": -100.31119 }, "geometry": { "type": "Point", "coordinates": [ -100.31119, 25.772509 ] } },
{ "type": "Feature", "properties": { "sensor_index": 293001, "name": "TEC-AMM-RF-006", "timestamp": "2026-09-09T01:34:40.040736+00:00", "pm1_0": 12.2, "pm2_5": 16.3, "latitude": 25.71829, "longitude": -100.37077 }, "geometry": { "type": "Point", "coordinates": [ -100.37077, 25.71829 ] } },
{ "type": "Feature", "properties": { "sensor_index": 293003, "name": "TEC-AMM-RB-006", "timestamp": "2026-09-09T01:34:40.040736+00:00", "pm1_0": 3.7, "pm2_5": 4.8, "latitude": 25.676483, "longitude": -100.29272 }, "geometry": { "type": "Point", "coordinates": [ -100.29272, 25.676483 ] } },
{ "type": "Feature", "properties": { "sensor_index": 293469, "name": "Leon Ortigosa ABP", "timestamp": "2026-09-09T01:34:40.040736+00:00", "pm1_0": 13.6, "pm2_5": 18.4, "latitude": 25.67212, "longitude": -100.33521 }, "geometry": { "type": "Point", "coordinates": [ -100.33521, 25.67212 ] } },
{ "type": "Feature", "properties": { "sensor_index": 293465, "name": "Loma Larga", "timestamp": "2026-09-09T01:34:40.040736+00:00", "pm1_0": 12.8, "pm2_5": 18.2, "latitude": 25.665812, "longitude": -100.34373 }, "geometry": { "type": "Point", "coordinates": [ -100.34373, 25.665812 ] } },
{ "type": "Feature", "properties": { "sensor_index": 293467, "name": "UMF37", "timestamp": "2026-09-09T01:34:40.040736+00:00", "pm1_0": 10.1, "pm2_5": 13.1, "latitude": 25.687622, "longitude": -100.342964 }, "geometry": { "type": "Point", "coordinates": [ -100.342964, 25.687622 ] } },
{ "type": "Feature", "properties": { "sensor_index": 33027, "name": "Lagos del Bosque", "timestamp": "2026-09-09T01:34:40.040736+00:00", "pm1_0": 5.5, "pm2_5": 8.5, "latitude": 25.600061, "longitude": -100.26256 }, "geometry": { "type": "Point", "coordinates": [ -100.26256, 25.600061 ] } },
{ "type": "Feature", "properties": { "sensor_index": 33117, "name": "Liceo de Monterrey", "timestamp": "2026-09-09T01:34:40.040736+00:00", "pm1_0": 16.5, "pm2_5": 25.0, "latitude": 25.650322, "longitude": -100.32849 }, "geometry": { "type": "Point", "coordinates": [ -100.32849, 25.650322 ] } },
{ "type": "Feature", "properties": { "sensor_index": 34441, "name": "Callejon de los Ayala", "timestamp": "2026-09-09T01:34:40.040736+00:00", "pm1_0": 4.2, "pm2_5": 7.2, "latitude": 25.6665, "longitude": -100.3976 }, "geometry": { "type": "Point", "coordinates": [ -100.3976, 25.6665 ] } },
{ "type": "Feature", "properties": { "sensor_index": 34499, "name": "San Patricio #106", "timestamp": "2026-09-09T01:34:40.040736+00:00", "pm1_0": 0.0, "pm2_5": 0.0, "latitude": 25.641743, "longitude": -100.3472 }, "geometry": { "type": "Point", "coordinates": [ -100.3472, 25.641743 ] } },
{ "type": "Feature", "properties": { "sensor_index": 34511, "name": "Rosario", "timestamp": "2026-09-09T01:34:40.040736+00:00", "pm1_0": 3.2, "pm2_5": 5.0, "latitude": 25.640432, "longitude": -100.392265 }, "geometry": { "type": "Point", "coordinates": [ -100.392265, 25.640432 ] } },
{ "type": "Feature", "properties": { "sensor_index": 38663, "name": "Rayon Norte", "timestamp": "2026-09-09T01:34:40.040736+00:00", "pm1_0": 14.2, "pm2_5": 19.1, "latitude": 25.678823, "longitude": -100.319695 }, "geometry": { "type": "Point", "coordinates": [ -100.319695, 25.678823 ] } },
{ "type": "Feature", "properties": { "sensor_index": 42211, "name": "RF", "timestamp": "2026-09-09T01:34:40.040736+00:00", "pm1_0": 7.3, "pm2_5": 10.5, "latitude": 25.61638, "longitude": -100.316124 }, "geometry": { "type": "Point", "coordinates": [ -100.316124, 25.61638 ] } },
{ "type": "Feature", "properties": { "sensor_index": 305140, "name": "Bicla", "timestamp": "2026-09-09T01:34:40.040736+00:00", "pm1_0": 6.9, "pm2_5": 9.6, "latitude": 25.700935, "longitude": -100.33541 }, "geometry": { "type": "Point", "coordinates": [ -100.33541, 25.700935 ] } },
{ "type": "Feature", "properties": { "sensor_index": 305164, "name": "NuevaMaderoDave", "timestamp": "2026-09-09T01:34:40.040736+00:00", "pm1_0": 8.3, "pm2_5": 10.9, "latitude": 25.688787, "longitude": -100.27929 }, "geometry": { "type": "Point", "coordinates": [ -100.27929, 25.688787 ] } },
{ "type": "Feature", "properties": { "sensor_index": 305192, "name": "11a avenida cumbres 1 sector", "timestamp": "2026-09-09T01:34:40.040736+00:00", "pm1_0": 12.2, "pm2_5": 15.2, "latitude": 25.69958, "longitude": -100.35898 }, "geometry": { "type": "Point", "coordinates": [ -100.35898, 25.69958 ] } },
{ "type": "Feature", "properties": { "sensor_index": 305232, "name": "PurpleAir Ancira Mty", "timestamp": "2026-09-09T01:34:40.040736+00:00", "pm1_0": 16.5, "pm2_5": 22.1, "latitude": 25.651157, "longitude": -100.3062 }, "geometry": { "type": "Point", "coordinates": [ -100.3062, 25.651157 ] } },
{ "type": "Feature", "properties": { "sensor_index": 43627, "name": "Liceo de Monterrey Rosemont", "timestamp": "2026-09-09T01:34:40.040736+00:00", "pm1_0": 6.9, "pm2_5": 8.4, "latitude": 25.67425, "longitude": -100.35398 }, "geometry": { "type": "Point", "coordinates": [ -100.35398, 25.67425 ] } },
{ "type": "Feature", "properties": { "sensor_index": 45769, "name": "Huascaran", "timestamp": "2026-09-09T01:34:40.040736+00:00", "pm1_0": 13.2, "pm2_5": 16.5, "latitude": 25.637255, "longitude": -100.399216 }, "geometry": { "type": "Point", "coordinates": [ -100.399216, 25.637255 ] } },
{ "type": "Feature", "properties": { "sensor_index": 308956, "name": "Jardín de las carreras", "timestamp": "2026-09-09T01:34:40.040736+00:00", "pm1_0": 7.7, "pm2_5": 10.6, "latitude": 25.650595, "longitude": -100.289 }, "geometry": { "type": "Point", "coordinates": [ -100.289, 25.650595 ] } },
{ "type": "Feature", "properties": { "sensor_index": 49949, "name": "El Horizonte", "timestamp": "2026-09-09T01:34:40.040736+00:00", "pm1_0": 1.1, "pm2_5": 2.2, "latitude": 25.677492, "longitude": -100.29761 }, "geometry": { "type": "Point", "coordinates": [ -100.29761, 25.677492 ] } },
{ "type": "Feature", "properties": { "sensor_index": 50555, "name": "Treviño", "timestamp": "2026-09-09T01:34:40.040736+00:00", "pm1_0": 0.0, "pm2_5": 0.0, "latitude": 25.638243, "longitude": -100.36743 }, "geometry": { "type": "Point", "coordinates": [ -100.36743, 25.638243 ] } },
{ "type": "Feature", "properties": { "sensor_index": 50871, "name": "TEC Garza Laguera", "timestamp": "2026-09-09T01:34:40.040736+00:00", "pm1_0": 11.8, "pm2_5": 17.2, "latitude": 25.61827, "longitude": -100.27293 }, "geometry": { "type": "Point", "coordinates": [ -100.27293, 25.61827 ] } },
{ "type": "Feature", "properties": { "sensor_index": 321194, "name": "Ramsesgs", "timestamp": "2026-09-09T01:34:40.040736+00:00", "pm1_0": 11.5, "pm2_5": 15.0, "latitude": 25.61975, "longitude": -100.29781 }, "geometry": { "type": "Point", "coordinates": [ -100.29781, 25.61975 ] } },
{ "type": "Feature", "properties": { "sensor_index": 119937, "name": "Grupo Reforma Cumbres", "timestamp": "2026-09-09T01:34:40.040736+00:00", "pm1_0": 3.1, "pm2_5": 6.8, "latitude": 25.71012, "longitude": -100.37474 }, "geometry": { "type": "Point", "coordinates": [ -100.37474, 25.71012 ] } },
{ "type": "Feature", "properties": { "sensor_index": 119965, "name": "Grupo Reforma El Norte", "timestamp": "2026-09-09T01:34:40.040736+00:00", "pm1_0": 0.0, "pm2_5": 2.1, "latitude": 25.674164, "longitude": -100.30816 }, "geometry": { "type": "Point", "coordinates": [ -100.30816, 25.674164 ] } },
{ "type": "Feature", "properties": { "sensor_index": 121825, "name": "Grupo Reforma Sierra Madre", "timestamp": "2026-09-09T01:34:40.040736+00:00", "pm1_0": 3327.9, "pm2_5": 3327.9, "latitude": 25.663378, "longitude": -100.36808 }, "geometry": { "type": "Point", "coordinates": [ -100.36808, 25.663378 ] } },
{ "type": "Feature", "properties": { "sensor_index": 136522, "name": "Bosques de La Pastora", "timestamp": "2026-09-09T01:34:40.040736+00:00", "pm1_0": 0.0, "pm2_5": 0.1, "latitude": 25.65773, "longitude": -100.251625 }, "geometry": { "type": "Point", "coordinates": [ -100.251625, 25.65773 ] } },
{ "type": "Feature", "properties": { "sensor_index": 147010, "name": "Santa Barbara", "timestamp": "2026-09-09T01:34:40.040736+00:00", "pm1_0": 7.5, "pm2_5": 10.4, "latitude": 25.661701, "longitude": -100.38932 }, "geometry": { "type": "Point", "coordinates": [ -100.38932, 25.661701 ] } },
{ "type": "Feature", "properties": { "sensor_index": 174781, "name": "Colegio Cambridge de Monterrey Campus Mitras", "timestamp": "2026-09-09T01:34:40.040736+00:00", "pm1_0": 9.5, "pm2_5": 11.1, "latitude": 25.696613, "longitude": -100.348114 }, "geometry": { "type": "Point", "coordinates": [ -100.348114, 25.696613 ] } },
{ "type": "Feature", "properties": { "sensor_index": 174787, "name": "Colegio Cambridge de Monterrey Campus Norte", "timestamp": "2026-09-09T01:34:40.040736+00:00", "pm1_0": 15.8, "pm2_5": 18.0, "latitude": 25.779613, "longitude": -100.28022 }, "geometry": { "type": "Point", "coordinates": [ -100.28022, 25.779613 ] } },
{ "type": "Feature", "properties": { "sensor_index": 189431, "name": "BEA", "timestamp": "2026-09-09T01:34:40.040736+00:00", "pm1_0": 10.4, "pm2_5": 16.5, "latitude": 25.65725, "longitude": -100.35996 }, "geometry": { "type": "Point", "coordinates": [ -100.35996, 25.65725 ] } },
{ "type": "Feature", "properties": { "sensor_index": 189435, "name": "Olinalá", "timestamp": "2026-09-09T01:34:40.040736+00:00", "pm1_0": 1.4, "pm2_5": 2.2, "latitude": 25.618986, "longitude": -100.37645 }, "geometry": { "type": "Point", "coordinates": [ -100.37645, 25.618986 ] } },
{ "type": "Feature", "properties": { "sensor_index": 189447, "name": "Río Amazonas NO", "timestamp": "2026-09-09T01:34:40.040736+00:00", "pm1_0": 11.1, "pm2_5": 15.8, "latitude": 25.662104, "longitude": -100.37172 }, "geometry": { "type": "Point", "coordinates": [ -100.37172, 25.662104 ] } },
{ "type": "Feature", "properties": { "sensor_index": 189455, "name": "CHIPINQUE CAV", "timestamp": "2026-09-09T01:34:40.040736+00:00", "pm1_0": 2.0, "pm2_5": 3.8, "latitude": 25.618307, "longitude": -100.359955 }, "geometry": { "type": "Point", "coordinates": [ -100.359955, 25.618307 ] } },
{ "type": "Feature", "properties": { "sensor_index": 189469, "name": "Hospital Zambran Hellion TecSalud", "timestamp": "2026-09-09T01:34:40.040736+00:00", "pm1_0": 9.4, "pm2_5": 15.2, "latitude": 25.64684, "longitude": -100.33364 }, "geometry": { "type": "Point", "coordinates": [ -100.33364, 25.64684 ] } },
{ "type": "Feature", "properties": { "sensor_index": 208785, "name": "Colegio Cambridge de Monterrey Campus Anáhuac", "timestamp": "2026-09-09T01:34:40.040736+00:00", "pm1_0": 17.0, "pm2_5": 20.8, "latitude": 25.77144, "longitude": -100.26785 }, "geometry": { "type": "Point", "coordinates": [ -100.26785, 25.77144 ] } },
{ "type": "Feature", "properties": { "sensor_index": 209147, "name": "Rincon de San Jeronimo", "timestamp": "2026-09-09T01:34:40.040736+00:00", "pm1_0": 9.8, "pm2_5": 14.1, "latitude": 25.691032, "longitude": -100.375786 }, "geometry": { "type": "Point", "coordinates": [ -100.375786, 25.691032 ] } },
{ "type": "Feature", "properties": { "sensor_index": 227879, "name": "Rectoria", "timestamp": "2026-09-09T01:34:40.040736+00:00", "pm1_0": 7.4, "pm2_5": 9.5, "latitude": 25.651268, "longitude": -100.291214 }, "geometry": { "type": "Point", "coordinates": [ -100.291214, 25.651268 ] } },
{ "type": "Feature", "properties": { "sensor_index": 227887, "name": "Sensor_Purple_Air-Explanada_EGP-Entrada_Prin", "timestamp": "2026-09-09T01:34:40.040736+00:00", "pm1_0": 13.7, "pm2_5": 16.9, "latitude": 25.64419, "longitude": -100.3255 }, "geometry": { "type": "Point", "coordinates": [ -100.3255, 25.64419 ] } },
{ "type": "Feature", "properties": { "sensor_index": 227889, "name": "Parque central", "timestamp": "2026-09-09T01:34:40.040736+00:00", "pm1_0": 3.2, "pm2_5": 4.0, "latitude": 25.652395, "longitude": -100.28713 }, "geometry": { "type": "Point", "coordinates": [ -100.28713, 25.652395 ] } },
{ "type": "Feature", "properties": { "sensor_index": 227907, "name": "Estacionamiento Alumnos", "timestamp": "2026-09-09T01:34:40.040736+00:00", "pm1_0": 10.7, "pm2_5": 13.8, "latitude": 25.744081, "longitude": -100.28277 }, "geometry": { "type": "Point", "coordinates": [ -100.28277, 25.744081 ] } },
{ "type": "Feature", "properties": { "sensor_index": 227913, "name": "EGADE-Sombrillas", "timestamp": "2026-09-09T01:34:40.040736+00:00", "pm1_0": 12.1, "pm2_5": 15.8, "latitude": 25.643106, "longitude": -100.32573 }, "geometry": { "type": "Point", "coordinates": [ -100.32573, 25.643106 ] } },
{ "type": "Feature", "properties": { "sensor_index": 228003, "name": "EGL-Jardín Robótica", "timestamp": "2026-09-09T01:34:40.040736+00:00", "pm1_0": 10.4, "pm2_5": 14.5, "latitude": 25.61803, "longitude": -100.27554 }, "geometry": { "type": "Point", "coordinates": [ -100.27554, 25.61803 ] } },
{ "type": "Feature", "properties": { "sensor_index": 228001, "name": "C-MTY Explanada 2", "timestamp": "2026-09-09T01:34:40.040736+00:00", "pm1_0": 18.0, "pm2_5": 24.6, "latitude": 25.656332, "longitude": -100.20696 }, "geometry": { "type": "Point", "coordinates": [ -100.20696, 25.656332 ] } },
{ "type": "Feature", "properties": { "sensor_index": 228383, "name": "Estadio Banorte", "timestamp": "2026-09-09T01:34:40.040736+00:00", "pm1_0": 4.2, "pm2_5": 5.7, "latitude": 25.654228, "longitude": -100.28651 }, "geometry": { "type": "Point", "coordinates": [ -100.28651, 25.654228 ] } },
{ "type": "Feature", "properties": { "sensor_index": 228381, "name": "C-MTY RAMPA CAFETERÍA", "timestamp": "2026-09-09T01:34:40.040736+00:00", "pm1_0": 10.6, "pm2_5": 14.2, "latitude": 25.628263, "longitude": -100.30376 }, "geometry": { "type": "Point", "coordinates": [ -100.30376, 25.628263 ] } },
{ "type": "Feature", "properties": { "sensor_index": 228389, "name": "PEGS-Sensor-Canchas", "timestamp": "2026-09-09T01:34:40.040736+00:00", "pm1_0": 13.3, "pm2_5": 16.1, "latitude": 25.670425, "longitude": -100.35683 }, "geometry": { "type": "Point", "coordinates": [ -100.35683, 25.670425 ] } },
{ "type": "Feature", "properties": { "sensor_index": 228407, "name": "CEDES", "timestamp": "2026-09-09T01:34:40.040736+00:00", "pm1_0": 5.5, "pm2_5": 6.7, "latitude": 25.653677, "longitude": -100.29242 }, "geometry": { "type": "Point", "coordinates": [ -100.29242, 25.653677 ] } }
]
}
